{"pool_account":"LiDoU8ymvYptqxenJ4YpcURBchn4ef63tcbdznBCKJh","pool_token_mint":"4q19vhpG6y4ZeMPLQiUNNaJStb8XivCFQy4m4mdnVnQZ","authority":"pG6noYMPVR9ykNgD4XSNa6paKKGGwciU2LckEQPDoSW","amp":50,"fee_numerator":1000000,"admin_numerator":0,"precision_factor":9,"precision_multiplier":[1012,1000,0,0],"token_ids":["7dHbWXmci3dT8UFYWYZweBLXgycu7Y3iL6trKn1Y7ARj","So11111111111111111111111111111111111111112"],"tokens":{"7dHbWXmci3dT8UFYWYZweBLXgycu7Y3iL6trKn1Y7ARj":{"tag":"","name":"","mint":"7dHbWXmci3dT8UFYWYZweBLXgycu7Y3iL6trKn1Y7ARj","addr":"FqLtqRJvoVNYU5Xpcgp5FNPv8cXCZw7CiNddjQ4nqkRo","scale":9},"So11111111111111111111111111111111111111112":{"tag":"","name":"","mint":"So11111111111111111111111111111111111111112","addr":"9gizzFG33czvcTzn5N4V23uunV6YR55UNW8ow6qNPoX3","scale":9}}}