{"pool_account":"MAR1zHjHaQcniE2gXsDptkyKUnNfMEsLBVcfP7vLyv7","pool_token_mint":"7HqhfUqig7kekN8FbJCtQ36VgdXKriZWQ62rTve9ZmQ","authority":"GcJckEnDiWjpjQ8sqDKuNZjJUKAFZSiuQZ9WmuQpC92a","amp":50,"fee_numerator":1000000,"admin_numerator":0,"precision_factor":9,"precision_multiplier":[1000,1019,0,0],"token_ids":["So11111111111111111111111111111111111111112","mSoLzYCxHdYgdzU16g5QSh3i5K3z3KZK7ytfqcJm7So"],"tokens":{"So11111111111111111111111111111111111111112":{"tag":"","name":"","mint":"So11111111111111111111111111111111111111112","addr":"EWy2hPdVT4uGrYokx65nAyn2GFBv7bUYA2pFPY96pw7Y","scale":9},"mSoLzYCxHdYgdzU16g5QSh3i5K3z3KZK7ytfqcJm7So":{"tag":"","name":"","mint":"mSoLzYCxHdYgdzU16g5QSh3i5K3z3KZK7ytfqcJm7So","addr":"GM48qFn8rnqhyNMrBHyPJgUVwXQ1JvMbcu3b9zkThW9L","scale":9}}}