{"pool_account":"SoLw5ovBPNfodtAbxqEKHLGppyrdB4aZthdGwpfpQgi","pool_token_mint":"GHhDU9Y7HM37v6cQyaie1A3aZdfpCDp6ScJ5zZn2c3uk","authority":"8RXqdSRFGLX8iifT2Cu5gD3fG7G4XcEBWCk9X5JejpG3","amp":50,"fee_numerator":1000000,"admin_numerator":0,"precision_factor":9,"precision_multiplier":[1,1,0,0],"token_ids":["So11111111111111111111111111111111111111112","9EaLkQrbjmbbuZG9Wdpo8qfNUEjHATJFSycEmw6f1rGX"],"tokens":{"So11111111111111111111111111111111111111112":{"tag":"","name":"","mint":"So11111111111111111111111111111111111111112","addr":"9odMAiRbk5aDEbFWeYrsLZAS54C7XdBUv63t4oMRcWkM","scale":9},"9EaLkQrbjmbbuZG9Wdpo8qfNUEjHATJFSycEmw6f1rGX":{"tag":"","name":"","mint":"9EaLkQrbjmbbuZG9Wdpo8qfNUEjHATJFSycEmw6f1rGX","addr":"9AnyD3bAeTsFvFPjYj12FMaDERBHX3vNKuuHJqZsKH6D","scale":9}}}