{"names_2_pool":{"CA":{"address":"jLwedJ83sbgTmhdyWeiS3StKyEADRQioPCfXcSVqF4d","nonce":255,"authority":"DeP6MsLUnEkxN9e5QnBHNqWG7Q5jxd74xfZ19deqEpMm","poolTokenMint":"q3y7Wtri2ym3F6yoaqZcTarnPwR8HNS2Q9QigTfrSK5","poolTokenDecimals":2,"feeAccount":"CnjHxf4aUCZHiQhJYC86eAroNmCG6pDh7mgGw5JNWQnw","tokenIds":["37HNX4xYuRAMrinMvhyKAykNqh5xrSdvpx4c3Mgz9DL9","HUZP3qBDFALbkdSnWXGXh1J2LhcpV1w32DxyftoCgpRN"],"tokens":{"37HNX4xYuRAMrinMvhyKAykNqh5xrSdvpx4c3Mgz9DL9":{"tag":"C","name":"C","mint":"37HNX4xYuRAMrinMvhyKAykNqh5xrSdvpx4c3Mgz9DL9","scale":2,"addr":"FhXjLu34yjqZtNL7n43BfKu4kdGxq7za7SGwH6DhnYC5"},"HUZP3qBDFALbkdSnWXGXh1J2LhcpV1w32DxyftoCgpRN":{"tag":"A","name":"A","mint":"HUZP3qBDFALbkdSnWXGXh1J2LhcpV1w32DxyftoCgpRN","scale":2,"addr":"HbceMRtjqsV7XFKdACjBk1xpwwBFL3WnN4Ymwe4mxPdc"}},"curveType":0,"feeStructure":{"traderFee":{"numerator":25,"denominator":10000},"ownerFee":{"numerator":5,"denominator":10000}},"amp":0},"BA":{"address":"5MVdaLmWxBwaGBisy8YB648QdPhLUztdBExBXUoyLFrX","nonce":255,"authority":"ECYpRcJAaJPvqCfiAxtR1kjH1otW3qcBe2szHCpKmchm","poolTokenMint":"BXix4sh4WY8PZdKrWvTgsbEkjCkARoYCEjZ3s7gaomyq","poolTokenDecimals":2,"feeAccount":"7FegUfjiEyMQsTXjsf3c9qnjbasC7EekpxHFFFtz8MRT","tokenIds":["HUZP3qBDFALbkdSnWXGXh1J2LhcpV1w32DxyftoCgpRN","28xzReAi3TGQLZYR1bneQS8rE4QLvkSXgXVK6US5xxoF"],"tokens":{"28xzReAi3TGQLZYR1bneQS8rE4QLvkSXgXVK6US5xxoF":{"tag":"B","name":"B","mint":"28xzReAi3TGQLZYR1bneQS8rE4QLvkSXgXVK6US5xxoF","scale":2,"addr":"9i99b5Wk5HGvDL6UyyXH4MTYg3m7WUodDiLaCMno9kAf"},"HUZP3qBDFALbkdSnWXGXh1J2LhcpV1w32DxyftoCgpRN":{"tag":"A","name":"A","mint":"HUZP3qBDFALbkdSnWXGXh1J2LhcpV1w32DxyftoCgpRN","scale":2,"addr":"6YdxWAXW39vg3dy1vov4FPbvCDKP5Uu43UMk7qgm5HZA"}},"curveType":0,"feeStructure":{"traderFee":{"numerator":25,"denominator":10000},"ownerFee":{"numerator":5,"denominator":10000}},"amp":0},"CB":{"address":"3y6XpB5VbsciMULh8zAS3CLsiZKAGtMAq1gLoCadcFyR","nonce":254,"authority":"C2V9dqGWGMT5wgc7sZossHjHgK8uUjXRgXxChfvsLUmf","poolTokenMint":"J2wS7A1WH9AhpRDtpX6Wk8FBDWrEDJbAbUcW37WJHtRf","poolTokenDecimals":2,"feeAccount":"3eiE5CSVkeok7ZqARA99HNYWDav6VPsVpGkJGa9Cn2SV","tokenIds":["28xzReAi3TGQLZYR1bneQS8rE4QLvkSXgXVK6US5xxoF","37HNX4xYuRAMrinMvhyKAykNqh5xrSdvpx4c3Mgz9DL9"],"tokens":{"28xzReAi3TGQLZYR1bneQS8rE4QLvkSXgXVK6US5xxoF":{"tag":"B","name":"B","mint":"28xzReAi3TGQLZYR1bneQS8rE4QLvkSXgXVK6US5xxoF","scale":2,"addr":"3rKEvFBgvfXG3KvdaZwV7cfZWcW8xf1TKWK2UsE94D9m"},"37HNX4xYuRAMrinMvhyKAykNqh5xrSdvpx4c3Mgz9DL9":{"tag":"C","name":"C","mint":"37HNX4xYuRAMrinMvhyKAykNqh5xrSdvpx4c3Mgz9DL9","scale":2,"addr":"8uE3WYT6dkGrGeBcjdb5ng2iFiFQnGxwicPrYdsNVyri"}},"curveType":0,"feeStructure":{"traderFee":{"numerator":25,"denominator":10000},"ownerFee":{"numerator":5,"denominator":10000}},"amp":0}},"name_2_idx":{"C":0,"B":2,"A":1},"all_tokens":[{"tag":"C","name":"C","mint":"37HNX4xYuRAMrinMvhyKAykNqh5xrSdvpx4c3Mgz9DL9","scale":2,"addr":"FhXjLu34yjqZtNL7n43BfKu4kdGxq7za7SGwH6DhnYC5"},{"tag":"A","name":"A","mint":"HUZP3qBDFALbkdSnWXGXh1J2LhcpV1w32DxyftoCgpRN","scale":2,"addr":"HbceMRtjqsV7XFKdACjBk1xpwwBFL3WnN4Ymwe4mxPdc"},{"tag":"B","name":"B","mint":"28xzReAi3TGQLZYR1bneQS8rE4QLvkSXgXVK6US5xxoF","scale":2,"addr":"9i99b5Wk5HGvDL6UyyXH4MTYg3m7WUodDiLaCMno9kAf"}],"token_addrs":[[218,101,152,141,197,112,235,41,103,49,6,137,39,104,102,103,176,249,119,244,27,192,254,117,77,182,111,215,177,161,200,38],[246,153,10,135,192,102,255,245,216,87,159,236,57,206,13,72,199,164,96,236,91,5,188,99,85,212,246,78,75,198,91,219],[129,103,133,137,56,3,60,202,65,231,133,158,212,107,91,128,154,124,15,203,33,233,160,249,135,133,58,35,224,235,17,252],[82,101,58,32,229,53,97,170,63,79,154,91,169,156,51,123,79,112,250,89,31,183,219,31,173,99,27,211,243,20,118,73],[42,89,117,30,55,161,156,127,119,243,187,192,61,227,167,194,126,139,252,100,135,205,28,107,232,116,199,180,240,75,92,196],[117,98,194,53,25,25,244,231,40,28,141,68,151,48,220,98,216,20,17,103,109,2,14,102,244,182,162,139,228,179,26,147]],"graph_idxs":[0,1,2,1,2,0],"graph_tokens":[{"tag":"C","name":"C","mint":"37HNX4xYuRAMrinMvhyKAykNqh5xrSdvpx4c3Mgz9DL9","scale":2,"addr":"FhXjLu34yjqZtNL7n43BfKu4kdGxq7za7SGwH6DhnYC5"},{"tag":"A","name":"A","mint":"HUZP3qBDFALbkdSnWXGXh1J2LhcpV1w32DxyftoCgpRN","scale":2,"addr":"HbceMRtjqsV7XFKdACjBk1xpwwBFL3WnN4Ymwe4mxPdc"},{"tag":"B","name":"B","mint":"28xzReAi3TGQLZYR1bneQS8rE4QLvkSXgXVK6US5xxoF","scale":2,"addr":"9i99b5Wk5HGvDL6UyyXH4MTYg3m7WUodDiLaCMno9kAf"},{"tag":"A","name":"A","mint":"HUZP3qBDFALbkdSnWXGXh1J2LhcpV1w32DxyftoCgpRN","scale":2,"addr":"6YdxWAXW39vg3dy1vov4FPbvCDKP5Uu43UMk7qgm5HZA"},{"tag":"B","name":"B","mint":"28xzReAi3TGQLZYR1bneQS8rE4QLvkSXgXVK6US5xxoF","scale":2,"addr":"3rKEvFBgvfXG3KvdaZwV7cfZWcW8xf1TKWK2UsE94D9m"},{"tag":"C","name":"C","mint":"37HNX4xYuRAMrinMvhyKAykNqh5xrSdvpx4c3Mgz9DL9","scale":2,"addr":"8uE3WYT6dkGrGeBcjdb5ng2iFiFQnGxwicPrYdsNVyri"}]}