{"BdRzTEKb7Qdu4tWts5zXjwcpQErZxEzvShKZ5QcthMag":"5b8dVrQNzKLEBL8igE48CjV7hoYh2sbqXfoEAcDGxpyA","HRUJLwEAZAhtMnieuZ7qkrcoUttN4N7sgUtWddUTq6DQ":"9XNyLEyH4ase8n3HqgDgkpTBHgkpqb1eFivnR4u6nBwi","8BBtLkoaEyavREriwGUudzAcihTH9SJLAPBbgb7QZe9y":"H4uiBqrFyWX9KRyPiPy86PC2dxEny8MpguCrZDySVVmv","6X8mSGmh6NvugSYpGQ1LZGY7ULwSpo2KL4rVoN5yPcmM":"FZhViYF37LTYeoZicQk8hZQ72bKCRxd1HUPyTQEVGYXc","FXhPPTu4WXYZLvuheyLiL532AaYFCbeP3mZN3CUwkZy6":"H6icphn31f45K5oV95adzgi8L5PVN7Y1fzRfEAW7r7FC","13SiVjqfxqfWZ3i2AbDZpiDmL7oxuf1wWfbqNcWBJ52S":"G91zdDZXiy6ZiCrkrCxNKErHKr7YkXmreF5mZ9sTQRGA","8Bb7qoCHng8Y1N1owWw1UqASvHRoWw2Ryns5QwEb2p1v":"4LMC11zMSsvk1X8SPHFhAiYDLxvrCs6mJouRyGmD6i5P","Hqk7eB5q6gmDeH5b8bHJrRjWJ3wKkArXoNuY2LiCXfYv":"E89rDNQHVcQrLEqzsred9WcMQvJdNcsBUYeLoSjramzJ","3DZ96FB2rujUDhmuqkwRLfCh7ABEfnLH4AfyfVCM74Vu":"5mXKwcRv1J7m3aV1f8L6UWz41337QVLh6PCTfUdwvcku","6gajxtdWsm46yy8Btedr8DHmrr78cg554eQWp4WHBbgo":"4HqiFVt8nHbgUGSd7EaJwd6ukDLEAxSsYzoshzD3oRJw","HfsedaWauvDaLPm6rwgMc6D5QRmhr8siqGtS6tf2wthU":"DaFhf2RE6zQJPc7352dAHYqe6novg4mR8xm7qFSs1AZi","HCE4wQXApNyFBTK7gYa98QCYbshCz7EkH8axNz3ahvKc":"4fNY1WyGpKefmUQRXcB1C3TLu8Mr1uPGxE4LhmvK1PK7","EqimahPtpP3q9XNyJMWeqQLyXXdiGXU42X7KJr4WGaqm":"Ht47TeRFtUD38J9nWwyekWfUESnE63mwYv9SUdfQRR7R","4KvCseiB6zv588tLuQtwXzXp58S8RobaAtGZiQJRx3Xo":"BNFk2VbYWS4JGhS3ePR8eTvQ18CXtMatzV5gLJWGDGKv","5mVyYunnpv8ZdRrqNYQaecTrN4mFPK2pZjCvhMnUZiTd":"A8bsa7Y5wqzpjs4XCM28npmFarQdNYUkHU4qqjk1F4oM","461R7gK9GK1kLUXQbHgaW9L6PESQFSLGxKXahvcHEJwD":"8jLre9rkDtRosEtVrtfGReT8sgxtSTct8MCDe4umZVHw","9qhuXHS7r5k2WKpbUsTQmEFo4Q38yjii12mxm31F1Hmh":"2xLTtqnsEJ18cQyS5W11c31SyEcovwcewCYSqPR9MnYP","2SSnWNrc83otLpfRo792P6P3PESZpdr8cu2r8zCE6bMD":"8Bk84nTrFzE8UtfbATyuSwZ9ekyBCWtSViqFL4bDpsNj","59wEKBnyrgZMhHAtCYaoWrr7rFotakUTPj9QhBu5aVyJ":"4bHYdti7Nj8k3WnRQXRVZZxeP6C8MM9S4jHv38abYfmj","5WSgaKbwpuy18jHg7mCUXY8YhTL2zVZZkeXi844YTLob":"5eyon2MArMbHJSXGqo6j1F8bU1Kr34Jvbu4QpkovLUrT","EzWTVoDrtH9MnwpcXK7cFuAQzKH2V4HfMhgXd5T9vYn5":"G4wHtGebLYrk16RxweMNFxgVDkNtMjTeWPw5UFJA25Yr","GX26tyJyDxiFj5oaKvNB9npAHNgdoV9ZYHs5ijs5yG2U":"G5JydVtheK7aScwyrVjTbvmmNwwUTvr5FC9XAxmp8qWZ","2gxF2PAHuW46bNcwiH7AbjfocvereNBkJT7gas3vbeiu":"9GF1uqNvYqCR2JNSgDdFecbi2FCpirBAyJTywpUmjyep","4FPFh1iAiitKYMCPDBmEQrZVgA1DVMKHZBU2R7wjQWuu":"m2qMaRdc5B39iM26E9qMheQ85EXfcWSdMxtmjiTgGAY","FfiqqvJcVL7oCCu8WQUMHLUC2dnHQPAPjTdSzsERFWjb":"4gzTNwd5X62dJb3j33CiWHPWFZBxoAdfzDt8eXXQrVfy","2JYtpRB51ShaB7i4eaQyx6QYqWFmm38CAakFSMP8xush":"6CBRfV9gcuoJwFb1oLsaNnJX9w85yH9T5eYAapj71wM6","BbvuvK8WPZeif6tHgKknijvEi3LXaipDhQegrYDqewmc":"7ioXTxpbfgPic6eVk4vq3NeM1gSpTbn5vWigPU6krowz","2UpuTQXrtbPwNSn8e4oXCvdVXqjGuRjvUmosq7iyBCFx":"CEkanZahHvEZQgEWCBU1EkkKh6B66Ac9ucrGN3CJrW88","Cq1ddwyWSGrydBzAS7imQUiDQz66Lq9Qriz7CmpLda9s":"2eidWD7TNA12qAnSGqBeZKAF2nKuFeyDMJ2weGNULrv8","8mGtAoxqxJGZQGFgUWZrzxvRrB6rQU6J6NQLjCBiiVmg":"CxJresCcyC4872xKXCDNvB8FH6wC9whLavhibecmGL9j","GKxLre9ytjqB7SfMLKzFz65aSWM2Nn6EVGGpAfXKGUCe":"GCZCjkJUkdyX6W3zNVUNhEHTDL6MPu4dqUmz5tGc3AEz","2VDiUJATXD5i7YX3hwWwmC2Y4ozAj7JEEWvXvr34NV8v":"EzdFNUJHGS3HDf4EN3ZMH86geyaRm9F44P9MbRS2cLbf","7xy4r55rLu2QYeSGwTGDCBKEYERDX98f6kQLn9Zre6S3":"3EHYS9fP7WcyYy4fsG5uq7zs4zUQyCwA6GbBDnCVLeM4","AAfgwhNU5LMjHojes1SFmENNjihQBDKdDDT1jog4NV8w":"HBfykx9bKLsxRtK3VGucS9M2eJ1MSbhFCruZqPS9hfzy","Dvm8jjdAy8uyXn9WXjS2p1mcPeFTuYS6yW2eUL9SJE8p":"DfQ5CUq9bQg2g8bSEdnmGtkYwpm8ogvAkGppi5wmSbcC","3JR9wrufTbpT7rGzKJi3hGja7ZD9bd6VEEHhANiA9Hhu":"HRTfYTwc31Bfc9J2X4J9kVKU15Bjz8G9UUsfuqmYEsus","BEZX5euDoe2xMfLothLcuAVRUEVJyndPV1Jfo13MbnZD":"8grkxKYPqdhACr5cvZQTQ6znwvdfBqL5qbEViNWjV4Lf","AdmfUBJ64BTsjaZdtu1iQHAtxJ4Ge7Zw5bNMsrLGdZu7":"58RudF5vJ3xyZhVCtueP7uGAjBsmCmEt7ccDgRbkdvJ2","9sUSmgx78tt692hzwiRdBdfwjxPF6nsYeJfPCrTz6vxm":"BdVFJHH9Haf6QzWu4SLgqquQDxbETXGzWHREw1UQRktd","E14BKBhDWD4EuTkWj1ooZezesGxMW8LPCps4W5PuzZJo":"6aAXrmcGuR6PtSoHKc9mawdycJhi1j9rY1Y9HyL8Xqmn","DhmedYCzs57hspLjP3SKd3NRcsvDbuPSQdooSQof4vek":"EZePXmLcNEFeL7GswQnirQynHqxZQt5yo5sMd6D6ovey","GqC1DJ3xhVnYdAETnBRRYF3Aynhz351dZaefquAxQsxR":"6xtVoL4tbWGRWjX2XLRT9TANY4Urc5DUffnAKjFVnEgK","9QLC6UNMvBWQVr8ddAcVkkDDjNt8jd2ZGopEV9tuASxb":"9zCYNe8nXWdfJztNvNvRsUjZcL8z4xYwfPC9yoEkecpo","FWAToA9TY8sFfD7EHVcADKgTvWoegtXcT2HpCrVKUCEA":"EEqajXs5CWQiNi619zXTWfC9hH3iiv82R2QYKNtzmoK8","AZfRcnRtDdBo858m8TU58LG4VFGwhfzkC95UXNB4qAWk":"7mmGU7HPzapGDSaRZfkTrLTXSamwD44NkHajnoJ3n7Vs","Hvn4jvBKF2ii24JXXrFYD6vLMrMd62p9cvan7Gr4BEHA":"4HDBcD2UPFfdjC8R8gD5QLBD2TGuLmQ5oy1gkgHNc4np","DvmDTjsdnN77q7SST7gngLydP1ASNNpUVi4cNfU95oCr":"FXStLG3XTCn4UbDmnC4MfaM6fGYFcFk3vH5WrFWLj6k4","CjsuF2gB28KqgniogCbbpp7FDMBwAkTawEN3gYKsgfS8":"5ow5QneKExgDFZT2M85NCvetPYP4F6fnaTD9tvPx8ay5","3fgxs2LcqmHTvPCpuzkfrMgXMHhq7aBSX61gSQCXf75n":"2mTLSLt71z1uxUEVZScvgfNwmCJajKokHTX84WkGY4UX","3SGeuz8EXsyFo4HHWXQsoo8r4r5RdZkt7TuuTZiVbKc8":"DcL9c5L4eWSm3Jdr8wPXFfonWULZVXT9TuqLHmcKt8TJ","J9ww1yufRNDDbUbDXmew2mW2ozkx7cme7dMvKjMQVHrL":"GGwKhT6oHw2yv19LCKWpxWeMbduWZT6WnR4Uxj4nDeNK","2WghiBkDL2yRhHdvm8CpprrkmfguuQGJTCDfPSudKBAZ":"CsmPDA2xJN8ncQe4f9VsGzk3SGg9skrN1ptm7N2X9bBN","FGYAizUhNEC9GBmj3UyxdiRWmGjR3TfzMq2dznwYnjtH":"JAEiaYv1tLMQxg2hZLhP1d1DqjvjXxyGSR4CSucGGpHL","68K1XjPhT5afNB9uazc9ov8XK3DFeuGFnKtFjX8EU3w5":"89rFudAJhHVeGNpxv5Ci35SEHxWFcWXzMUwD3HagSsu3","97qCB4cAVSTthvJu3eNoEx6AY6DLuRDtCoPm5Tdyg77S":"nfjjngevuyfgrTKaeuPWdKM6BYcDV9onUAD2WcgGPWt","HYC4AzvMvphd4DtKXSyLww188qCZrbTXFjEqDShe1GgM":"5mL4H8PsTaRZbua5AskqZxDkE9CNmtvtNswZ1nuCehaJ","J2XSt77XWim5HwtUM8RUwQvmRXNZsbMKpp5GTKpHafvf":"CAVZ5ouBCkymJD9MjgfUDd6HwkyqbM52fYXoCfTjMHfT","CM1i8dGf2tkAFfKQGuS1gPAaMJmgGgpfCUgjc8oRSrtF":"H8pw6WKNBMrTcudyii3AAJCea33o1eQrYzkLJMq5sei4","CDYafmdHXtfZadhuXYiR7QaqmK9Ffgk2TA8otUWj9SWz":"6YvfoH5CPwwpmzhkBcvUJmtpeY7McsEu7YVBcMSiAud8","HWHvQhFmJB3NUcu1aihKmrKegfVxBEHzwVX6yZCKEsi1":"HaUfXr4tdNwXrbMJVSqRBnMhZsH2wGRRQ7m2WamJxBhB","5zmZq5Ydz3R5h5kf7wVb3KPJEZrNDUHWVbtjXZTQ4fv3":"5bh4pwFC89FmGt27aboAgnzz7gbdxxJpashuSc2EunQr","LgJKrXfwHJ2uFqkayPxrpNVw2Gdb3FQQEikF8kAuPFE":"2krkTJMNSCzkzEC5bL3eBEdrttG3MoUJ9HZPbq95QboY","8dUZBSu31bPXa6Ub7JR5FeZfYfZUxCqpZ5DRWYG6m8Wk":"J8VTVUG6SmTdbkMEhZg9jLTMSSaML9Ju1E3KqfBPgF2j","9XY76rSTfSDNVfavma1bgwGn9FF6Sw5F4bqxKMnAFtWV":"BQmUg31Laip1z1VuxUEYi17giwcVU3C2rfjdSc6xpgeb","GNmTGd6iQvQApXgsyvHepDpCnvdRPiWzRr8kzFEMMNKN":"5ADfzcG8KefkcQpu8iQ389GKfKHLm4gzdbCNPQFV4g7e","2Emb4Niq8j4dPLYeoKecvGms8P2GWXYCiao14DpKu1b9":"9f3PCke1wNzFLG6FSWyV1CLsJMbKZjzPZkNpCpadpGhs","CAww1itfT8rFeTCJCLZqTq9anZ7FpC8NzULNLcJMG4Qa":"G2sGVitUx5XDnBjjJxDdX4hjrcL1EPvc61fQrY7m7yRm","9rv5BXWaRvkZBtRCiPskERWUerK888CtJaXNw2fH7QgL":"6eD3BWD99tMjdRHzxz4ajxQatZ2X8LhAeuRu7FSv1BRh","46jD4hpmvUAbhKaoAjdzFkY82VW1j9SMTEYFGcTor8Ww":"Ghuy9uE6rnaqM2DqgRkvHHUXdx8gmj4rgYPbKU9ca2Ye","JCDYjsqWARYGp3JdLgck49ZmPUaVsk2cNnErSFuMcjHf":"8MikkdcQypTP9sFUyZHXpfWXbHZGajDZSkDNj57No7JZ","5DgXgvgTnXzg12xJCRQnRmqWV4nNaRGabPM7ALcCaZby":"CGkvd6cz4ycxCeZfcJEMx7Astx3TJGR6G33cRbCU7ePB","FPWz4J3gTEPRqezWARNct6EwBsuv9ahs2mqEwEmsCTjX":"4UvEXX4aRGSAeMpwpYfXich8L8pfzgqM1XFZBRic8vvf","9HXwwjYkemjH8Yx14ezUikFcScskZncZciKv4juLD8Y7":"BmiyMg14ZDriNkCGCrJE4fE1x6Sz9oEN2JfANaAedEun","3uWVMWu7cwMnYMAAdtsZNwaaqeeeZHARGZwcExnQiFay":"Pyo5sN76uQBjxtWyhKH3qQhhNvRf4KhC3G8WSDnYBmB","7h3Pda8GwRg83NifksuZNx9xBS6voe1DyxGrQb6JqfB7":"G67AjXVtazjKcLjJWpDtGHBivVihsAQ7MpdbHC6irVyD","2wr3Ab29KNwGhtzr5HaPCyfU1qGJzTUAN4amCLZWaD1H":"93a2mZBiZmoNS2abCg6rACAEQpW5JNpyPHd5NW5kJ8Jh","EbtdM5qD52MBb8mKLXfFc2G8wpzP4mMhtsdAJzvZ9tfC":"BEH3Y8CHajGxde2ZsCEz7mqguBp14ZinvrmZxZYhomNe","22grAkQCHu3ZSggL1jh58aTbcEvhCRHQMZXwrx9jrG9k":"JCVs9a5bpcRYeRqTXH8dxcaEUubbMHPRhsWXr9SpECZc","G1uoNqQzdasMUvXV66Eki5dwjWv5N9YU8oHKJrE4mfka":"Zti2jn53SRnGvcqtncaC8Sc5PGjviFvhXAFqrkH44vr","KrGK6ZHyE7Nt35D7GqAKJYAYUPUysGtVBgTXsJuAxMT":"DZgAvYEz6JCNkv3eDQLKmCbd2AAJwtnN7qCGFRGXQUsL","HCyhGnC77f7DaxQEvzj59g9ve7eJJXjsMYFWo4t7shcj":"6CaUSLwGBY5iYE3NKDNAHTAX1HC1PaJHB882q52nJNuz","HVFpsSP4QsC8gFfsFWwYcdmvt3FepDRB6xdFK2pSQtMr":"4ikKDWqvsZXcdN6fqWqLsKnXXH6etdfTGM92Wpx3RExN","Qk3rC2HaHtmqSPH32G2Yr97J3pLCtfeMy9Wz6xbJj5C":"4NVrdNHErtcERFZJYk39ePGyTbj9jLJUxVKTxKu2Yxir","HwQ4ar5qe2QGB3MBQqPB3DVi2U3FJSLBnVYcazPaAFyN":"EPnSzr5d84kP1GsdwTA8AEzG6kEhkDPEAU8zLrqfufNA","4oMTpkSYkrrBq8zxGwV9QDTwK5d62r9R4ekrmBCqDp8f":"EFxwmSVSnaifFR674XSLnifUQ4gYu4tQF38JZR99iVZ5","3ZxVF8KFnVpT3aNRFNUBLeyCZMHSPBDdE6XnL9WXQwuK":"FJc8Ly7kedSfUXyT1Rd8W7Ue9vVy5XL1tEqvci2En2qG","CHjzcLQSjGE4rb4KfWhpa3iRUf9PDxFgYJrNSLaLQDWc":"29D3SWg2ztxL97Y6HxP87nNk8RrWck3zKJD3iYjJnBXR","EXF3mbBWcFsS6bD87GDSGgCjoH8Rhxb9AbcEcJgkJw89":"9LQLTr9yiUvGuwFuVVrapajS6D2E3HUYemXbC4wC48NE","J1U6JbTwmhtw7oXa8CBrdNvbKuMf4zoTMerEoR2G6Vvn":"AJ2iKkLozQahGEaXNraPp8eT39wiM7TJppXM7o9akPMx","ErcKrcgAV3Tb1qykg6BCUh8PUVkoQahtDkwyJic8jsMn":"9H3k6sn1EcLcG8hqSUmus6mkAYiK6fxSYKD9NHnRkCo3","FwZ2GLyNNrFqXrmR8Sdkm9DQ61YnQmxS6oobeH3rrLUM":"9VUMQzDcZMHGuRHDFCQaPUCdrAnXnC9TwdJ9SZdDNyc8","J3JcSC428ahZSW1VGFggdYXqXvijAcfY3LgrgYgFTWP8":"4Cz9CSLyv4afUHLPnUVuHzXyrFaybjt28dHMk1ow1GSC","9W86gpgJY1CDBgvnCZQH9tb1v2yyukEfM3qnFSMmuQrs":"4Wp9we49KFC2ePscrpEZfSChriUwaJRGVSRaiFGLj7P3","2JiQd14xAjmcNEJicyU1m3TVbzQDktTvY285gkozD46J":"2wSAxTowR3WE3mU7nTNNVRNwN6EbjvLTfj42yiQoDpLo","HLsH8gTBLjBsbZ6wue61oxLexVv37UZSPccw6YWikoCA":"GM2NQucVqyF9eMdLqLgfcveLpo53ZubMLsh6KyxfdkhT","8WmckvEoVGZvtN8knjdzFGbWJ3Sr4BcWdyzSYuCrD4YK":"ARhvWcwzaBomXYdd6STFJmyMe61z24yUYxCYddMX5fkH","7Xxxxd7yEj2pU5bcvuTBHsPXPoVzWsbh6htDzViYBawk":"CeZKv6NSfDbGV8zScyhwDUgaMufCFbnHyWXfF7Kkrcbp","7QwEMFeKS8mPACndc9EzpgoqKbQhpBm1N4JCtzjGEyR7":"2mqUtunTEs6qnuKYvmCSUsJJzfsb6PutiK85RDBuN1JC","14swEM4G2dn7gXUgnqBcJ4ZSAjBEZgavPfbderkm38D7":"5HDZz6WfPB743JfZ1UTAvhNrfArqJ8eA37GJQ7fUmtgY","GGkhBT3zWrkGsrSCYW8pF2hYfBSYfzvcJd1PH844ULMV":"Zd6WU8GAKrNWYa89JbVizmKYZxri9eZtHFPxNXVEgJa","36xvFyc7Tgst5WoLzohFEPTc5jzct181HuUunrT67SRj":"GCWT4y6gWE4gg9VoyKYQEiRfKmiBMVcMQCAXtTSJwYiz","HfjS66SzVEqFxAa8nSQnqHA7SnfygWqGTVz6LFS7q4zu":"3CXrYnrMTcxESzq8a2g9qfc4idL3A7HLu6Q8ofubkV4Y","5D1Tf8zmoWC9cUUjKmo2gvdHb77WTaSBZiBpacAoTDbS":"BvxQfASq8iJyAccxTCmyJgptwBqcQw8QSj9DXnJJKRf2","HwdKmPBUE1xigJKqyhLG92zWYkXFWR7T3eRHnxpVqvpQ":"AaxbTTUGEhVjMx6eYoSkV8CBteL8rUxKTXBTuymDWw7H","GXde1EjpxVV5fzhHJcZqdLmsA3zmaChGFstZMjWsgKW7":"Ee9T9wn8iKodb7MHqGGvm3oByzBzHc3KkFYZu8j9CJMz","BfcGZBoDoZb82DonxWCBCRu3B6vqjQxArWzkrV5Q2tL9":"2zZVyxiUo8r8gLmMWz5ue6ZakymucZMNSjcWo3fg5QBT","B95oZN5HCLGmFAhbzReWBA9cuSGPFQAXeuhm2FfpdrML":"5MQGC46Yta2sc2GLiv5PvgqoD9cXmFAFcCxcT7JRN87J","CnUV42ZykoKUnMDdyefv5kP6nDSJf7jFd7WXAecC6LYr":"Fvtn8GiVKXUWxjd9u22Fewm4JWgQYFzJwxQpk37R2H4Z","2YqCaodHzKRwJ6pyS2boVVmrSmDXceyGPspLhXwjEUUb":"E7beDuKbA5zp6L7M6wGiVTy1zWJLfVt3HP5C8CforKEW","DYfigimKWc5VhavR4moPBibx9sMcWYVSjVdWvPztBPTa":"CdNZq9fRNmhJZUQun5S5kyS72aUj1uvTd4mphMqQZPvn","71CtEComq2XdhGNbXBuYPmosAjMCPSedcgbNi5jDaGbR":"9xLMA4CZHyZR9P4MPTPUTVDmy5ZFpR3GiRa2E3F8YtXE","56ZFVzqMqtDmyry9bK7vi1szUV2nuQ4kT6CzFAB649wE":"F2AZSshTgF8Pf7pqc7Hd1V2cyiwLL7HXq3Q8PpjSvAEP","6Fcw8aEs7oP7YeuMrM2JgAQUotYxa4WHKHWdLLXssA3R":"6Tv8q5Jr84gWfv3uuLjak7RR1MivbXGnsWPJDyEYEt45","FR3SPJmgfRSKKQ2ysUZBu7vJLpzTixXnjzb84bY3Diif":"6jLrPA6D1KLfKGyaFSKXTBGYzWYbgzyB1aZHv9jGrazF","BUF1JfyS3zQMLJ3PMUX4CcLumx1vZsgAfiDzEDgi8iwL":"38nNuv1tun9tTZhbqg1kspLmn8r3ZDjaWeqFBop9xWk3","8FpuMGLtMZ7Wt9ZvyTGuTVwTwwzLYfS5NZWcHxbP1Wuh":"DHxewPFUD3mVK4b74rFibkWtfmMLdk1dPPQhSmPCLFL3","Bn6NPyr6UzrFAwC4WmvPvDr2Vm8XSUnFykM2aQroedgn":"A8nc4S2z4numkGGBCb66xj2sfMPEqdwCaNuhm9DCLkVd","3KLNtqA8H4Em36tifoTHNqTZM6wiwbprYkTDyVJbrBuu":"Azi12P3qTudKffHzk76VCq2JWCRegdzf6AsfsgJNUayq","6daXtRnEzKoaMPzdauiAdPz8rDRGoEwE7yVxYeadExy3":"2u8syDRr6P6uZe7y8tmthNCSfgFKa5vbLPq5zweQzVnp","2MvXnxngd1gKp6gE8Q63wiPHSpveWcx8x4wf43VpyiA6":"CuzX7Ut5Ski1kYM2ULGd89U5RkX4zwoMieKqKQprsuAg","CtLUvMyGDEP9dkwo9yR93s4H7eibUpUHmVUd9YSKJsPJ":"2gbwnfih3sUr7VUfESd234ejWMZhstxfzaqSQwSkx6GV","4VCnuHoo6A3XhQ9YrD6YZWQKVvLxVGzHTB2opNyQi7bz":"hDUaDR4CyLGoNqyf7ifmNB29ub4vp6dM4cF1qd4r98v","6pQMoHDC2o8eeFxyTKtfnsr8d48hKFWsRpLHAqVHH2ZP":"5JuYc9CNVw6n7sxpXEoSKo71P7whZsPdc6t3fBJzPHza","5nBgHudwWorsegYBxNsFBUFdYVmmZjUUwPJgQ2n3pFMH":"AvEwr7B5Tqx9WdMN9pKbdE8d9mvAuEw2qy3Pbody3LvZ","4iQ4BRcg6E7hNB384TzhQAjjVYnweMkQh5WFC2t8JNjw":"HvDo72FqGyeX8bxMX5UFWC4PCudvprjzeMzaZcQjwvJW","GJW4qMeUpoocpFLw1wfugex6vGyP5pu2yLTxUimX9mDK":"Yep9NrruAzzVCLkeiTyZxbk4kvZ3pu5A7mGAWwrGqQZ","76d1Gv8649Fhn7HtZTxaPCMFA4fYxaQ3jbna7pGMGA6":"FXAQagcBGdJPHMQ37C2wbSnDtx2VbeJTReBAdX6v1gBm","DvbiPxKzuXZPcmUcYDqBz1tvUrXYPsNrRAjSeuwHtmEA":"5bQb5p2cZNX3PchRwQEvvRmsvqzVzwPwebcUJiKBJdHn","5PqLnysygwZt6i6Quf1aNC2J4676DSbDroff94W7oYod":"8Ue33PhVUTKXgeAoiNx7pUavEbNz2u8SmugBu5xbuHAy","AtNnsY1AyRERWJ8xCskfz38YdvruWVJQUVXgScC1iPb":"2kc8W6wcntjZVgnsUbMJHTPtf4hcDU9yg1rvqoUik3Vz","8inqBe7D12XJ6tMAzpLCGYpjazWFXG1Ue5q3UZ6X1FM3":"6UzY2VCkEbtuix2jitFuHsjNn4UY6s4KuaZfYmp5nydv","6ihVCauPWV5hTg6uUCtdtpkqhEUsTkxuKxaTYDNa3vsM":"BtHtHocyGbPMcPJBHpFSTTAPrsQsydGj4mXiJew41yv2","eYJn1SMJhM6G9suhhVYtt28SbAXCswqKe6UKbq7pYLk":"93UUZZZhfZ576bWWc2tvfcrBQfDmmUNemKUQU5fsCaEq","45iQdsVu2wGEWhwsNnzwvW1RVmTWP5VBF1QZ8KFJuvwU":"8FjnYKP7ctoPDKn43MacboqdFF3rt49WrChu66uGyESk","6JYHjaQBx6AtKSSsizDMwozAEDEZ5KBsSUzH7kRjGJon":"H4zripy4CkABAecAE985iRK1FHV3mtcXV5xvGDRwL9NZ","8afKwzHR3wJE7W7Y5hvQkngXh6iTepSZuutRMMy96MjR":"BZzDvuH2R3tQybNxgdBLSAEvW6YfkgTMcKDVPhjryVwg","4ztJEvQyryoYagj2uieep3dyPwG2pyEwb2dKXTwmXe82":"9ooqdWDu8Gt3hpXRZV7HHoHDKZPfoUhwpkxabJGStyfd","6JZge6qaTTxCguazAgMaQCpEVBfEoZzSLxELSF8uoPPv":"9asqcxEY5hBYvZW7FJryT1G8xnsQa4uEe2UMg9P7yjoD","GcUnHQMHfUB3o2sJtThGXXFeyiwbUUvkUtJYvqBFAgrQ":"CjfiGaAi46JYYTAT2GL4hBoffMsJepj2dAjsP9PgGjPm","BoHojHESAv4McZx9gXd1bWTZMq25JYyGz4qL1m5C3nvk":"KG5Y9SPSLQxHcX2jFYzjdTxfCLG5TdiurJDegi8rSB2","9qCKRivUcXaoe6BdpM6nPv2tKiNBwDiM6jxgudJuuNBE":"94L7vQA7FFpZjxmM5pqepdhwbCSMjceNQ82E7BySbbVu","Eg8a9ZicLPSyak4CiXfiMeJK6jmHq57Xx5ag5GY6vcDj":"3UHcxxmySwpjBPhuBacHJjjCuUrUo4jpRvvJsnFqiyr4","Ea9gCEver8DBYUGSCVtFkftkF4xSeWmJG8qDbUHrv4NQ":"6nm9ZaEyrTeuojmS597UW8ACbx7dhSMKnMDzQDMe9Bo2","GKLev6UHeX1KSDCyo2bzyG6wqhByEzDBkmYTxEdmYJgB":"aRUhwwVQJxHxYLV4BnCFA2PZYU6t5kS5ZK4VrVMCA23","2QCfZRxyDCKKgB16AXj4kcYCJJAht58MpiXHcmMuCJMb":"3Bbc9u4kRiW9qJGnUqAH3r79u5ghFFGy3H3wa2p7YWpD","Bn3MaLNppQuELf8hskSyPDSBhPMW75PQr6X3exy4VJrF":"3M2iFDqzVbJCjoAY78HRCgmLoexkhAaT3VxvVwLK9VwB","CgJceMFxan6xk9UnVM2q6U7Jr1t9xXyMUaMfxuFEyPWH":"JD9kymFWVGDzYGuj6mYgM5W6rV35S5HpNmFx2U1DBeZ6","BkJVRQZ7PjfwevMKsyjjpGZ4j6sBu9j5QTUmKuTLZNrq":"41fvwkZVUDs1vjuQHfhoVkwGtKtKtPAuXCU3AHPuU6EF","FbZF6hevYa8m6cQK5ApMH2fTpFboXSnutdPMn3m5akwj":"5VGBGmo4D2QEtCbZrfhQ7stkMrMye1dY7LQfgrqeRvd7","4xyWjQ74Eifq17vbue5Ut9xfFNfuVB116tZLEpiZuAn8":"5RPxDiFBsfhVB2z4BpAAhPpd4MpK2g2SRMCuceuVdZmM","8UKWGdmWuscW5cK7x4warGUFSXptTgKorhFwAaGHp6Zw":"E5KizMyzrEUv3N88VpRjJWzdp9r3nB1nsgmwc8HcfptT","wtePW13tTkiuFH2R8qgGLVBdEqXUin61VhZpBWBZDVs":"Dh4xEpdsgSbvvKPw7Ycdcuxkr2zqLm9NCVwPNqfT2Hi","7tbVwVtmWVfBfgKPy1URtzCDGCB3uXKYWEt21CBLaCue":"6i6yqAhHVsqLiqW3x5R1qMk33yDaGvZsVQL3buVHQJeM","8nXjHLfiR6wB22J7VBGeKjsRiSa54Eu7cgL17GE4kJUw":"5ChrVjoASqm9jTbsfF8psQQWUsC5rucmfDtn8iCwFjzt","GekRdc4eD9qnfPTjUMK5NdQDho8D9ByGrtnqhMNCTm36":"65Syd7XjexAJVtkULf7XJ46howk5QqgZAnxaeTNobz7r","82jpxEY8AHUaBQJF5RpKVQTRUNhmixTf1seYH6chLHsU":"5qnyPEtxVrX4aP4Gw5cwsW5zXEF7yzVcR2LUhkKcaGxb","BTUSB3yTsXB6VZrMUcFWQMacPVCpRpzVGLuzsz5TGqAB":"7spW1c6BcTHTdv6ZPdnfo22SDHxJrunga7rakuur795P","GcoKtAmTy5QyuijXSmJKBtFdt99e6Buza18Js7j9AJ6e":"47co2BynKeC2wuBsnneCqJzQPaRiXzGBD5JheT8XDygV","HRgYivDbGrJGGS4Uw8HxQnSKJRAb6EU1wncbsSGXP8M5":"9ExViMLatWWdW7xkqvTWh9inguUpjHY1vb1FGQS6bMZ7","97tCGtxWywJXkudCtderXZoQpTWXyWDQoLq13dqexScH":"4DfR2iwkzmaF36hkNN9woNFqzNT2NEJQwWPKE2ZzYYwu","8Gdhg2SrrCFPct9zaywcmujy8vXoKp1SYGsUhVWcqD4C":"C5m96UT4LGo1bWTUTPAJS9SUyBWeqjHGjuoFjaVmw9EU","HBfdGEMeQQpGogC3Li4uhRqZxGZAVLM9zimt31vdtSdA":"3dJRjdxjEedjG5eZ8DgvySCxmD7v4Lu1XtaZYNVKsc7D","3FE2g3cadTJjN3C7gNRavwnv7Yh9Midq7h9KgTVUE7tR":"Hoc4NVWJf96zSRmNvhJstowD2Hw5r5KDssNxn7uCNs4o","B8L7mjHL3xm6iYo8n7r7SigvFYqg6pwQdJdeGSuPQTfD":"2W882AainS5rGMJhZTL5iLnU2j51UAVz7VyTXxrVCuSV","5WVBCaUPZF4HP3io9Z56N71cPMJt8qh3c4ZwSjRDeuut":"2g5pTWkngA9ThNzYsYDTNigYHiVsRFNo6smMKaRmFKww","AVxdeGgihchiKrhWne5xyUJj7bV2ohACkQFXMAtpMetx":"HRtFaVESxhWYcirzt3wvd8oNc512SXeaqYBJCsyGHLvS","3tc776fxiBNuEzr2JwrimMdUdayJx2qZ6BhEpJUB2Vf8":"4dSFDGbzkNNqoYa6Qovh4SQYBaqbaEELMytpV6AvNZd4","BHfFJM36MirbBtLCcnZokwRvxUPxk7Ez6EAT6k44q6Go":"AuPiY6uAFEgRWExLQU5PmEAEZoYM7i28WXWCfnLnCpPA","FjkwTi1nxCa1S2LtgDwCU8QjrbGuiqpJvYWu3SWUHdrV":"BzuvwExPPgwaULi5i2X2ijS79WYaPauxmaUmuxz871ai","DAjtDAPrxDEKND4zT5iCqn9A9NhxpCoqqSUxHnrrFEcD":"8FZESBHqsQTaeXUn54othtxHEfVZ8t2d6T5J49pLoY7A","J2eCTuKaABG91kCzJset2UfQRoggHcY2Cq7Stu7natXr":"6nBuR8wzqt7Dm5MwF3Nm2PsowQ3z6YgcGikZGDQQeFbx","3MEdotKebT1nbPSNQDa596gwYsV8rtvhGdHe1iBogjJD":"G6q2ZJ59zNyvi9cVTY7gGaJApyb7C99ZswuNeuVkMqfD","GNiPY2dhydkUE662pyMUbfDLZ5MLvVKi7jzi2HKj7cM2":"AkVvzw58WuEbKrLLAziKeFRwK9QFHBXNF8YSfenjpFx3","HwPkxupJfWidsKBiUXnR1N16zGhuAwErueKQ8GaRXmrM":"3cRPkGjgnP7FFi9X9h6cT5tjvhqSgetK9xTdLPbZMR9B","7GSn6KQRasgPQCHwCbuDjDCsyZ3cxVHKWFmBXzJUUW8P":"8pDBC4cV4hqjdLSHriup82Tm2BXU7GFMYxJcoFoVd7yx","ESqvPXG6QYQxjk391WiFf2DVZCC6o9H5yiBiZWQpvN6S":"6EF5L1FrM9samFCgqS2QJt9XM3XLcWMNUCdvY7CiqHxA","58kK4JTBQMoxDnTpXUWCiPMLGk1VuTK5ajxsCsibyzHW":"2DAGfRPTciSDGLfjbba6uToBtExiJwrNtZ8YHWEzDEtA","HSfEpP3ciPBC5bBdtjBDa8BxsUW32zUzRGLPpPuDyVY4":"EevAv61u9DL3PWLvRxvE8Tg89cU27BdoxDiBmqUizfKg","93mtNf4qzvytwp5sWrSC7JNUccPAomEE39ztErUq5V3F":"FRjH339AQqz6Db8RzwRczLxoYBBhixhi31ohFeZ8jZum","5fbYoaSBvAD8rW6zXo6oWqcCsgbYZCecbxAouk97p8SM":"4Yqrb92JN8f6RFT9UeufuiNigtrwF7C8z8KkGvrXyNyR","F11HbEwK1HEp3eXMspjcyPyZZuAU75YHqMThcY3j2q3S":"BMaMUprYH6eTQFYCLhx6s49mCi9x4ohupKnwiQB326r2","Co7HmUYCzchjnBtbdVLPxaXKWcGVvpq3QrxaDhceJBrN":"bQ8xbzohBemcwXd7US586ZqoB7LdhuRwFFPKReRkG1j","2SKeHUgqZm7k9M6MCgfz8XuSorhb3RtJyRrCxBSdbu6u":"4Go6oAoWJjhz9VY4kapaGGuQJ3v9qcB558LMLqWCGFZk","7L1quXJb53Gwki9TiGVsEf8jrFzBJVPNMZrSJeZ7rKk5":"J7BSWp3WRoxTqpDpBu8FucTGqeJq9NZBeg1YBa9AcyTn","G3h8NZgJozk9crme2me6sKDJuSQ12mNCtvC9NbSWqGuk":"7Z3QCF1iJiNXAiFcokQcEWPQzmhoHJUKoVLsCeZo69fz","9G2bAA5Uv8JyPZteuP73GJLUGg5CMbhMLCRSBUBLoXyt":"A6L7XbbUfmLF65MdY1AAzta7u68Yu1MoA3syYnzqZuEd","8WZrmdpLckptiVKd2fPHPjewRVYQGQkjxi9vzRYG1sfs":"2B1zkPd6RSR64Smm41x6J853dbEHjDbYV1pPgzPDx7S8","HkYJ3dX8CLSGyGZzfuqYiuoDjDmrDiu1vZhPtFJZa5Vt":"8V3baJBJ2WPemfkuu8coxz6HPN53Segenwru72p2etqC","AADohBGxvf7bvixs2HKC3dG2RuU3xpZDwaTzYFJThM8U":"ANtEuX3ztpzqhoN8CQk7cPwn1cnFTea8VzWuT2S27ENZ","H3e7YziokpHJfFAMAy2PK6sNph72f38P1ELd5TUQaocv":"9XZy3fcajF4PBKSHmtugRtwwi1WiFuaXHy6zVaigWsr9","CoGvK6dVb9zAsKdMt6TGV9ZK7KDNVs5uDQtULKxrL2hn":"HutQzCqEdpVw5CGDiEW8qy7AYG2FerCHowQvajVfKo6B","3M8uZhLZMxFUedsEgPzywZr9qbGTv3kKNMCEfAmg8iyK":"FUGdNhPHUUMBQhgntq8X6cxDvBJ3LMkQXTmX3Y8AbfJE","8x8jf7ikJwgP9UthadtiGFgfFuyyyYPHL3obJAuxFWko":"24hJ9AkwwFTjCaBhKi7EGD4bpavRWQphcd57fNJqMTLE","FE5nRChviHFXnUDPRpPwHcPoQSxXwjAB5gdPFJLweEYK":"6Wvj18mF7tCHAzay6bDGHXQn4ngKiWgYPYXVk919VLKc","7KQpsp914VYnh62yV6AGfoG9hprfA14SgzEyqr6u9NY1":"Fg8WwNWYPC5Ruo6zcywZ4dGJqurvgCew7mR6vVvtKKMh","9sue9TZAeUhNtNAPPGb9dke7rkJeXktGD3u8ZC37GWnQ":"DupJEnkw5tKRM3WsfZfzFvZknmVYoUwjWqjguRnkRHse","GwNGQYguXBwF2TPyekF5gGPiqRiVZj71DY8Ux9imjCJR":"6TeNcBrTjJ1tzBwJdQpmv3UqtQtzRMSfBCYRsAowfACr","3Mf3bxVS2zLW3bbr9BNbqdiizaUwCGwoi3xhrAXfbFnW":"ENkshVfZwpkgiB4ii9VeDNgJCNbY59kHD5NHTHWChkoo","GN2TTgnWm7WyMEFZjbtzZL2d7NxhBk4QMZtDdLZUkcqv":"Gn9VaZkoLT4rAeEpWCzEoCikN7fHvcypNFpP6F3sC5FB","G4LcexdCzzJUKZfqyVDQFzpkjhB1JoCNL8Kooxi9nJz5":"JAwEDAqPcrFwTP2ToS7fDMpDTeeK679Y5MMqkitETacF","8XaEfk3TURqgrJZvdJWrPLqyXSCmJ9MfSwZrkaYmsG7r":"46fNnqyk2W5dCcKVX5VTgm6tU1PHihH7CNcztb1RskvZ","DpFKTy69uZv2G6KW7b117axwQRSztH5g4gUtBPZ9fCS7":"AAPTpyLLYmGUju1xfAZJ39wyxNw8EiNMDQGUKfwtghUP","EktqwSZVYjQF7e4QMojdYrmjLV4ft9H1DcM2i6ZiShGz":"FqVvtRAgdaQJg5S7yYqrtVqu7qkBnv7mbqqNZG1fzA9a","HBTu8hNaoT3VyiSSzJYa8jwt9sDGKtJviSwFa11iXdmE":"AH1pdiw3EieHaVsYkNnp2ztXExhqk8Z2qBqxVuax5678","G5F84rfqmWqzZv5GBpSn8mMwW8zJ2B4Y1GpGupiwjHNM":"Gf4nvjwkGdJvmbLKEARMAvHCuxJ7n2YE3NyYi5SBGNgb","3h5QsiZKLkmApBTsMvJBZ8fPivo9HSrmR1LaJABN9zx6":"Cs2dY6FKZCk5uhNpSv6QYHSkiAQ7P6AhujoXwQra5dgb","G1e6J64JwVaRdhbSwGaEeShkz9yKmwcadj7NbbTjSVD8":"2dVQPVE1ULVyXRTsJ43dQxLpFqBtLgs1mmHFR6YFAMwT","C6y1AH1A9Q3Xdk5yxCj5XEQaG2mmXzaqQWq5HLhjpWiT":"o7LbAZW5XLUtCPBz6ogNfawYVdibhHjcMGiYexj3g4E","4wqFtfechUSNW1nJ3WK5ogy478GTa66H99RrKnz45fa9":"FDmJw95Hccb1BPPt3ocojnXwXCBnyLY8gFjVTLDaG2iy","GsA3mXSQtwUSwn83tXM3BP2HEDvWygr7prJUYch3X7Si":"93KcJMCD2R87fKKHEig7ZKn2NuVfFNjcNFpMPshbGdSc","CDvQqnMrt9rmjAxGGE6GTPUdzLpEhgNuNZ1tWAvPsF3W":"BEXfvEEy7qii5iJDZoFKT9Lorn32g38EUDQB2XpY5eJ8","3hwH1txjJVS8qv588tWrjHfRxdqNjBykM1kMcit484up":"8maCPN31CtrgRmjzZpi7SChd9o7gKXS2FXYtos6ioGay","CxDhLbbM9uAA2AXfSPar5qmyfmC69NLj3vgJXYAsSVBT":"7yo9TLUowx4GHRyY8QnugTzn4E5a6LYGx9dN491HNrKK","Bo7aDwpZ8xHh6YGbiNMhcrHWpoB1f6ELgbaGk6M6o8Yn":"Ce8YoLvcA2PnupcR9zpyRbXo26mKQ1eSUveWtWFWQ2ej","GQQKuYXvdDV8qYMAaZDMuXYdhk1cokWhtSqULWnHZ6Gy":"FvL34RhMs5hr32oigsmApamu9mqzAF7ShGttx8MHctLq","Fcxy8qYgs8MZqiLx2pijjay6LHsSUqXW47pwMGysa3i9":"DFBdqcoFTVzZZxa8pebnkSCuKxUcgy6zBPxouz4HaQqQ","Bv5bm5Y4VaDAWYkWKKGaDwYb5hwdYip6rYDYkbvHV1Wi":"99DoHukd9AyvAoLQQUb4WpPdpMTuqoEbbYm7w4w7SEw1","CwK9brJ43MR4BJz2dwnDM7EXCNyHhGqCJDrAdsEts8n5":"GCgiLidkBuATA4XztXpEU8eWDBkrjtiGzqx7Mr917mqw","HYH4sxk2pCZMJV7pSzg1davjfJbSTVzg5onJUMAMo83r":"CJJLsHo6YZLDeUxdTSzmC1ZeyBRdST77XC6HBR3MSGEL","Bn7n597jMxU4KjBPUo3QwJhbqr5145cHy31p6EPwPHwL":"24nLuKr44cYJgTQ4zMiFGzSjzN2pNDCy71rq454DbXW6","6uH2rvVUySwnVFw7CMNV4HTzuxHTUNC7pK22pXcqgSey":"D8DvnY9J9guuzxrYccDcCxohYkkgJ4X69FnzHHWzkugE","BPwWF2hsYkVpXbufKFC67PeDc62DC4gZ5yPeGrZDbG5u":"6KhxbSZoUXEmeXyyRqXz76f3MC34PwKEgpusBYKot3Ug","4JP75nztBEo5rYhW1LTQyc4qfjPB33jMWEUvp2DGrQQR":"7NW9SGT7nUk4fHK5NST9cHSJrmcz3bmP7Xwp9bhnM26F","BE475cb7v35FSRNzDGju1ijcqR7dZMiMcG9hjjYpikQn":"5xf413HLY3aVS2N8SsZqjcVAHyH12J8MgRnGxW3YwY2Y","gtQT1ipaCBC5wmTm99F9irBDhiLJCo1pbxrcFUMn6mp":"CCTTQNFZSErW8qRNbQkLBxei6e6ur4PyjdcY7WiLkmR","Fp3v2yBS216zbucTrSVACeEWVVMo1V7GdSLePKcKBzSj":"DcJqLEnqrc3364ugThQhq5mpBVVRYcZPdWiLqKxigeDB","L9G377iBUZqk5mTYE5K3x63AUv4HW4F8vtMrhwAGQTa":"6HeJhvzeGv41ZwUbJSbwZL7t3vAMcvHdrgoYg6htyHyX","ch7kmPrtoQUSEPBggcNAvLGiMQkJagVwd3gDYfd8m7Q":"CrMEEvdP1P8EuEByYXFAC8HPtRAko7CL7djAgufjjUK6","DukWnNjNS1qQYUNGYj5NJViEfQW793mHwxij3wi9dazM":"AHegeh22q1P32H4egYTGmx487GksjSACQTJn7AYwdSjh","Cc2K7Ao4FtgoquT2ua7zvRuYnQMBSz2s83A5zTyR8h2z":"APmCc45qvoqBn8zJVRE7BrPZVSPf5edynpr7romptcbX","6NvErACd7kKz5uPDAfXKahW9sFooUJvtfRh5Kzq6GH9z":"CRtZFTUWKQiST9mumxFvQDxGBrxet475wr19jYB74nMz","6xC1ia74NbGZdBkySTw93wdxN4Sh2VfULtXh1utPaJDJ":"BPNwW2DuCyYKxfaVUvDbY6QYYC1ktV1BavGs2F3uPTNQ","8GaWdgZ5yPxQpxGii2HCWKQj1JgabH9SGCHx2fFwZK6t":"DwZQziAqR4v4FSZfHnbq5VpeyT9khZZrkCNkczdsgPLs","ETvP88NQaKaKQ68kDtWYWJehkocQSYwdEDVkoeiuY8g3":"CXi72AMsf8DaVijBo9MrztYwHaPygjz3bstZoPqCAZ63","3TRUem5C4hgJCmPB7cavwnRg448mkd5Y78ebKgFdaV8n":"7w9jAiRBvQh52XAggwTV5BJDCPhwsHQMgpMyXrceb92m","GqFKHmiuKuE9egumByZaLF7ziz6VWWMUNZsRUeURQbDz":"BPLEGG5vSR8m7GLBwpynwAJV1YoJ23kqQ9S4JUYx3XBH","HEGnaVL5i48ubPBqWAhodnZo8VsSLzEM3Gfc451DnFj9":"5B22pzCeJa7XphtpqqPKhps2Y14d5FT5Hk5bXMiDdYok","3XRsg7YRVcvZme9rHpATL55WPHrnGXvVL8E7ycNNFu4f":"FHxCieLVGQJfuL835bhdxEnuQeN8fjtyqc22dDGFkZWR","4RZ27tjRnSwrtRqsJxDEgsERnDKFs7yx6Ra3HsJvkboy":"21n5nXdwqQd8nudMwdfWXajPyqmHTb6gP1ZazsWoLqog","3R33PbQMpyvMuYceKx3xsLFVLJR3Szm9oBsPKBNWD21Z":"HJGuVqfmdFSNiG7w91S8sDwPiNpf1bXHKz2kbMsbykdi","Cm4MmknScg7qbKqytb1mM92xgDxv3TNXos4tKbBqTDy7":"e27BiK2cZhbcXNjjus5v3K13BUvdKcqYJvoWRvT6g6B","8ByPRhCLXzA58NpuKV7XZw5YBtSB9B26qmCwGnoFhSPQ":"8aczHtpKfTopMAehyUikbrC9idEdXJ5KjngfYhULEA3c","J8fNkaWQo7to1qHFcKVjDgg4rYvzGpEkUEteJYhcgLzg":"BWmELsKLXaUHCs6o6DFxpNx5HSdRUPkJqfUetKetfPNh","8TAd5ARuq5mYdY3t3PamRaE5Gf95JqgSpVmgTDwYyVXY":"AymQFNuoWsykCXmdmBXxRghNfTECsd8LamkkfspjMSL3","4qATPNrEGqE4yFJhXXWtppzJj5evmUaZ5LJspjL6TRoU":"5VbjgyCf2az5gtx7DT4cUGhceG1oVKLARiVBKTQ8o9ES","CsNZMtypiGgxm6JrmYVJWnLnJNsERrmT3mQqujLsGZj":"BKQ51w9yKUmA46t91AtLCdo2i2MJ9Bhij9evicyeSq47","AVRst2QogwZ5VjCtzaLMSmQYNdmQBsfs7pMoXgxB9Uuy":"3R8vq3BaHLRUmMjGDtfSqM5eHBbZvv7BAkhsgZ5bi3D7","3vKVpr6i1NPs82PZDRPAcdYdjdpiE2xohLs1qX397wBz":"AnEjP35bi2N4vV6TzZ4odzBw1i8YWZWQLc9B2tPBAajX","H8VLs7VYaBg3rg1NvVNJKb1QWMf3kzieTPkgPmVffXTx":"AFYGXanbT2RgRpuQxGamewqSeboujZNKwjLTFoDWevhp","762pF5rK7oN7EGHCZs6jb3iKUsKsf586NYFRL1K2xnVx":"AofnHgtu5j9YQnRoifz3h4U5vUtQDXNeW8gAAMfBPWSP","HbS2k9vhMbF5sNhLa5k5NUReLGxWAuiqPwUtAut83CkA":"H8SMcA8ikdR99tUyNKQeSteDshRLetsfh3288v7hMxP6","9wH4Krv8Vim3op3JAu5NGZQdGxU8HLGAHZh3K77CemxC":"DEgpf8H9SNKhMTNRwf4rfE9sDwH7atndhxyLWJXciUvB","GHueCxFTNBXomPXm2updxD23uhZqPfPXb46iWLRMiv1t":"DQcEzoQWuzJ397V5Lhq3gnC8poxLfKjWcJSy9u4dA37R","Gyp1UGRgbrb6z8t7fpssxEKQgEmcJ4pVnWW3ds2p6ZPY":"9K6g6jrqFSzFTMnNQnvYMt7keMuxyfwe5fPuKzuFLFxR","Ak1UDskYAjztX5YkxW8dmERjLwS9fYmk1b3G6fpWDxp6":"thuo7ThVWsfWbCDcSy88DVp5i6n3Ug5ZM2mrxsUiJRE","5bzmeSmiCzeyDQvaSsQhEega7e2jhH39cFCkT4eqSDSx":"EXq6VNFHCTBeri88Uc6wizz2M5j6NzYkyZMcfBnjSjoe","2yAM8Vnpv3rNtN5TDunH8r5QwG9sZhQsGKcEdpRi245n":"2BqN2YbRJqzND74D5zzxec7xsXdBKG9xZABtFewaguQa","6KtErANtAw4oXGhF1LJhKk2f8xomCwo4bwLcntZYJBVt":"2PMvCDJAmnyFn53JZ4TbaBeMwsQbiCQP8ApqN35b9P3P","7gZNLDbWE73ueAoHuAeFoSu7JqmorwCLpNTBXHtYSFTa":"2j6br59RBC7xEFkdgHRY8y2G3FQQzRPqYiyDq6yuBDKV","HLvRdctRB48F9yLnu9E24LUTRt89D48Z35yi1HcxayDf":"CsShCSH1YmHRX81gC2UbyodW6TVGACKCgGfCwwKYEnwg","6b27gmbStkytQuR4nBxJBi86fbxxfVLpQL693nJnQgqP":"F8AJjYDj6YLU826hgoyapmHvxyKanDXCBsyWR4iSA4kJ","Ao8HgYFCT2BJHxSusZbpJCPhvFMFXZApqN2uy2trbQRa":"AgjQoZ7Dt7d1YxzMTkJAGGPu7eSob5AmkWuujT6Trxux","2ZBSfb6UB2wi55gQKghrfP7vq32ypFNfm48KepTJ4YfL":"2bGJRkRRagSrWoziuDkaDaStLDjSf9kPBABaFYtiCM4N","4UPUurKveNEJgBqJzqHPyi8DhedvpYsMXi7d43CjAg2f":"8NtqYje5FBU1zE9FwK93BzgqeKmj5ufDv8qbtobzk8Rh","bNbYoc2KawipbXj76BiXbUdf2NcGKWkdp4S9uDvWXB1":"4NqG3wFjEwTT5j19G9YK9ygAwDoRQFdaSKqAnhGMSqAK","2HqK6oenRGVi5kY92Q2tQUk1kBkrKHQ7ZZZ2dw9GScqP":"B5mMAdudmLHxo7kPuEg5xH6M9jV8mnKdYe2yRaGAU5JL","FitnUARvYB9LRXJtECe2YjLzPgLD88fDRGQgqKwLDqtV":"zWL72HnD98TWc8QfG4NeDr1ZNabDammfX9eQiH5vke3","4Hx3CtzqbzNqv2hDEawPqhfVZex4w8xALLDJA81iY8D9":"2PEk9kABJsRzmrSp67VZyG6tJUxu4vZjUaQVaxys3q56","2Vn1MPTujMar4JMvijG6qwbyedLgPydPFm4Haqbe6Dua":"12p7RWZFFMLuMkg5fkXtat3fVWxa7rtwqaarzVUvuSf9","8ZERQ8hq2ov1Y7SEm2fP7UC56qotwFviyaGdsqXQ7A7k":"8Thmy1jTr4dqLSinCyuLqz4EJiJr7iQGkHkx8mFxXfQz","kErk9SGmh22jR8aVq8ScYkPrSK8vaEun6Bk2QzpkuPc":"HHiq3oA2HT6y9w4Q2dpj6huMbhhrEj6P3DESpH3KWi8M","2zkPyHgQkKG6qJED6MTbjfCfUbZeT9VFwLm1Ld9nKxRp":"Q9VABYDBQKs5r7v76PdL7nNQTVvSdyt7mQCigBGT5Wu","9yGqsboBtvztDgGbGFEaBBT2G8dUMhxewXDQpy6T3eDm":"EYtf2SLG2CfGa5muh9BYmx9FwxKJUCv8Xz6jXasZKups","6DgQRTpJTnAYBSShngAVZZDq7j9ogRN1GfSQ3cq9tubW":"E9h8cjF4vGNL3igfHg2LUsh65QLqMJLsu9DBcWxiakP7","4jk9cxxGKNuBGv8ENdgDCWFHy9SzH3hf6e29TVWtFAyc":"FN9atbt8nzZTx2kTJN2ZLVZjfCHAN4Sk68ZTZdy5ufYf","7PX2k66ecaUJHJweNbdCocR4kvPotvDn2FPu69svCsnu":"HRTC5wCPJewgSDX6ne5Pa6m9Q8gfNLdZpNva8DkVvXZe","7cknqHAuGpfVXPtFoJpFvUjJ8wkmyEfbFusmwMfNy3FE":"DUMfigY4yqxptyRNDvJguc43NKRLBUMmm99U53n23kKu","GnFBUqU8h4eCY4vJ31uY2zcfauXzHtH8tSsHYitUKo9o":"6TRRGU2NaFjjDHN3uwVfhMTak6uk1DHAReZt73txbBGH","HcVjkXmvA1815Es3pSiibsRaFw8r9Gy7BhyzZX83Zhjx":"23nLKtbCPMHkEi3MW55D7vXZ3EhbiydWtD8MtVMkHJ9z","E8CLGjBzJD7TPgjfcWm8dvpXhz5pvdjcPxhG7qi7Y5un":"J5wvp5WCnzEa2ubTUoix3H5HR3apFQqcGBR95syWDzPm","DSQiY3GsZS43AG5arWEX2yAvyVGjqhRBm2PtPxHLEv6d":"41bhdZjyFCUgn1f1jXsJGzJbtMjH5TY5r2cCCxZyCFCh","27e1mB6UoPohbc3MmwMXu5QM7b2E3k5Mbhwv6JguwyXg":"BLmduqrcjFq6LtS88M4xaTSEcjY9F1quxSCiaKnou7AW","2xiv8A5xrJ7RnGdxXB42uFEkYHJjszEhaJyKKt4WaLep":"F65gho1qaYAyNgwvgvXJCUQa1i5iY7sNPaqUBEhZCtos","4LUro5jaPaTurXK737QAxgJywdhABnFAMQkXX4ZyqqaZ":"3WjmFATTSx4npDzFwnJ6SWMz63wCyNH2FFvTVXbXLExX","8WCzJpSNcLUYXPYeUDAXpH4hgqxFJpkYkVT6GJDSpcGx":"BFmSc7b94sr4NeMwhu13riwCzFnT6J47ch5n4snWU3pD","xhEYoNpaipa1966JdN89zK4a3hEFWiireJT1TZEtKEB":"GTJSmzGo1NKiRagrWGwC7Rry66PmuTgKqC3U1iFTfS5f","6fc7v3PmjZG9Lk2XTot6BywGyYLkBQuzuFKd4FpCsPxk":"FcyoTRv9JfPT6M9WHJUwxmjTxepRoSbrL8otoFsmARHZ","7vJhxNnkPBTJKNHsbjZUhmCVCxmYKgV6vgJ56eH2MQaC":"GsqBaqgGTj7J3KjT9woCRJx9CctgW2qibhLofYzayicT","GsWEL352sYgQC3uAVKgEQz2TtA1RA5cgNwUQahyzwJyz":"Bh2eJp1Krmn9tFtA1dEuJXe8Ps9oN4ZTDrA4yizmKhRg","7TeAZYGC6VB1q8UFR5tMbQdGjJVpmLXYe3bnjCZgj2FM":"DtLGcvKfoWLzuS6tyN4WVwNCPS3ZGqLePftgAMTTWq4F","4wCTEd1o46VjBmRoRks5CmZywaeM8gnEr93E8nFPGBqa":"D76o57v7G69gfE8eBkmJsnPMd9FnzKQ96ecMyDv8PwHy","2QxNtz8xeSZeY5kmFsGUbsqwqE5zQXdMfeHYUac1KvuT":"5MuHFG47A94xPwDb61kPE82G1h9Uqz8cHbwmGHdZJ8sX","9xAcwFQwE8CJnfH4stckKSPHiHMKD75bUT7DsM6eTfKg":"D8bUD4WTybyr9jKLgAyBGV3MQpN5TbmhYN2txvkzJGww","8aEV8E4ZH7CU24N7tULbw1NFNEgW1EsopEv4dD2Bxr9C":"Fk6w2trS5638Zu4LvQ8vxXjUVVcAVznn8YX7AZiVaJ29","EoDkN6uajJ3k1DDd9paZZLFQrShg9cg8ZkG9absPatKT":"8bK2zL6kPbkmhW9ssSDU3tLRoPdtiyTfwyueiMR5QWFp","9hMB4rrJ3nuKDX3TXoPHegLTbhcH6A11EBzqTwpVAW6w":"6PWjPaJzTnXVMKSqsQ6WhW3pWja43uVDL1Swqau7f272","7gtMZphDnZre32WfedWnDLhYYWJ2av1CCn1RES5g8QUf":"AgDMYv4HQUa6rBv3XXsDjcowxSctechwrKRqe5TFRZCV","3mMivSGHzkLrgwpZKdsTba83T8RFQdH4B9djtKYFe3bw":"13ePKJsznZbbZDqh8yhDYXZkCZUbBywnUJJuaJdDLSts","HYM1HS6MM4E1NxgHPH4Wnth7ztXsYTpbB2Rh9raje8Xq":"CMvVdDxkRvHCnBrGNfUW2V8sjn3oGpLP65p8MUe4tGhi","2j2or38X2FUbpkK4gkgvjDtqN3ibkKw3v5yn7o2gHqPc":"GqhLn9Lv9rqGNphXaK1fcvjCbgnkX26B6YqAN7fDhuBv","72aW3Sgp1hMTXUiCq8aJ39DX2Jr7sZgumAvdLrLuCMLe":"ASgCARWp4nHVD3eQK89qnVfwYaUtJbfaDgiYjNvahaMF","8N1KkhaCYDpj3awD58d85n973EwkpeYnRp84y1kdZpMX":"8kcdzJ2PsdkbnbBwoTsDUX8Vvy6tcqs4Em67QoJybbWR","FrR9FBmiBjm2GjLZbfnCcgkbueUJ78NbBx1qcQKPUQe8":"5Xfa7jTkNrkVq56BbRApN4QH7yafyVMRGBcuyKEtwefU","BBD3mBvHnx4PWiGeJCvwG8zosHwmAuwkx7JLjfTCRMw":"BuqE3kvvgVqE8NYLioyEJriq7hFLvYCmz2WDgdmMyi6e","3A8XQRWXC7BjLpgLDDBhQJLT5yPCzS16cGYRKHkKxvYo":"5wsuaPiNW3Luc8MbCQCRax72rhsoomdTRkdMfZMD4qDB","DvLrUbE8THQytBCe3xrpbYadNRUfUT7SVCm677Nhrmby":"J5BJmufV4hBPAgZkdyjZuVdPUTceU8Pb8sUKAhcqg9UE","WoH4Gt8CHG6xfMGtyZoYBk27Bu7osZio92Ds6HKmfb5":"F3pUjKa5RiToyYcxjDrc2fbBxRLe5x7UjU9iufuZb6SE","FxquLRmVMPXiS84FFSp8q5fbVExhLkX85yiXucyu7xSC":"95ScXQWwwyXgh7Ty4Ci1Zfiskmb7D9n3EGXgGpKNNX4A","HSpeWWRqBJ4HH2FPyfDhoN1AUq3gYoDenQGZASSqzYW1":"CJj173bszd784KX5JoLLNrpT4rQLFW6mgidtSTPyRsx8","BakCv2Eu94YvwHnxgU1A3eE8DZgrcKNcvbVu1p2Qqzmu":"D4aM3JUbfzg6EP3xYF1sJV2krXJcq8GHZwf9iQd153Pg","HzFs14Ua3opDJAg1nmonwJWGuLspnqafdv8wxWxQXrNa":"FoPY13JpbpuaoQGzw3i3csSSPVfoN5wcKtV1yAB2iRhE","EDYBn6k4HvcoRxyRM8f1AHN4cKSu62f4tG2CZoLmkD37":"66juNA8qWTMJ3qdLCmfjoJekJnAR4hsasBGf1dcXe8yo","J4oPt5Q3FYxrznkXLkbosAWrJ4rZLqJpGqz7vZUL4eMM":"7RBV7DFi1i6W8pToSJH8P64nVZg9nBrMfmuhRWxEYXMk","6y9WTFJRYoqKXQQZftFxzLdnBYStvqrDmLwTFAUarudt":"AEHX5DffD73Whtqw1uG39hDpLt6haAGv8YgoPvEWKbAz","2wgi2FabNsSDdb8dke9mHFB67QtMYjYa318HpSqyJLDD":"89tz3gYWodhbitQqk6fRh4yK74chuxBSFbJbvarnSQGq","G5segjMzCWnu3zayK3bQAHc7DzthE2fjL1HFhU4hZ37R":"F6CoPMPRG3TzZdBZ9XvNdz3tA8EUFqjR1aji4agyHLLC","6Pn1cSiRos3qhBf54uBP9ZQg8x3JTardm1dL3n4p29tA":"BuKYJznvzxBowiCfpSaucgouMJsBCyPb9PeTCdrCHMj6","3QGQEh1WqhEicR4YJHcWf7wki21DSCDgY5S3HRAa5sZx":"C2CGvx3nCsRV4D3pzZTUvJ28dEeFyrR2UKs5Yf5ikLVa","2HPLwshKLtj32rhhKpYhsmfBkSomipV1j9dBnQ4Aexv9":"Hwyi3Vy2aJLWkX6NkWC8eqP7eWs2FkUMzLQ6N8h5raye","HyERWE8TEQmDX157oLEpwaTc59ECzmvjUgZhZ2RNtNdn":"58xRLB3ptbMmim7fHqtTs7kFnnZFDaH9A4je99mWaeVJ","3WXrxhrj4PXYUwW4ozBjxdSxwEp9ELKf3vETxXTqdiQJ":"DnapPsbo1YDyY7krtLmnW9H26VLjwyV4sXiRdQoiUYsn","36wb7iVPv5Rn5Q1ppqVmtJaxLdwgUYkr6U3SGa9iL3W1":"7CSvV5dHQ5VXRYqJ2FfnPWVR1fmXrdg3MTKMdTfAtQRN","6Yxgcfs3oyZcGSxAemHscLJSZ9YWHymH7MummtiTQadc":"2E12WdCFymAR8UGVjCtt5iJhBCed6iPDQG2rqpN5yfz6","ABu7F4J8hr751ZwSmY9B52t2hpRSEEJSAEg3eLYVCimV":"ESoiUvhBBr22SPno3dERGZBxV2Bz8AodgwQsVWkNsmVu","EmKW38yeXHetYYGVnfnuHJB7WEv11dcrofD4sdqZ2SSV":"AUecj9H6pPjibSL7dyQbuRTbZdPe9BUYPAJNsW3fBDVi","Di66GTLsV64JgCCYGVcY21RZ173BHkjJVgPyezNN7P1K":"GZWn93Ey4BrBtxQEwU7BsKKJ85MuwaGPZRCH7JTVzNH5","5FpKCWYXgHWZ9CdDMHjwxAfqxJLdw2PRXuAmtECkzADk":"3VvrjzfsDtyFbcjrJMq6Gvy83Px3VfA6dzwttSmxwmNT","HFAsygpAgFq3f9YQ932ptoEsEdBP2ELJSAK5eYAJrg4K":"8xAEDzFvxXSeMxt4po9NivRb8QP3qHz2M8thZRqJFNsc","XZczVo5XmL4QU5JDMgqkNtZ9kysC7XadL5JE849fHbJ":"CCQ4Fdo6Vxmc8zrDfaixX8HfntfwcpiZgxeRhRTYQrMe","9MFFsTVgw6gKPZ1rpc6CSJSLaiNAonChcS7zCCMrAwEP":"BiQaY5rVgoNAMepi9DXj2sehW6YmmwihGVbcr9a37m3h","6pcGYqts3QnxLafvZ1aEAYSAgtfyLkRLXKoWDLJpDDz1":"5Zezc2Y4RqqhAa1YurFJMYojYzvvAHsx2SZmzJ3n2LEr","3UP5PuGN6db7NhWf4Q76FLnR4AguVFN14GvgDbDj1u7h":"9VRun6efsFKgZbHmtyWvdYKvswbmsPDwg2LemmPhNHBW","F1T7b6pnR8Pge3qmfNUfW6ZipRDiGpMww6TKTrRU4NiL":"EXaqjizCdGnw5DkqCMK8xFRSGxiBf5CvtWR9pejCvcvp","DYGLKjaY2hknHJkGWPvNCWMNhaHjKYWxDPiNwyeNwVXE":"DPCLenAPxcKxNTx2fFW3uhKPQWpFiHk22KwGk27ZdVn6","BeyB6W2iNsH9qSfb7icLTmSPDu8oUGkarMZed4Unrnsr":"9d82avozvK8Cp2kGHScV2DCNVypKTfTzbkx9vWB7saPZ","2Ux1EYeWsxywPKouRCNiALCZ1y3m563Tc4hq1kQganiq":"7LFsJPNVMrNLRnER5LaS5PUo2mAcDzUNgMrfS6wzz2iS","HXBi8YBwbh4TXF6PjVw81m8Z3Cc4WBofvauj5SBFdgUs":"4sWcVp6hqQhFyZV917RzWfcw2aAULQ6U9Q2aFSQU4TyK","3d4rzwpy9iGdCZvgxcu7B1YocYffVLsQXPXkBZKt2zLc":"5u3DEqVx8rnLsYMy82LPm3jA3tiMpTEp2bST9nzc1hVJ","jyei9Fpj2GtHLDDGgcuhDacxYLLiSyxU4TY7KxB2xai":"BGDkZoUqDDP5cTHrCcnKZoUpme1jJ2pbUkBBwiw7AteX","BHqcTEDhCoZgvXcsSbwnTuzPdxv1HPs6Kz4AnPpNrGuq":"ACpgQdHmpk4svmWV6MnSgindA4phTqVY1r1C5davkGKF","8Gmi2HhZmwQPVdCwzS7CM66MGstMXPcTVHA7jF19cLZz":"49WkiRUYaCyvjLzaTHybdNjxiajMbU354RFTuEnBQq12","G2j5zKtfymPcWMq1YRoKrfUWy64SZ6ZxDVscHSyPQqmz":"H9yxc47G6vREvRMiy1Dbjg9FgAwAeGqd2kivZwUiXNUQ","ANUCohkG9gamUn6ofZEbnzGkjtyMexDhnjCwbLDmQ8Ub":"2AAzrLoBhHXE7AUQizqi4mh6N6aExok2ZvVKPWwpRN8A","79ESpYSb2hM14KTRXPZUwDkxUGC5irE2esd1vxdXfnZz":"J4DTPwwHaLL8cL8geCzoDTpCjoakP6JTfF5gFGywCkCA","8aEBxzfZWHbkVkrAv1KgRVVRjBdzdgipX4TCVdDRyUSw":"JZoipVjVkhsrBxNYYeoJukwomkvU6ChJTu1rRcAv1Bp","F9y9NM83kBMzBmMvNT18mkcFuNAPhNRhx7pnz9EDWwfv":"GUSqEWDeoSUnheaEyQzvnACo6bU7SnFsB9V2sGCrWjuM","DUBkHgX4L2sHrakn8hGq7qEtN4trecM1V1BDoM3kAKih":"He8bhST3hJVureyTF27j33AhGZcZ3RzEYeUswUN9oj7t","FLKUQGh9VAG4otn4njLPUf5gaUPx5aAZ2Q6xWiD3hH5u":"4MDyNL6scis8XygfZnCS2kqUJhFR7YpcVK3ccxcrfFhT","5TL64aPK46am9PtwcRcNsXjNF9d2pUHPU8N44qh8BDJh":"4uBAX6jYwqiV8sLayKsqQAHYy9KYRAnSGJQGhK4JKcrV","D2dgZSc3PECDLuEGd6WLRc4MDy5nNyt3amaukXiPJVb3":"5vz8kP2GcBQ72bmn68D9LTfoS48NBoD4GnkYkSzrizVH","2HGYdaFBZSZ4FJFMa7tbyEAj2eAZsc3WKavk5m5As5f7":"4n94CnGKjuWrG6obiRgQEHKebSzoisB7UavECxRVL5FJ","4tmqy49UB7Kf7PNfpcsqqTVBWJ2LM3mLzqbSh76wVz8p":"G7sjtxy7CVzg5beHWvU9wWg8zKQkfVCK7xtu9ASPFsYi","ygyALjhjNBA4kPhyhX9DvjdTEhd8yueYQJptabovor8":"HhBg7PzGGViz4jKEk3C8HKcAm4nshxxRwaBoF4udqA1V","F8tpSFb6PGFkND1gCfN6oMdiLuPocYbtiDyQdGP7VRfX":"Fh348WtZ4GWKy4jCSgBAR6fW2s32eoyKvXawz1oJJfiP","F48bsAxagGV4rijEgSAyTBrndNrncUTo5rrrx5uqCND6":"9qj98M6rg2cKKUKDSLXBC5RvvyY9ffXs4m28DecswSc4","2zJKJgDb8M57J8K5JHZqJyU5ZWZHsxyFtCPi6GdRCi91":"6R7JRvEkaCmYnbdpz52k1GfuukFKbjYn3u3DBisVAa5a","9YdVSNrDsKDaGyhKL2nqEFKvxe3MSqMjmAvcjndVg1kj":"EdeHp63SindEXqGfTGj9PaVNRgtNJfmx7xVMN7gqpYX3","BiJXGFc1c4gyPpv9HLRJoKbZewWQrTCHGuxYKjYMQJpC":"C1GFmettQ9R22aqyeVZHCexJQkLES31PewEJAYLzV1MD","49vwM54DX3JPXpey2daePZPmimxA4CrkXLZ6E1fGxx2Z":"8LCtapZm45uTPstRb7dMrGnmxHhx8UPgCLTDCVkyZqbF","HCvX4un57v1SdYQ2LFywaDYyZySqLHMQ5cojq5kQJM3y":"66o1MP3EZvTHiEaz6CkS3vVzi2RfuRWpFCpjEbGqUy44","95f7mc7QwBd45AWgyLEgDkADty99Fm4bTgV4Rnc3nLfc":"C8W84SFKQ3yPmD4mJY8SDs5dhb36ooruoqQnhzdYWQts","8xX58rXPkrFRFEsQw8fWxsWvW7bQmMBXVc2PVqSM98hN":"7W8gq5iFPYdkrpeWQXdKyMbuL62cZkgQSkfo4ycFrpRi","2cVCrE5G45ZetnfXyK4qCUtmuJRAEk58eMVpUtkBPT9s":"CBHtcX49DnfNryRGCyzSk7Rn5b3spiDfXTfV6jeYVVRe","91WiupLKLjP8ENihdgiZ53j49aosNm1EYXdLbRD6GAY4":"7a73VkSbNWoWdbpkL7UquXkp9XaULW3BW4i6WTBHCL3L","5JC2kckdehvq8k2JMZE9gJzdiyhGyg5CH4HN8gxwWSyo":"7TwsxP9cHDFtSUwHa9faTFzpuFgTsgPRMdr8Q87BoRhZ","FkXrKqwjJxNXof5Pju7J5RbtLM6EqLzyv7z9jz1j1SLq":"Ds4N6Z164e2a1wGic4hJHkPx1ujhFJbCtjGQyCEEGAzt","AYBvYyww6EVXdBn24MLh2KQUQRV464pXGkv5Fnr39ywv":"FeXmEqvMsPmeRBLecuc2D62unto35P3scXbEDCyxTCqN","teE55QrL4a4QSfydR9dnHF97jgCfptpuigbb53Lo95g":"5ZoF5FNJ3mcyNFtPKKK8Nrs8kUBWn7tyhwWmKN3iCwWS","Ec1aq54XKH9o5fe169cU2sCcxxTP54eeQCe77SpizKuc":"FnqpwihwuB3e8DEAfYvCFZKBCWnP4LcH3ntFFgG26S2e","D5fJAK85W8ve1eNDAaK2FWRQFYnrWzx23KHTe6SdNomD":"DUYmLZX4nF3EQyvT45FcYMfhyxWbd284hC7tx1XvG14V","3mhrhTFrHtxe7uZhvzBhzneR3bD3hDyWcgEkR8EcvNZk":"HpZmzoyLqN67X4RRwbe3ppy7iacCm7e2v62zzSptVGwV","5m7CdEhV6Tq5KnSCy5Cg4w6ug5DFCcHrUJ8JMzKVDdav":"7CuJZvVbyYfpnRf4rQYufiGEj2nXpbLCWM9whKaHywPG","8YkHoKaVUpnWPmaUKMvv9hD8sUk1zNFwFTpgTBPTXeLY":"4qPiYB81WnJ1uc8TqV7Wb9XzVivmpubVp5rxNizEqqG3","H8GSFzSZmPNs4ANW9dPd5XTgrzWkta3CaT57TgWYs7SV":"5JgkK8xeh6HNpJaBUrAi9XGUWtE3SkffXsusQKV2w6ud","FJMjxMCiDKn16TLhXUdEbVDH5wC6k9EHYJTcrH6NcbDE":"B2z4HNDcJzoEFXvYqh77PKCebjZhnNwU1ZUWKBPeDA9o","GqgkxEswUwHBntmzb5GpUhKrVpJhzreSruZycuJwdNwB":"BZ7X9oSqtqjRpDW5M53mEcn14ZsJ7gN74uknvzKkNCCs","GZ3WBFsqntmERPwumFEYgrX2B7J7G11MzNZAy7Hje27X":"Gw282RYkXkpcFriTmAawqq5X7QRwXw72G9Qu8Q5TjdDJ","DR8V2wUCSFKCGjML6AZvUB2eYWDPVQ5xju3DeXGgpSaB":"BGgwSAcJAWXC9GEjnMyNgNKfwhxgmvTjct3KFRmJS2ps","75yk6hSTuX6n6PoPRxEbXapJbbXj4ynw3gKgub7vRdUf":"FTxPHYR6UuPhy6WSLK4VoYuCX1CTqt1K9kUqgPCY1DZZ","CU5L8JC83hyYZdf1phzy6a7X58eTtPjs7mHL3QKCcLfh":"AGJWxxy3LgemSGmJcyborvMKQNjXgaMVEarrJoM8jtcE","J4kzL5evQorhC6FPZk5q3bj9CaDPe3QisecaX5cpa2Ty":"AWvPkMUGCsyyoy9L1PLwixsSdoDrZxwcSKQw4rDWoC3c","Hr3wzG8mZXNHV7TuL6YqtgfVUesCqMxGYCEyP3otywZE":"3BftDxMu5oNTAdV8T5MXpVFm3mEbk5awYJYurdymp7ZW","6QM3iZfkVc5Yyb5z8Uya1mvqU1JBN9ez81u9463px45A":"8uexWytawWohJspQEofGzTEvm8QuxT35mFf3YdjqDB3M","8mQ3nNCdcwSHkYwsRygTbBFLeGPsJ4zB2zpEwXmwegBh":"BHFc6L6Wrg4AvyQNsSgpETwgj4HwgEh39mTWQAPFUFGX","6dn7tgTHe5rZEAscMWWY3xmPGVEKVkM9s7YRV11z399z":"EosNN6qatcHMk2YPtDEZpCXadUmcMY4X8UpJerL5CuFh","36SH1fqWqdvkPEKULNcpGGerbfDSqdj6eif3drHDdE1v":"FniTFZVMNnYBBVnQgfdATBwkpxeRCpsQfR7B1RRJyuy3","CBeuo6eH9NoFpzVaYxVH8TDLGQZqTNGTkxb3uR4stt7a":"GocbSskiAXtyjgGNYuReh7nRWRPWFJCuhHMVKnqaT91A","2STXADodK1iZhGh54g3QNrq2Ap4TMwrAzV3Ja14UXut9":"A27krWb86hwHFNLcLJNrakbYEyzDgmKioDuThUnGJ8qZ","6DhnyzBiw59MgjjVE1dGwfX8PKSFmN5gagcoCAn6U6x8":"8W53kEaMiG37Va9PdiQxFLtfPefwQX6QrZFxzJN1PasV","9Zx1CvxSVdroKMMWf2z8RwrnrLiQZ9VkQ7Ex3syQqdSH":"6dQUYLN18aCQ9wKLbAV7pey53RDDrorWodGNdb3B7YYM","GdmQtZpXZiasZi6TVsDHVLeNvPZY1dmuQ82KXDcKEJPy":"Df3hTqVgxzHn6MZy968xZPmQDcQQBLvN9E7Y1mFuSQq5","45Qfbfe1wBD1jCQLQb2PugcbwYJEuzHZ4S9UHJoLDBqw":"FCPZjwFNy83dGae2YLTENmtE3AncH89mRjRENMQWvM8K","HEXo7m5ZJuJonXk5kqzWGNnaJQW5F9XXpf2F5xQfCvJ7":"J6g2brvv8wmqywDJ5qFTXTicmnBejajmnjR9UfpkT76i","7dLVkUfBVfCGkFhSXDCq1ukM9usathSgS716t643iFGF":"Dn5XKgYrzERuKpjLZmrr3GdFPNuc7z5AgRuraWwEugBU","ATjWoJDChATL7E5WVeSk9EsoJAhZrHjzCZABNx3Miu8B":"7i2qyuYfaqbmBy9EKu7XRND6HNHqNAA1A6puZmcaMQJ5","EjM2ggV4xM1i8eEGBtrCWFktMwsn3dAbJ89mP3KiJTpz":"3NKoRijizU1g8krzNQTWxhpeQRyFYrSD8DQTguwduVhx","Dk3onSPUkNky5P4Cb6MXvvUuzR9d7PuvtuSqdqiWk6FH":"5Q7T5zFiz1pi3GPRZkQx1DD4zpJX7nCnRw7niHk4fNxA","5A74otc6t6YCD8XGEmEnzAcENvaxujp7ZeD3d2Epr8G4":"67PH96NzZPzGWA9p33DnTx9xoyLwrJ9UGT3RBLAVfHtD","9wFFyRfZBsuAha4YcuxcXLKwMxJR43S7fPfQLusDBzvT":"Ey6kq12jrehJeQb13RA3zKW6BRWifd3bt9PWBzjpARVo","26ChMq6ebUvYs5zkHbphyz7sqL8R43NG4ymT1J53R56i":"35bjJwMiJSG8NyrHjSTk5V1gs7YWcLUSQjiYG36A6KVw","ErQXxiNfJgd4fqQ58PuEw5xY35TZG84tHT6FXf5s4UxY":"9PpYVKJFW17KNCjD1sXpmepF1iYsZBxNerSNKbSH3pqh","6jx6aoNFbmorwyncVP5V5ESKfuFc9oUYebob1iF6tgN4":"DH7PF5YANvTTY4mXV3ipPBx8SgpAEvpF45jWW5iVL4Te","vAqntYupVx5YepaApzeFwGBEkyKHHnKP4wwyhdoNCAA":"HugFY5YN4i5VeTitZm3twRzkhwVyfpcBXeNa4yCUz1tu","AGkyBUo7pbsfJd1EEvczUbBizhiKdwBsYgpNTXJWvEoh":"PaST6vauhLcGV7k84Fg5CGAbzwzo9FDVyBi4XpbLUeg","C5zFa5VRJftDRnQZjqxfVg6g5BLr1v7nYAvFV3BGZG9b":"EMCBMk2XBvAjMNmPxEQt3mE14qLY4zjtzNXSDjZ1U2gU","9tr5uMYHgtJ5yG4SeqHA6kJUdzXrK6QCNGYgewQevuuS":"EBb88rAida6uPYJynz9LxeumVNPSg2rLkduMgb558arf","FPUQrHZsPMkRErshp35Y2oFmy8Ec5xGMoC2V2hNeFoML":"Bp8RTiGXTqP2yNvtGfUM68qx5nyN6e3eGpPuH1u3WUkP","2DtJfYpFJUa9Xstvs4zDFVhbkicoEutxtwkWYTefmYar":"EuMJkJQUgLCn6ohmbHJ2EWc8UNvktWzxk4aydWaqcX2h","87H7KsVT2yqzLBfxVJDjDeztDMNGmerrAgSSxGdSW4Ws":"ARfmioLKRez89VTHgUjcAJBVsir5j1VYAFXQFUT1zRCd","4j2JjUFFwzsq9fXpTqh7PGpqniMzQtKApXfz8pEv1AeK":"FaM3ZjoExJTujmv2jgDNat2Cv2e9p4pYiurrjFYFUAR","GL5FVrZ9j5MKYpkgvf77uWFzMBXzG7iNbXRHit3q22ae":"E6nH2FpKHZLNHoYHp21cRuZ12oH8cJ7LfwMrNA9M3pxD","ACerKV6gL2UdcbLzjiC8mNfNoYE4UHcfLnGqaQS62tSM":"2BRQQbja52W72T7pThAUckKENC3HWGhTFtfJF9neZvGp","DNCvhiPffXZUuqZEyTyfD6tMeQDG133UyMFLDgrU3Z5n":"FuwngKsnPMp9MW6G62Qrn953syjEEh6jB6jM9cvqDwoD","2SYEhWKQd7fUt4x18vNnQiLasG1EPAisFyXMDwkSjkKR":"6BFrFBKg9M7s3QHoFWQV3ZXYevssQqPcNmxCUGgGzFG6","5DpM9oNCiEiHnPvtoruJ6XDZaakvoFcX4doCvemTkD12":"6bKecw1jMGp9RHasrakKUDsdw3qAkSrRjBfjTPDSWy72","9gA6T3HRCMTVTULte5pJsXjMDUGRtygTKLbMny6eRcyM":"FUiojHY9cNpbBSwpYcNoH5gpyB5nhPshZ2PbiPMYTALU","9SQcpBFAs6ZiLAGUC9azYCN1kv89uTRmFR83sX1FTeh4":"2aE6aDK1bjYfdPFh1W1fZ5Xes4RSn1JAZWkixZTgoFFJ","EQcNRGwogvYJDizG9Ek1qf6syi5UghkYDcUwgmycawYU":"FvimfykDQRgyDEEvZ4aahtTiZ3Zsn2qW5WaqVZuYFHVC","E4ohEJNB86RkKoveYtQZuDX1GzbxE2xrbdjJ7EddCc5T":"6LFeHptbYWhoYj6A5MaCCNDf8DwuHyD8rfzDuTjG8pPf","5j6hdwx4eW3QBYZtRjKiUj7aDA1dxDpveSHBznwq7kUv":"D9a1LE1EkYnTTxXfE7ZRd37AbvF8cqhk2UmEjgbZgGPy","3VYVpvYbHiDmUUE3P79RD5bb2w9EYgd1NkQw69JRWHqv":"7nU4keT6bTnrPngXRsHRLVAvsTkALr5BER5JYpQ8yU5Y","9Zz8zhTVUbCYtsepqBSgBrwucTNux4pn5hVzFPqwCGX9":"3eoGJ6Dex7dKHreZLuJrXMA2YkoocawVSdbFuJpGVUEL","6toroetVLwkEE8xgLSuou5MJikEt6GBygYWdakLd7pHS":"A13AvLehpoGTyhNEoZyBf7kVnbVX2AHJBJonPrY6mfb7","GJWnwZJ599xjf7cRPP93aaVKqD5xUG5PBLNypHgPxitF":"BXnzSVWgQ3ipPT9GhbN6Suh7uaXjoLRAfFfBhuZohqFj","3jszawPiXjuqg5MwAAHS8wehWy1k7de5u5pWmmPZf6dM":"G75G5bxfdFLX2q7kQzM2JKb7kDrtWDXXspxzmJscvYsD","FuhKVt5YYCv7vXnADXtb7vqzYn82PJoap86q5wm8LX8Q":"HEzj2egQ3ubMxbUQEeihjttHQRbRrGVMmA4TMma1shWm","G3Bss3a2tif6eHNzWCh14g5k2H4rwBAmE42tbckUWG5T":"ra6e7YjMXhsFxen7ncTrzRwENGGT746N7jXUbUyUQV1","GN7GEoxeg9yKMWt5KbvQXbjEtcCPjyPicd9AW16NjK6a":"4VfG1dVPbiEuAbK2RZYc5uXhTg3AT4GMdc4cYps2c3wx","9kheVGeeCSrN4jWte8oPiFaSAQn6WCdRfj6z7GhpqZwG":"BJeb4UbvCMvJCbCdy3E8SacQxtgLdLQ2nSYG8upe6SjT","AAQR6j1ftW2g6ubAkTjrYvkg3H5aPud7i1GXViHLvRVU":"5c8RJaELFErbbWL5Mf5VkBdzQb2onkvxcH8r3tjM1YoK","FtxAV7xEo6DLtTszffjZrqXknAE4wpTSfN6fBHW4iZpE":"DVoGPqkZSCKoqMNM22MH3W81tXvszWUeN6u9uB4EBSZt","CGC4UgWwqA9PET6Tfx6o6dLv94EK2coVkPtxgNHuBtxj":"54rGpnZG4m4fyxz5D9mY6gmTWj2nu1HHr3UU25ynMJpy","59zk43BgqrZJPyXiq6MujCwnC2cKEhJujsgriCXH9uoV":"EhUvGcCy8m9BbLfNtjvLUUwzY5TVuz9UsjiY7GaLwJf1","C4xEwT4zWA6i7QCAkbhmcmQxwMnk4Y3HHDftGVcsndVS":"BvA8uawAYguHFwR3iuc4pUuUNa33jyuczLxYCJw6Q9VT","PxhbuVp3UeeVBpsTxnDnnEJN6Zqan1HTvEYnpmh8Pui":"EDbPBRcnF11moqywZy5wPaSz6VdHYSQbyVBLtPkkCYvX","E3cNotFPoECwQvacT2D7u3C3tKRkGtUxv8WFYazBEx4X":"6Ji6hJNPqKLzEcgczTcxnPAT7o9QrWc9UnWqtVK8siqu","3dCnhVwEfAh8fvQPcWvtUZouH4VUmbLmcbUVCVeGkgXy":"5wBbYvN4uG9htQAMSpoPPsDUYquFgsMoKkmjadgS4DSH","HxFLKUAmAMLz1jtT3hbvCMELwH5H9tpM2QugP8sKyfhW":"5iZ3yaEdxQG1sEBZRo1w2CJf3NcTGq8Z98gEvdcCSKhj","Dbyf1PPrAXfMe1LdEq57QW9GY1D4nNEt2fKVGEo6S3MU":"J3fMKVDkH6BHNwvtY1NBUhJctepyS1RZAjzjP9Sd1AjH","B9HfUpFYPTiCdeGAb79BpJPsJi9mQUkDfSrQBqZh8MBT":"F6A6jrjcEC1FVq2pyyZnidgkVVuYeiVaULD4TFcKxxJF","HvanEnuruBXBPJymSLr9EmsFUnZcbY97B7RBwZAmfcax":"6HBMAQVudUSr3ysHu2ZPYX13YHcFi5GyLYkSHLMoD7zS","HW8cnhkB7WiF8A6d9jy6hx1ajmcrUrQP82yZm1d4ZC3a":"4Tx5ms6HLvAnUxk2yEPQJLZGHe3c3DNUzsA4kZLZquPk","GfokD5aka4n8kqCgRiJtMYi4Xd1ZLBatkynxFGyKdNTc":"DvwH8AgCKnnnB5ZfnYGGm8hnhrRHEoPpaBcf4GZ7TaZT","FafaYTnhDbLAFsr5qkD2ZwapRxaPrEn99z59UG4zqRmZ":"6j7fXpS3rawdkrLkjKyE7YPUc8Z5ESS3q1N5LeRztKSo","B3UpqhaGZc9yXhELknAAXuAoKzCk4QAoqaiVUffgMQBH":"51DgoK9zhsCg8DEKvTc6LMMeVareibDNzjnA9A43opGK","HnLKrfMN64ccSbYCj4DxjgPYveSkFujYrnMr4cvPfL8":"DsbKPfHCsTV8Q8hCModZmkQYnzDxACjSYFCLkf63hQ1R","EbV7pPpEvheLizuYX3gUCvWM8iySbSRAhu2mQ5Vz2Mxf":"AWdQRtJid5eRvRZZ7SD9cbEZdXV4kJ9ATwv6dny4RKdw","3zzTxtDCt9PimwzGrgWJEbxZfSLetDMkdYegPanGNpMf":"G8b58THTqhpovyQ6m1fx2KmMNTfqKwPprQ4iZ8ew4mZ1","5d596UPqyCReH8SXdohkSMad6G1HdHqgfrEmUGj8waBg":"HTWKJwWdGg8zLS8ccVHHXKrV7bi5c1VX6W6XMc1ujozr","2b6GbUbY979QhRoWb2b9F3vNi7pcCGPDivuiKPHC56zY":"3S4wZZ7sYecsxBeDEYVPnCwW38fTJ4RkrqTJ7o1qcQ8U","DhvLMZbWamf3DgsoD1k47pBdnJJFSeByBg5xJvgbuTHR":"HKDiNuCxSrdQHLymjU9eJRm9LnxeXsmenTKRsvX1UCFr","35tV8UsHH8FnSAi3YFRrgCu4K9tb883wKnAXpnihot5r":"4W3xzJuDNjDTrtwp4PmuyFPQYjQHwvhnEYSSaNBnDZzH","FL8yPAyVTepV5YfzDfJvNu6fGL7Rcv5v653LdZ6h4Bsu":"6UmCnpxfnyebxcacErMp6rhB51aY7CebodnidceGDauq","2QXXnRnSBi4tviNUAsYv7tYDvYb17BQhK5MxR4sX5J3B":"CEfypxYndhbH2xCKjMf6pQGBdugkx7w7gCJL7M3gbNWt","9fe1MWiKqUdwift3dEpxuRHWftG72rysCRHbxDy6i9xB":"CmoRFneq9nArjw1qsC2gTgcP1ZF8MhHxXtfbH4ArDUR8","CVJVpXU9xksCt2uSduVDrrqVw6fLZCAtNusuqLKc5DhW":"4RbcWTSMVwqNnp2BGJi3RneCF4peiwtAVbR1zJNp88AX","GnZuMX8RFGzasx4CoJaTSseGExqdva9KYY4Pw6QpGjS2":"AoSCJc7FAEs9TDnEp1ma2CRkkKKcNW4Mc2CBigzKhu36","6VJHzMtc7hC9Etjn38DUoL52xLNzQJcp11TuN5MzMYzq":"HPYwkhEko5xu6YQXXwsx7tv7zWL6JCmqRAaiT9pJ4i3D","DpjaJ7YaH8oWcwiftg3Nn5k65jv3BiUitZjunfrgN9Cn":"14DPj34NyLHswH9b17dKgQnt5XkKyySbGN8L7r2B2RtQ","4nCFQr8sahhhL4XJ7kngGFBmpkmyf3xLzemuMhn6mWTm":"8tScrUckxby1Bsr7zMAAgU97dQoKqSgMsidsm5EFbnna","5EoZqJZrmKmq1yeRkYAerbJhcs92DZbCtW86EhPYCio2":"E4RbWJnbXV3Y9DbTss19Ny8Heb4dbqHJMVsKt1D3JTq9","F7cC11CktjcezeR77y9jXf8pEUusGKYz3fwkfQm6YndZ":"EA5eABwNKX42za8qgnCL1Gyzd2eFbjY8hs9QdkPWMFdJ","B2zke1dpYhecE4bWMQPPaoPMmXk7sfoEz5FpD2tYL2S3":"Bs2aEDBcWPUA2RJFLL6wJii5t5YEuo7Y2CY1iR2BSoUw","BQBGTapjYAYa9bY46GCByW2tjQtbHHvEMwGCDYpN3kTR":"whppv7PTQLKhmAyXStevuNAddf8NdBcARhf8teLM3PF","FSMrHqrJp33eReSK4FoE27dN5CH6FrukifqzJbnX883H":"2BoAWEFnw23eYGJfFFeGgxDvQRMtnyABarvuJdcDDhZT","BmT8C9BYodHEPX8YC9ceXDugtYU2uqQiSp29786kFfd3":"AiaJbycwozqAPUJLdfNsfe7iRyiGkKFLmycCJcLRFJ1M","ByRys5tuUWDgL73G8JBAEfkdFf8JWBzPBDHsBVQ5vbQA":"6wys5cHN1Kz9mHmH3rBN5sCu2kdgcXo4BG3w3nW93jus","HubRne1PhTa8ufcGRmS6sMJpbB5yY3BEykUuw8xXoAyy":"CQFELmHGvXfhyMsGDSoK8jFCMVfZoeq8wTrobS3tPdWC","CZ2zpiJotSKAzAjUUfAVdtEX8SvbRnUDPnUicj1FEBHr":"D1zJcPvsyEuzpmhoHczjiDuFXDK5jitHiGUtiVCaBjFu","FjbKNZME5yVSC1R3HJM99kB3yir3q3frS5MteMFD72sV":"9rCm18X5Mk4VUDt4Y7GUhwF3UnvcqHwfvC4cZepyA8ch","998TAsB7D2FnFrri5YSVHfw7Ajgckz5skdu1qPPMFVSt":"5mTp9WMhgJ5LzLXrbKxcyZDVD8HfD6mTtJ6f5RGh7ycz","7qcCo8jqepnjjvB5swP4Afsr3keVBs6gNpBTNubd1Kr2":"AYJXHSFnMNrUkifzKBueeL2fdvoMJrShdFxfdNWi631o","3AVpKaaw3xhcu37iqprZWRoMkZ9EXXAcAecxzhNpaxnS":"GTNq1znYE83ctiovEDtyQgzspanYtqBFChwKiZEGdppK","8GufnKq7YnXKhnB3WNhgy5PzU9uvHbaaRrZWQK6ixPxW":"BVKKvqZEbsiHpTmVAWtS9koFTefTCboLJ3ECydbBWGwi","EzPiQS7vhkFP5RsrczE4VeN6Uyfj1U8MpkaDsvqC6oeK":"jFSb4RXagxFmYU5XXcEqeub8btFDxJYDDp2ygaYjWWj","2x6dmFevT3MGCZYPE2eagautjyQFVq4YwHsKow5bCVCs":"BiKD68XAcoTjoYt2ayuZ3TtmUdevZje76vUUF5Z7oZ1Q","ETvZRQu8BbatszTioiaaYKCzZxhBctkGXWx4ULCWGotH":"CwBLroz4dkzUrpTD5G6mUNTudFKpVfqVj41D5UZC4hk6","9WDPi1uZVxBwZY4NXy7A3nGfxAzxvNaS56iHk3cBhQ3U":"3aditTGotGyzmLPec2mLoA46K4CdU92SJDtpnFmekhro","2QpyREawoSEtntAtqVCWP2Q6yt78bp5seT2vLHkYQdMb":"Hty6ZuJ9WXybnP1PbL1cmmBNLRD73Ge5gRfiGYKYbwe6","4zffJaPyeXZ2wr4whHgP39QyTfurqZ2BEd4M5W6SEuon":"3MkoCFJUvEt1YjNuw9hULq95WsiiCyEUNZYP17gA7YSd","6V6y6QFi17QZC9qNRpVp7SaPiHpCTp2skbRQkUyZZXPW":"3Y5D3auicz9kAyj7V8NXfcFwpHV2MALW9ZRp3s213K1Q","A8YFbxQYFVqKZaoYJLLUVcQiWP7G2MeEgW5wsAQgMvFw":"ADQk3RUFys3ThV6SyekicPpdzQzjeaR1qWBfo4Kw4aY4","EfNw2rVeteCFEjRPaBumGEygTRo8sS1wrVeWyP6W5HTp":"5vVgRVunj4VpDyhntCTfp4tSW7tJkxm2zY5y7Bx52pLw","9oBxugWkcbdNwVnpQyXva7LuGY1tqcrHcmzez5ss7XBJ":"4udjJPJNVfWdACZHp8XgDKTauWbXM7jQ6f5bcuBdtZdG","7Z26iMB8Y3cyKV1bPWTCdot2s2DJccYi6Scf1mv64iwN":"EcEQCGwFaGTQWnmjv2uj9atsSVHhXYmexRRDPD48ygDt","FDkK55eE6Ro9mURo4YGgHafL3D5NW8yhnkUAFFoJB8SD":"GWEoVL9JXnuMLBHfPfZUHxipCtXKqZFwNyXtGzyKKra7","GHPhJm8F5Kg4Xq3nxHfN2SKsgPwNPMuB8FHFsLE6RP8M":"7aZWpJ95SJN7Mh8fjBwLu5bgKnFjQMoNtBzX1mkud8V1","3cN1aMUUCyDC8VVcSyoC9ejAaYFkBKp65deCKJfbH7pL":"DGKecEzzCEg8ZeoMBE5Uu3dCaDDriaarQAGAGrqiEnC6","DE6EjZoMrC5a3Pbdk8eCMGEY9deeeHECuGFmEuUpXWZm":"88Xuwb8SpYjBZB7C3tH5aa2YF7FYMCrfAW1h13o2pCuj","8GgBoTphoBifhwuybFguKevdjXTYGBLGcwpgG8cCewwk":"DR5w9JpynKQL5LYxjzEGG5CYZYWzBMufemSivxBnuMgg","8VD5vFACkFyR5G1Nz7xievERN4bjQE7YdLhiDKBMTFxV":"Df6NXbztsvAQ3YWmA74egyttMHzwDHLqYwoNTw76WcAv","GjWRCJ1UF5x3sF1Q2mjfu7rU22bC9aRYJhA2rowNLekh":"Cgr9CGvxSdpVEGE6tiKYXdcQAV1mdSNafbwKkPm6i7AE","6uCCYVogMFvTjnSk3itNEAsVUmpJxj9F6kyTJwRTJy63":"H6GzLn8Mbky1R1ySX5qmqekT2xksz3rVzMcDSy1N4Yad","GB3C6u9Bstk3JwAFwkjRm8N6b3HaTKLhdD91W9ScMTmM":"HvnNXMg1K4pKVGuhuk9EFoUg4Gd6h5jpEyYqQVggcdjc","9Grws717whPvGHYFVpuq67KQakidaQeGUQCwp5FzjD95":"CWBef3xyPZqzUKzwm56AHiGYJJiBuHBZebfav9T2ibrq","AP6rUgcv8k2kkLrbyAUnY8z1q4hUvjnrcmewuQbMX7Wo":"7f1rmECREbn7vGmwz23UGbtgYjsxdZSKLxmcTLKQFFds","HuFKVQNyB177c9DiocQksYzBCtHMRUP5bBXZJzuLvYQm":"HCmJ8bkdUBUC62UAxdxTuZ4hJLGvHR7UoAfC1HZAF5JS","F7SrwFTQ8uWBs9zhN9fctLKLJdEAz8fu7XmNyi9Sebht":"FKvxdtpzCLemVUhEXQL6s4CV8SNEFRkuXrkUTP3ymx6H","DPfj2jYwPaezkCmUNm5SSYfkrkz8WFqwGLcxDDUsN3gA":"C7WgJNPThb5FZC9SSCwi4MMrqMEyoASNQfosCMKSEa8s","7jBrpiq3w2ywzzb54K9SoosZKy7nhuSQK9XrsgSMogFH":"69pvE2ZqdMTANDTU95QeiuSG1LFyGR7YP28PGehQD1FJ","3fxSHmDZx9zFdRucnAtTLAdFtqx2cvo4VaTix2iTgF7k":"8F2Rx9ZpMNZv7k9XghVT1jnbcdNdkGpsG4JrhJgJU8gS","3rgacody9SvM88QR83GHaNdEEx4Fe2V2ed5GJp2oeKDr":"BU7eVnGFJhYzLgMfBiU4sBQPGECpkGQ4aY1gjz5DjWKj","6piWpXiKDpn7XzAohbDQJCFmnevodATayWR3RLnUoecH":"7c8yZ9sYBzwDHBrRWckTScKQ56pw2xQ2L8SUfajVpYGY","FyVdsZs15c38b6vBjiYYfq9fPrcrZJjvMgjHtEB2T9Sa":"7mZrLPCrsyDj5JiTD32MSpNgkVo5ArPQRXKNAj6ArkaL","BF7GjWYv1AS9cDwRsdhHGrUanoYtQvZFPUQ75hnsRRhc":"97pPEHh9vkQPcT4Hoi3EH1fZCHTiHLTcwtKNjyeSGLVm","4V4R9dL7KxvPSVkLa2HCGW93eheGHFYEvThqvCxrPhdx":"Av4M2b6oX8VYqbUysUsTjK2m9Bw6FiJbA9jp5Vd1x74f","4RnYHByMqmrmwu5M4aArX16nAKDg9RWh9Qo3yoRfd3Py":"AUXjTaZrM1rVSpWMWsCTvFeqJc1TVzXNYKQ2u11sVzYs","8uUKyRx4Z4nDgunSpfftSvE3x7Z3Me5q7wp7T6rqfVey":"WpKuJjH3Ug51B2W5JcvyxooTCpBaRt99VTUJ6kXuViu","5ygcSjBuorC12JEzf5mvDzcWpdSLPDGgbDU4LompEFA":"4gzt6qEiG8zfhPHCKNqWcRc46Svrpz7cDeNyS1REZsn3","4M5NhdT3GBUNZvHQvifvpfp3bJfZwSKGnbFfnNy48cn6":"2CTWZMwrggdJap39qgW7RQEjNYKgbDSXmFSSCHbWZ7rx","7kpWh7ap6LhTt2DZQMxS5DMMe8g157sCrzRCc95bk23n":"ABRUZnWa7UvGScmoECQpKQPJJyRKWJsYy6GtXYmXMwy3","5CZXTTgVZKSzgSA3AFMN5a2f3hmwmmJ6hU8BHTEJ3PX8":"HGkLt5WbjUnFAhj87RukLY39BwKGHxLXeboMH7s4REdY","DdDpHC6gBJos4RaHLXuVr7o6fq1B5jscWGjx2B9XMjc8":"EhRCAAjGbjHF8TS8cftXioBywhKopsjUvj3VQVrAtzwA","EN1VhM7BmuqAuUDGDDnzXZdefaFpvNHFCAwjXzp6gRhJ":"74rLJcPBFvTtXhQNTQKr9MPwNAtvMmoprJHugsskExCA","5PvbCyFX2CCjnRM6rvGUQPP8DFHqfCHumxapRxtTuHb6":"D31hi13MuR3ThfHGowYz37JNSpshbE5QHYreUxkrTUuV","HY9J1nsJxrem6w4uBRaWi2A7iNruNFEooMFopfM584Mv":"FVvucdKpnde5LqbKrEPgZtoCUL31ZrLA4ZY4hPtkhbrs","5WRoQxE59966N2XfD2wYy1uhuyKeoVJ9NBMH6r6RNYEF":"HYkwoJS16eb1R3ZU7BvARxDZAT4ygVHXgEtmFf6QVbAV","85CTDt8gNfJhmqE3Xm2smDm54HmeT1jvLfPVBTkX8BTX":"2v9mU1fATydBNRTTAiUop7MYMANuNWT7Ete2kh8h2yWF","3yEZ9ZpXSQapmKjLAGKZEzUNA1rcupJtsDp5mPBWmGZR":"7LC3nbcWkQxz3P4f8iva15DyiCRGNKJLceqAKvFJbgXH","5s966j9dDcs6c25MZjUZJUCvpABpC4gXqf9pktwfzhw1":"6mrmZCkPDE7naLCMbEMhpuatknSxTMQRefjVcS6qFabG","H1Ywt7nSZkLDb2o3vpA5yupnBc9jr1pXtdjMm4Jgk1ay":"34ywpmtpp4PKyTRBukYc2JnsRvzaFsb96Ab6wVrog1VH","GBKmHWUVe4nJZcc4hQaF3L6GGE2SLBpxcHrpJSb91nE6":"2YzaALxo55pcqdbdui8FfVkcbBic49L73SCzoUWKBLNz","GEHUWno1Kh3Wu8VKCy2dLR2Kxo5YTZUJkA33NG1bCR1j":"FtTNAtuM3xYsin67GfaacB915B1GdL3MyQEuEk4QYZck","H7ZmXKqEx1T8CTM4EMyqR5zyz4e4vUpWTTbCmYmzxmeW":"4tjkh9dfHCsCNM7HAB1kDsCvdLuVuLRsQ2PTrhjGpQGc","HiyxvxXTf4VB1W7SiHcyysdskxTCfwmpeTqdJ8tettnD":"6SetXbhD2815zPMgbvLeHQ3z6KjuH5pWtV6uKbVjBJMd","FhiqrjSsQuEEe2FUMxzkwFadsAwA9ea9YMJLivEFKFbQ":"GUdtjyi7VChSL4Sux6oG9TzT5enPhCXNn2gyXf89rqGQ","4tSvZvnbyzHXLMTiFonMyxZoHmFqau1XArcRCVHLZ5gX":"BMag53STN25q5mjvzXAGqitG5aVNAAku45U31BYf1228","3Xg9Q4VtZhD4bVYJbTfgGWFV5zjE3U7ztSHa938zizte":"HDPFVVrqVq7DuvZrzQBthSJDiuYrCpsNST2zUiWQ3HAR","DTEmm1nC7n8vb3KmVabT6dEEnSNeDXNu1jWN4u2DfD7Z":"2HTcE7jvWc6pVjcRvegcaqmNdtf72eoGQViiRs1chGNr","Aa8mN8bXAobmcuHDpbbZh55SoadUry6WdsYz2886Ymqf":"55q2DjueCRp88Vp2NAio6EeGBucdqTrpjdBF1Yv3nKy2","77quYg4MGneUdjgXCunt9GgM1usmrxKY31twEy3WHwcS":"Bx7HULHpbB1V5WW7eFcYVFDC1kdRXyG1Q3YhrqK5uCsL","GFc4xUAAFaY84mZUBoLAodHBrPqT2FLqu8Mwg3FXqSYs":"EYwB1gQjb3snDZ94MSqmVEQzG3WZHLXwwz5Sx847yXZe","41UQxR6MBKfkXEpeiXvouagiAZWZsEbcrGyNHHDa4LnK":"FiVTz9efzc3gq19reykUTxFywcQhefqvAwXMfco2K6LU","67zJDzu9yCjHsQQE7aBXsvXH9TPL9MNbTr8X9WeqFQcC":"ESrGLtRNcu2LuWHbbDZeW7wziKgGMWQHFjnpxXgVWbTh","5rc3qjJTh8y5ZsES3eMyTDpxtzk1ncvS6rrfp7Vg3w1x":"6yVcPSD55LDgoPdpKZURBMTC9zs3y7e7T8FWSKCmPxcK","4absuMsgemvdjfkgdLQq1zKEjw3dHBoCWkzKoctndyqd":"3XjPmKPYvwawtBPFUctGZpecMvyvZct5JmczoYQxtpT8","6fspxMfBmYFTGFBDN5MU33A55i2MkGr7eSjBLPCAU6y9":"6EqZ4vfyrzxNjfakzYBUB21iQxiqXLuRVKvvgt52uMCu","EfckmBgVkKxBAqPgzLNni6mW1gbHaRKiJSJ3KgWihZ7V":"DAjawoKtKUhy8SybgTDC1ap4HEbXocLN6VnixqFP1hTA","7t6mFVJgHJM3o11ev8RYu8aFVB1oZF9TFJbyD1suwoS6":"EmPKGoNModyWHdqpfTP8KTmnYuee8meVE43a7p6MGYSZ","prLiL5ZsdKxDWT6doGZ4sEYHPoFxPBEGU5vJXffzShe":"vfRvxD2TvdE3HUPpokRtGJswPN797YU7eveSt85TEYN","2nFXPnJQJjEKg6Jwa4GvxGsGTXmtUJbx1dxtUEzwHyqc":"6r6xFxmZZBeZqSeYsCiL3S1qvqtjrWGBQvJpZweF2yQY","7jbVj4hSWRM5vcf2riAojBBnERy6Fj4AobKA4VwLtEU5":"4z9cjePDbC57JkJG4YpD7tPmzSYauFE8jFkFiESHVdLv","9oCx3vFm5ERDVdjmJHsqE5BJ4eLP4g1aTpf5T4RyRqVy":"HTNKbuCkLgrhzTiGMQqvLeCmqCguotP1v9X8AFCHYdzV","4WjeMRFULkagv9swdiFS5g6D4RB3Py3bXwCeGtRmjmqN":"AoJqsrURJLUU2ghjDKtCdfLZtyXQLgDGUrjpWNTyGFXV","88vztw7RTN6yJQchVvxrs6oXUDryvpv9iJaFa1EEmg87":"CXf4AcLdfSL5LCgZi5vx1cvPdBjuHscv3Kk69A4X4wGg","2wteg25ch227n4Rh1CN4WNrDZXBpRBpWJ48mEC2K7f4r":"J7N8ifghN2sBJDy2mxuhivxaHGxnxZmDjyxZ7spRVvLw","3nc3JGZJH2t7v4CDsUrVTuyB1CVPGUXksN77j17gFwjz":"G2g1asEntTk6qKU2HhmtVfPKL3eP1ZSNHCfaDdrBM13K","Cud48DK2qoxsWNzQeTL5D8sAiHsGwG8Ev1VMNcYLayxt":"Fhpe6nFjDz1BURu54vRUV8s8r3giPSnFfg6FjLP6RS95","2Ygu9Q8Yq2sszcuH6tToCz71AhNBWGPoKv9YWWBJER7Q":"54s89XjQodUaufdCJtnzkkw9gGcHsfBhMZPMkuzsjtdH","HkLEttvwk2b4QDAHzNcVtxsvBG35L1gmYY4pecF9LrFe":"GBJMNBCkzjvQFeRHXmPTGPhsW2DCrAnVXXss1yCLmTRP","8WoPkAps3uBz5Uz2CA8aL9qgYzUozLCffK6L294bkMid":"7TsEtY3vEuDo9oNcVSKZzn17fdjQvYD1s45gCzuSeLbk","CbjTW4ZYGgZ3MDSkrZSMckCdMLK1pmUivaUESvYwSDhN":"4Cus89x8eQm65pvubTxjqZjBTFLy6Q1JPBPsxZUN8SHZ","6hwK66FfUdyhncdQVxWFPRqY8y6usEvzekUaqtpKEKLr":"9HgkQ1oS8h8zwXu6juaqsdujpdfcYAKXXFZVQEFs181L","T3aC6qcPAJtX1gqkckfSxBPdPWziz5fLYRt5Dz3Nafq":"87soHQ5w4uK76717RCt2H2FiLjZGwyMUMYy7sbfvnRYk","snAcA1sUig2DMZ3LdkiogyMQie4iNFpAVkjY5wBLMCV":"9GKXhZSouRDsS8ifmHTitiEvVv9hVsCpR2qgizmoV1tb","CUttKiPJyu3dsfNwzaEHusGqY36qNkuWcZrVGrnPe9KQ":"pk2feLgXNj2xk9XhKh7LHjH4WTCCijpwfTF1F9XkREc","XSiwhjR4nQ9CenYXFN162Uk3ZR2njXCv5cvCsquyePL":"HewXeDiAci8aeegQDEakG2y4Ct1LaDQ3Np34j8PuPcV4","4j1C6pXC7fAW4mpT33pP8rr6fFDNk9McsdRJ8sz4zuwJ":"7zQFrn22MhdoTeRwtku2yu42HgTr9TLtwvZDQY9TYGqo","E9XAtU18PXeSMcz5gkAkZ6yfj1E5nzY21x576ZvEg9VA":"EUqiQVmV1UXHgaXMD4gobBKey8Honb3eHReeKMKukvzg","FCTxysCYMEUDsr29rkviYQvzepLGUVDm2DYDWmfSRh4G":"DvRY1jEaHtFizKCo3pMDNVNU59cPgK65xBPU983oPnBL","D7wSJSFM9ozAmSEnvFvQKs5oUEEqg3SHYj4N8484mYde":"FojYsENsmyJANAYtKSRMDN6QRmAkjBDkncezgDhMk4AX","DmMnR49PWFRTUVqBBAZaDkjXXY2VmtVUkUxyHj6YhT1d":"CEBum9VBW5C3FfXptmTfc4t5qDzqQwh7n5bJzXbbpnZT","C4zuS7w9dAZ823DQxjJZCSxw2fB7vHxvuhbELvQVURWp":"2oU1QAKigPdZZGmzZMxcvQL56m6PBfHQCZGW3r8yNAWf","95BpxiADwbKBhFKcd1aKpjpnyNBNms5oNsFvGpbANQR3":"DkRWSc4MNEANtbfc7GAYm8btj92dD6m3s1FFDXk4SuZe","N99ngemA29qSKqdDW7kRiZHS7h2wEFpdgRvgE3N2jy6":"fRVhcyh2GNFWNzKuKUcZoQJVMQ5au5hvhpmZd74kfYN","AcnAbXbc5YqEyYUksPbGuHR21SGFNDUdRm3xEvWHFN1Y":"EZoouRQcu9sVmdnmBNzXfzrAsxkeHKR9dSHihkAXoBnQ","rnfaw4KED48yYpoZ7JiLE7zf9s7wWeaYGAFcEfEePP1":"6vQz5ihzse37MjobHkcADsgZyaHD4Ac89fsZHoMSYfdy","FZAn2H4kzz4bFuez3Hqgg2qz1sHRQ5mPZkowiWMk95sX":"6D4L4LFtz35ktdVLy2xwdYjeowTjLSQCftaLzj2pVM6L","7MmPwD1K56DthW14P1PnWZ4zPCbPWemGs3YggcT1KzsM":"FGA41XWHfRCMrHoE8JFsxA95WivXAh9pPVjrb3f51GCs","3KNXNjf1Vp3V5gYPjwnpALYCPhWpRXsPPC8CWBXqmnnN":"9zMnDh5JjK7WePsAsvjiQMUef8vazXverP4Ro5agfQHG","8BdpjpSD5n3nk8DQLqPUyTZvVqFu6kcff5bzUX5dqDpy":"92YGQAehSGoMYTN62HJsJeYDCUTDFGLseVnQZfPjiyrr","7Bs6nRwGuaGYCV2euhNvqqoc6YrjqZcAMxHmi8KWWuh5":"6JRCjpN6bFFSfpaNoZ8mo5SJZm8rr9dWQfEKWnGjVU1j","GnFSvog1qSV17LQHzCnSWwBxkyVSxucnx8bYu4sy3c4k":"28bmfA3unsgyj3QjCuVzq4MYYisfh6dT6Ziv6c5TGyHB","2dKHkfJGKNxmtwdLcsqXFGcb8Xppw5RP6YVWEWjSfAHm":"2sPPEuDRoxGjZ8vKdMnAusUz7R1odQiz8py9VqHmt5C2","9B2PeCH5Hs2H4W246XCbBiVUDdQEBEr4tW1CVwmYyiYf":"3CkDNtU5dtsaSw7Bb6NYyYCpU39LDLUWDMaHADMykSaJ","9mJLgcpgwQtSSFixeUAbqw6JGiP8Px1CpbMzhuG6NCdk":"Fpi2RvGM7bgMtvaBevsLX2eeivy89b7Ax2nGa157uYrg","42QVcMqoXmHT94zaBXm9KeU7pqDfBuAPHYN9ADW8weCF":"EbKw9P8Z7RQuW1igS9SJFa9C2uUJm7hG7769rgR16RDk","7ewFm6sVHtjpUvCVc1MNtwLuKtidDZLYvF7eq4c2xWha":"8oFUjryLVFj3sgbZDmvaUY2Mh7NNAmSSvpFZ1oHUk56y","41ZnP6U4catotV7rFuv7JR9n53jcCGrBTBkowoBaQx5q":"Bm7cfUru3ck2X4FRBGXwUYAQZLdtfS2HYfFsF3jTBbfi","7tBTNaUM38y1mn1oozbL4TzNeb33ySg8W5eBer9HBPZ5":"5ykRRaQgAf6AqRF6LQY6onyc9tKD9rEjyhPHUhWBm6L4","EKW1SSfSfH8WUZ5C3xk9LFuA9hYhoBGnRrKXne5G1W21":"EN7npn1Qh9ub84vH95D52tzHJURy6tmsb3iGwPJer34c","BV2LPu37BdTYr3T9x75owx7prSijaXsqX4GeqdEcbfDn":"8rGhpnz9msQ4sUbtG9V5ZUeyuE2FVGD45VDrpAPkesUg","8xniCsRN3KdV4mzXkGqAMwpPZuF6agYxZ24X12x9iFbd":"7GJ6T61wyqzoF3skzAHE574mER27zo8M7brPauHTBcSc","4MUhHF5K9simSLXuaUKMaU8nMHSCRPzPMe7UtJRXi4HZ":"5M4YwzF7vN3AJi5soUnbFAf9eTLtM8sj6N6Nu2freohq","4k5mp4H52Zy6YSZPuVEfiXk5K45okXDbBxc5nfAhNRou":"4MK1ABMMJfj3pYiXdvumg1B9eMNbF3C6BF2yY1pZcY4F","Aubv1QBFh4bwB2wbP1DaPW21YyQBLfgjg8L4PHTaPzRc":"E6mgEiyErJQe25hXXwjEdCbYAT1ovwrMhEzW2kYFYR8","4JDhmLVobWpUaV8tr3ZGAXmSp3vMf24a2D2dVfoH1E5T":"Hjob9oLsTAYhpf4aTBq1mcwc2xNGifTzoCE8UwDktwqv","F4CtSAoT1xrQSgGAJ5sVBkhofjbh4m7LcYtSKk26u9Ty":"Gsqrp4GoQ8Fz8Rq8U1KLkYJWNBJXcXWwwQSufYYaLWZt","7W9pEftZmMvq9wm9tf5fLfMGMAY3bSa362ve1LzGDZq9":"EBKiyMZvwH1MxGsiHPfFfc8VfFmrrzt9VwHcK6ZAKcUe","8wbDUUvaW7mfLeCdfQNw5rSfRmc6ircjxCByEakKGnk1":"3Kg5SbQkgd2LdBnjwzPee2ik1jPdpHm2osWeTqGjtLVu","4pdQ2D4gehMhGu4z9jeQbEPUFbTxB5qcPr3zCynjJGyp":"CK1oQ16fdXL3E5huWTcmrjvEGA2ku2N9gZrRuS5ijE2e","B7b5rjQuqQCuGqmUBWmcCTqaL3Z1462mo4NArqty6QFR":"9nwxo2iNA84szUKRofuipWfW8U8sfSv9HSEs7yAysGr5","9AFTyrnz19kbXGRxtkazaVd3dBCkNLLsLMzDB85sPhdG":"Cko9oXj4Zp9oC3UnVeLEgrymijT8r8fZ3NZvg5R65QHc","79qqPAMsbVFWgFkUxQ3av5DPXK7pDDhgYFNVSwHL7UV7":"9XJpHd9w87NLAJNJWC3sa2fENaJsipgZWpgi5JSQHRwk","J6XHjm9JybM9dMoaT9D5AfVigR39UVZUoqS7UEZ7Uo6y":"8dnhffn5TfdHsfCYckXPd3UtQ88oS7rUBLdQPAaUiZ7t","Gr2KmhK7Upr4uW56B1QQrJuhhgmot6zAHJeZALTMStiX":"8R7YNcwxxCPnNQoPnGJLhH2WvsNALhfx8D87jPYiWAG4","6oGsL2puUgySccKzn9XA9afqF217LfxP5ocq4B3LWsjy":"21RhznfWdarpVi6aM432PRkQzyRq7PHZnidPoe5Z5rt2","A1Q9iJDVVS8Wsswr9ajeZugmj64bQVCYLZQLra2TMBMo":"9HGGSXpkT8bvgRLjsn8dSUquyLsdXXVv2sQLvjnzLby5","LghsMERQWQFK3zWMTrUkoyAJARQw2wSmcYZjexeN3zy":"87uXbbSaFk8qiKZzr9n1ziBdSHuHweRyyjb1vfnxnRvY","DrEfznVsZrzfcUd2FihUL2UMVVFTWSnrfiePd1G4jqoP":"DxTHA8RtbDDGa3stJhyEpfLB1scYzUyYfQLrgdxgCa4X","EZM8WpwGB18XYYoJjyw535DjWvWNnxDpNFzvRxm3CtY4":"DC7vHMFWavsqQCxwD452EmUfhvgbatfPgxyp8L3qF7dM","AU8VGwd4NGRbcMz9LT6Fu2LP69LPAbWUJ6gEfEgeYM33":"6CHMP21NJW6FmsrNsVFFx8eRUDVfUz6txbTVCAGqFkrF","ESd3PskTov69tkW5MmfdV8K7hXR35EXRYorWMNn61dD3":"BYBRQih839jrgVK2JuF3Tiv5Em6fvrPrd7zLoevjfL9D","DGvqfypSVSCVY4TExqPEapJUSQ9r8jUbbLgHTGToaedK":"69svX526KPXKuzzitBxhkvAjGxsHqu82asLi1gEc4fsq","HXFsb7CLFQPECRjgTMiAKr53RujWsH79SGNsNLjJuzXi":"pUkfazLV13RA61XePVpfdbXv1gU7fGaYL1oXcwNFUHp","BQqeNHJAGMy67vZRjgZ67ixVQsSKBrdM16KKcMCsUiHP":"8vc9JJNgDU2mWh37XdEHaxa6seiEdg7yd19oEezBV87L","Ci3wLTY3X9iuMxDGErSNwfWKcrhwPMugk8yWTGBvEzF":"8z2VjCtW9ERraQ6Ff5zekximcRc3bbyHXk8UMUvbJoyj","CBaYZDJktoYTrSc38Qd2dq3Kko9bzVKMx6i31nBRVSd4":"BJguKMrkRY6Atjp1fwiVEkNHERgei956D9TyiMGs87PG","A25EqMxhHQvDLrSKc3kNLWbqDtBGPqnxsAGjYExju2TR":"EYP1ofTYkDWd8qXeHNMhtH5FNgQKtH7mqLhBxP5W74sU","989iWSHpw4uJmBqn9xPpP445ipwjCBLrMxzPeSwh7b19":"Hbqm3QjXRrbKcgyhF97qjcJP1bMUuxs8tmwfT37UkJ4S","DLuhwVesu1GQBMzvEEcGeVFyLVSuc7id7D3Axq2gw2Dm":"5KdzfgdYExTt19dByWx97VHfqrM5FdwhhU1swPEtt5Jv","HxkQdUnrPdHwXP5T9kewEXs3ApgvbufuTfdw9v1nApFd":"63wnKssrrm6bBLf9jB1r2QHn2mj52iNwSJyXRfSkHQzn","8DKD5dKmmwparxCkpV2BQFTxt164rfadK8kX3at6hWUB":"BN7xQqHLpVs9oKT6qavaABkMRzDqVoyAYaWLPybJAwx9","H26kDiYmnME5MgNGvaxk4baD3C6d8ZUxFwrAFJLQ55t1":"DYPyNJgfJSBsyyA7sce18YX9DT4gMe9GtXfeYbgYehnw","4rtLjEACKFbUxGB2zrWxNkRnCNbSr7ES1ZsXrTd6mhbr":"3TSyec8gVMpq6UzzCNotzCAv7cmubhZkHj9hPU3zqS2F","BhubUpBxgKHyaiEEEhthri8otx63aHuyHRpJKgfmkU9y":"HZcfkaxVhKeokgY8QBZZCkMw2XPH8xWSg1zK9UfffUse","5CWfbdCLQGoWGy4qV91BUG2bjVbBQcZiLbRbamh7uRUy":"A8J2TWDA624oSaLU95kqeckvAu1pJP6VcopRXF7SE8SS","5xswMf18x4gFY3c5i3A2RwPwhfHPZ71kpzPpmQvWmm9V":"DYmQzbgqWdnfN1bvziU3V2LkT37qQpY7wbGznz48e2nk","D52sefGCWho2nd5UGxWd7wCftAzeNEMNYZkdEPGEdQTb":"3gXZ9JGiZb39fmPeZqvt6RHP5ARrhqgPun5ERVYwMd7a","94CZWJMy7Jmc7gSM288WmFfse596H12KCKgwMARkyvhw":"DziWJhio6GVoiVgXhj2iX1CCBEu8SzKiHWvAxzJrcWZ3","63PTn92SL43vSdNSbKRvPxhvNr2vzsoXT2aakz1JNpCb":"DJwdqcQvMLCgGhjoAF4r3Se7SkrctpimX45YY4H8w7xm","HCWgghHfDefcGZsPsLAdMP3NigJwBrptZnXemeQchZ69":"8iHwHsxLzz7bVNXRskB1vASpUZ5ZeyiyqKTuqZwrzErL","9cuBrXXSH9Uw51JB9odLqEyeF5RQSeRpcfXbEW2L8X6X":"3d2hCJwgQpyj9Wp8tnEhhJJ1LSKgEkmdhqL5QPU3TqNm","CptfkZ4ZVDosgjLAoxNApRUEBg82qQKfiqpWiJwc3iRF":"Bgoa4RmCEAH6Gcw4jEfCqPkqzZuvDevvTVSxFpT5jpvE","J7cPYBrXVy8Qeki2crZkZavcojf2sMRyQU7nx438Mf8t":"BvNAomJMEkAiTDVWwWjf9TDmeeFLBzia7nGBraEqGR33","QzB9DfWbNAUpfkwLNMLGfkK1AM2zttkMYGSwx5iCnGe":"4K7f88duv8zE5ssw3LfMtEpQ7eiAreUQGpkxnLQHWDsr","2yMZw2PesRePYdQgMux5YgEXJC2zEqth8TDR8L69sbk8":"E321yNVBhBT7YMEGyA9vRAwCkC6i5nyVxQdgiAnZdz7b","7Q4hee42y8ZGguqKmwLhpFNqVTjeVNNBqhx8nt32VF85":"2bz4UD2B6u6BfVZHwVVRcUykPRkBfC7t5tAsd3yYfK2X","FcPet5fz9NLdbXwVM6kw2WTHzRAD7mT78UjwTpawd7hJ":"FnFgzJSA9YdXQnaYuDj3SMadnfPkhjHGE5SKfEcF6Hc7","2Vjv9sdvuSzFzxJ7mBPRibRUXKBPUnhuqX5Gr6GGY4nv":"27NSwxLd7o8HA5aQUYfn5Ue1gZ6DusBiDokR8dq5h867","CQQAHgfsu5uFTPzwewZ7QrLLSPk1K9MmqnuxiwmPDBzN":"ARVk7J83PjCHpZdBkvcvoCoJPHxu8YdBFpXQL8wuTovE","5rfukSeFbBkmKEUdRpvve6VNmVZ8mLmXLn8fYJEuXma5":"PCwBNVo6L3QZ127hexpJT1GXk76gkyDK1g2dehYyhce","3BqiaptVkdDCJWz3gea31z1tC3qYfBktUffrSjXjYHWy":"8maizMn7HVhqUYsKfnuQs3ULxDNyqdizDgataduWjuVf","CUcCcPmEXWSGgbSyshhQ473iK6XSrcxvBc6219DYBwRV":"HADBPPH3z5Tz9MCTChETg99JaUeZuBsENgmcmCWDbKHs","AfTPQGf2hCXNvJZz3yGyNzvAd9p9bggGmY46i9FfrV5S":"3hH96gyrkSpCnHp9SXWcTaZDi11brRJLcm3Fdf3qk6as","7AHAKkL94Mx2VAkQb2kk74oNsxDnQ6aab4XwKwisfFdB":"GCajzd7y2rAKL2BBxJREEtu7Ns1vcewSCSCaC1h3Q3Ap","rg7cTDLMD7esJvAacmLRHwmD15HiDXsnAbCMQ8VM4kg":"87nYM8wpSHYnYi3fy8L2wNNTRc3SY93KLwsqRs9HueGY","6dnv5vwBDLuveTAT4uJfvkiCPaLZ1te7LNxovtEj6C7K":"7HzenRBgpcyBrbpZtt2sya6x7atqQ2LPyQrdGtBngjsg","2Pbh1CvRVku1TgewMfycemghf6sU9EyuFDcNXqvRmSxc":"Anz8J1fSZ75GXQNj8B2gpjEjhUkuaZRGMsAGZyeAm9iQ","C6tp2RVZnxBPFbnAsfTjis8BN9tycESAT4SgDQgbbrsA":"7kLRSnymaxV3Fmt4ATNNa9jQePgm6aFgF1P6WZmNK9Lw","74Ciu5yRzhe8TFTHvQuEVbFZJrbnCMRoohBK33NNiPtv":"7a7imCQ9pvuDSZxnKdH1pcrRYknqpf7U75xFfNsXLxKH","9d2NsCGUidYc4b4JD8vc9hbhm1HdTfGpCByUAUakGHCB":"DNgVDYiZQmJSvWNkRg63VqYVmfVUwSDpLx5GE5QCbxMq","5GH4F2Z9adqkEP8FtR4sJqvrVgBuUSrWoQAa7bVCdB44":"GEGLq7xUhXoqq9iizsY1PvrTxCQf2qvDBU9CDS5Bb1jV","GWAa1Jpx9Y7oxv2ECxPVVt7YDMc64KUAZk9YevAGHhhz":"4XB83zj3HEMvdZZzZMYuTWcdGRbkehDhGmNk6iKmNPCr","Hqmq1Qb6M1CPEpoCMngjxMGqzhcSqHCJXwgv1Y1qPL1x":"6LqaFHW9dY4r6noGmA1CfWyM3bfrF1TPumiV91ie1my6","6XZG8qSf6TX8ux313h4HkBWLHDJco3dB11Vmwj7KyHVo":"3NXgbj9DrYpDzz9LRrKa3XeSa9yYnBFKcFa1B6g1NqBd","BxcuT1p8FK9cFak4Uuf5nmoAZ7nQGu7FerCMESGqxF7b":"7euDCs5eDLMXXsZFdnE1kMzF5H5UpT6ZHimqf3c8AYZn","6bxuB5N3bt3qW8UnPNLgMMzDq5sEH8pFmYJYGgzvE11V":"2u8DkyJzHmALDdBZBCcnWes9Bk1NzCEkwaExfLFTp4vM","3sugXsa7kNeYFPHgLfSARAhxNpowZuwabGx2dqh6YUfx":"7mRF4GU6hVBALD7WAtRguEmrGhMosraguy1ttFNQ42qc","EtJWusSKDfxBfrQWJg6AXtqTE1NjadbjEcSNmar57ezX":"6mX5rwmXt91TDetvAd9dLe8EvvY6CR96f4Unh416Ji8i","5r8FfnbNYcQbS1m4CYmoHYGjBtu6bxfo6UJHNRfzPiYH":"4732fDQo8Q73PxSAYopPUZPBQGiZ1FdQPus3QEH5k4mq","3J7f96tjdfkhDFDsGzYZxrwiSXixFuC82Dmj8gVqkCra":"k7mtm5r1yrBNB1RDKCMYgbkyxt34p2icbqr9ZcwNdvE","D7p7PebNjpkH6VNHJhmiDFNmpz9XE7UaTv9RouxJMrwb":"EqCTFD62HJv8R6RKEmvKtU3ZLeiuZr7j53RkMLNNdvXM","3WptgZZu34aiDrLMUiPntTYZGNZ72yT1yxHYxSdbTArX":"G1eMPYysS3kjog9dU5bJGudYVADaTcyxcPM16RjNw6c4","6etHwWWCSUqondCtD2pQtj4tnvggAJtJovu3w7YuZzob":"Gf7hVRAn6CwAyExFVa3PYN6BCBqWtSRHVt7NHJKpXE89","7n5EgnauxVNdKGXr61wd3XKsyk1jQ5yW1ir2PJ5hnVfP":"AbEPrxCLeS5Ese9iQhBpzZ7LwEp7iQ1AsTiuhsfdpgGn","7ZrmgcS98TTgdxPwf2cMtCT3rysGmK3vh8NZCgVgwJdy":"6N73pvZ8dEDAsRXNEsb6eM5VtBGY5ySm3cLN8NfZYW2n","E8JQstcwjuqN5kdMyUJLNuaectymnhffkvfg1j286UCr":"4eM2b1QqVd67j8PzvHTrybyK1Gcipcbf7tmhNS5GtVfM","9zR51YmUq2Tzccaq4iXXWDKbNy2TkEyPmoqCsfpjw2bc":"Hj2YYa5kFwmqkZv1PkdHb2XK1quYXdZr7AFXNYpcKVSA","huVJXwRntbeSi6cZpEkane7wvCZo4gcmN3WNxr6gw89":"D8YeUzY1ekvq3pu8rSwq8fM86zvwz25TiA8bVfeFimfW","4Sg1g8U2ZuGnGYxAhc6MmX9MX7yZbrrraPkCQ9MdCPtF":"KS4ci4JMgJAE5BaTYPrFWyfRuPW1t3C1YadMf8Pj4Bv","2yoDhmTVdH9kc7v6pr4bWgUEzcd9pdF2tsWtSDhSeYPf":"3krBWt32hK2pK2B1oec49cxMg7sujnMrYNNpnmdfz93h","GjjGBpAsogfyKNnMzctHVGLf8S5DViWt21NRco1JFh6g":"FNg87cdX81BqcmYAJKEwVTRRPb83Rh8ENnh4QiRW95RF","9d9c6nXdTjgYr336UCmu8cBE8HNfVgseNgDMY6gHHUmk":"DaxPxvw5rwcxZohhAvFexgw6CmFGLZ6oQN659svc1RqB","AC11orBo1k5PFPyhjTj9o4KjcwD9b95hauSRtExy8eKv":"CnxD9b7vzk19G6Mujub3KampPVWong3312jNf4XYTKNC","9UBuWgKN8ZYXcZWN67Spfp3Yp67DKBq1t31WLrVrPjTR":"6zPfMz3DuoQzaBiaPDvBWB2RmjULjYpYXi9op7abaGbd","BJLjfdVRcbseMD1YFRGwARVGzCy1FERyzgqjFQErpuYB":"5SPghXRaUd6BVgGpHv4nVdGxgcwF6yhcCpqbKFNnWkye","C9ysJ6qFgwKqUAHAo6KFkdhqkqm4g8vHgx44c2f8nyvK":"bEeEHseyjRchhnhmbmrqf8s2VozyXHDJT7zrPQHjU9j","6RSZYm1jPB5BdBgBvDhmRB1TYNsLTkTvAMH6yQr128ac":"EboSeg7Luic2WzhowVRKupX7sUWsxaD2GD1To7mNFcpL","2FQbPW1ticJz2SMMbEXxbKWJKmw1wLc6ggSP2HyzdMen":"5rRoZCfa79o6Aty6ixeozermhfntaVREyyvTAf9ajTvH","E6umfgnsastaGANjpvzb15jaXdZH1wsg4ENHARgbjqUz":"Av71MgyepExTHCiq5cKCY4Zjx4LMh7sEZEBhP4AeHNCt","3djZW2bRhEpYuu5zUs4UJfQVJ8aoruU82EpF5NWhQLmn":"3D3azrHzoHiBNRZcWjyJsnwY2F6uKDVXM4vMeat7g1vU","4PD799gihM2SdM8g7PxfSWgQR8cWGNiuzmNzcL2RgpSu":"Cd9chQSYio5jqAoCavfFadX9S1SdqWj4DUf84CBtJiHU","5E1Bf3bei9epqu2UoPGw6gcnRPD3CKbH6huKGMJdSV5Z":"73E9AnCAGvWCGtB64k4eNFMikga62MErqGTdaV8qjaWG","G5YMJ4xjvsuqkHN5Z9time5YNyNzZLEo2MsfmCYiaQHf":"2hK2rG7nBebwBX5XzQbn2PJ8HZCTFwVPMMjQqDyZuEQJ","FrKM6kJtAjXknHPEpkrQtJSXZwUxV5dq26wDpc4YjQST":"BPSkQgLj2iwfsbTGsrDj3to2Q719PFwFBsibi6ukjETK","2Gx3UfV831BAh8uQv1FKSPKS9yajfeeD8GJ4ZNb2o2YP":"GawzcvP7VoAb3sNZYFXpFB8eckijjiRFBm7MFN1w6fD2","DZTYyy1L5Pr6DmTtYY5bEuU9g3LQ4XGvuYiN3zS25yG7":"3wvBnADwdA6WSWgdxQEsqeikUycR7E6ztKqCg3Hrbd1o","HPZsZw5xm8kBvPEBEaLghx1A1wikwbYdaYfFQMg1wVEo":"ALey2Ah4ahkfoLxJ9nrMhrdMeJCQAc5atusRLyhTnxXy","EHCty8rwVcE1T8Ccd6Emrd1oB2yNeMXz6kcgmE1Qa6sG":"4whBAD3UAsaSDmGsCWdNWJqyhv1zTiDqxPchVDgsyP1w","6HwcY27nbeb933UkEcxqJejtjWLfNQFWkGCjAVNes6g7":"wKD6FdoLK1J69pEeLhjJ4WX1FXhdeJyfgTfYMevML21","3GpGdWvyzy4z2bHAZ3jo4YPrZXueNPKyN3MAZrU9aNmM":"6j49KMKTnoyZfcNHR1WJhJ5ae34MP7BW9HVNsaJupwKP","3N4UgbUHUkwMU5DKFYRvz3HASbFjs3q9JLAYVRdEQvbp":"FYroMVp3wmZgJL8SoaGgMBNU3bJxfq8RF8jBfAHMRa1V","8dpaLWWPv6vFong1D8gHFDmYzHQreXuKcui3XCKBACCj":"6xCep2YQotXUMHW5B9ox692pXPidnbRbzZheaK6D7kVw","3Dpu2kXk87mF9Ls9caWCHqyBiv9gK3PwQkSvnrHZDrmi":"H1AHYJdj71Gksbw12GgJ8qLfTBhN4zWd3ABnJTAcnh7f","HchZzqewgC4pfsJU9uxFsrP4sLDqLsDntYRzE5RgrBak":"6X2iv2izxA7xUBc8HvEdAVgycBQ9nB3Y9fQgizyYDySc","2mNbHja2Sy5TMSjKdD4qdrsXpqemoyCvpZaHkDctZa1N":"46soDDUhBGMeVdqzh1ft4XnHv5LRLMrXcFEYvTKhKdPX","AhLNACGvMQk6vtDq1mdcG5gidbnH558rAD6fhxBpcKUi":"4LLEBj2SscBC5y2qVe8fj3oeZPj9ZuZeyviidm1rQMW9","4gr78LzJgL3RuCwomj1RzSsXwPpc1pzbMEG54idYFUqe":"CAf3T5zj1jNVTpujxBevJcVTUDqXQfFT5Z3RaRuG9Q9Q","7nZP6feE94eAz9jmfakNJWPwEKaeezuKKC5D1vrnqyo2":"7nDuGnpBbhfRARtTBkP1qvXMNFUZNT6VbTQaU5YhNAVL","9ZyhPpHwfFrXb6rqzng2hs2g3FnxpQDvKFfhNyM6Mj93":"6a4AeWXSQT31X1KWEEXmMmYp3L1XA3ZB7EpfqKhufPmo","5cLrMai1DsLRYc1Nio9qMTicsWtvzjzZfJPXyAoF4t1Z":"GVKMbRdhUPk2RFv5tAjXkYPjYpzdqremgE48p7baRgxG","cgani53cMZgYfRMgSrNekJTMaLmccRfspsfTbXWRg7u":"5gRCsN1sNSQwfbiZPaTc54URt1fLnnzPduQEGPmpdczQ","3DXDn8LUg1av8J8cZTPkEgJjeYbukMBNa7x9c47VxMWf":"H4LesE6Zu1PxvqUhNMTxrCDkCEbGftuCa8exoLrG6nMx","DFdcGFcAVWZ3UgVgpbBChFKen3URZdZ8dmju8GTXQgCE":"BrN7cG1um9Z53ND9jJv5YxuLEH6CBePXgrAE4TkAsV3S","DyR9UCbbWSSCWuvrBLN9heduofsisP6zWyxBP3rMxS2d":"Dwc71RVcwwpqHZEMg9UqDowv8QnTkZyac9NrSQ6orqGQ","G16K9HX2BVarYTx954btRuG3Ve9uX7cM5giQwD1dHeAM":"GLhfktNPnpCR5KmpSyDiPfqwP6CQbvseNp9ADd8RqaGc","GREiyoFSEM7zMce3VugkCggdUYXVK5MijJgGwn7DkVPF":"GADbdmnTRuGpzwpdYb6i7Sz2wtVTpoSC9xxFyrGUQEq","L48mQEKqj4f9BAcokgbB2vZ29w8X8HaYS3njco5JfRH":"CLhF7Q4GVYVKGr3HSXZQ5Y3wko2P2CX2NECR6gUSPcvs","FAHa34qbNbvtEBHgjuALk4WLJMwxJTtV6Z3V3p79XLWG":"4W8E99N7nj2JdU7846Tzesc9Ga2T511Uyrs4Cwb6C4Dy","4fxxwaq6yRna6cKVvyQt1EfZaT1oS7WzncCXaXMXS61X":"BwQzoCZdY3ZCpN2nSTdZhGmPey5fpFJ2agE7fCh78koh","Evyi9maUbYCUKhePyETWGbV7M3VZcRWALrvJG31yCwd3":"4v3Tx31tzVjkebSXrvR6VarLHtXWS34wucTeQCHEAp3j","C1EuT9VokAKLiW7i2ASnZUvxDoKuKkCpDDeNxAptuNe4":"FVanJCgPSrKG5bXxmvxPpeKbDieLmh5R726sPLhCJW8p","2aDYzSM9y2kAoECWdPbBU8cpnjn196mEqBbDETZEKiNW":"2QgQdnJDk25TmpZUwy9Mstkg2Ki6HYX1UgMjaa75RSt3","2sdQQDyBsHwQBRJFsYAGpLZcxzGscMUd5uxr8jowyYHs":"4BwM9MSGtDwRyd41YY8VjHWEaw4xisxnQ8Ma6caWbpCB","7S1pauEg5VWSXeEFQk9WZqBkGozZFUGiEAS5nub29krn":"8uof3qNJ77YM19yrsWQ8UE1qpwHENF1kj2GAYZbQEndg","6vXecj4ipEXChK9uPAd5giWn6aB3fn5Lbu4eVMLX7rRU":"389bD4ozq6qndK6tWTFuo3QGXmhGft7w8d3h9u2VH9kT","GnKPri4thaGipzTbp8hhSGSrHgG4F8MFiZVrbRn16iG2":"CgUApu3dkqEBwESEAGJS3orH8ddTnbpBTaKGVbBc8F5"}