{"address":"6Gh36sNXrGWYiWr999d9iZtqgnipJbWuBohyHBN1cJpS","nonce":255,"authority":"GXWEpRURaQZ9E62Q23EreTUfBy4hfemXgWFUWcg7YFgv","poolTokenMint":"Dkr8B675PGnNwEr9vTKXznjjHke5454EQdz3iaSbparB","poolTokenDecimals":6,"feeAccount":"HsC1Jo38jK3EpoNAkxfoUJhQVPa28anewZpLfeouUNk7","tokenIds":["5oVNBeEEQvYi1cX3ir8Dx5n1P7pdxydbGF2X4TxVusJm","EPjFWdd5AufqSSqeM2qN1xzybapC8G4wEGGkZwyTDt1v"],"tokens":{"5oVNBeEEQvYi1cX3ir8Dx5n1P7pdxydbGF2X4TxVusJm":{"tag":"scnSOL","name":"Socean Staked Sol","mint":"5oVNBeEEQvYi1cX3ir8Dx5n1P7pdxydbGF2X4TxVusJm","scale":9,"addr":"7xs9QsrxQDVoWQ8LQ8VsVjfPKBrPGjvg8ZhaLnU1i2VR"},"EPjFWdd5AufqSSqeM2qN1xzybapC8G4wEGGkZwyTDt1v":{"tag":"USDC","name":"USD Coin","mint":"EPjFWdd5AufqSSqeM2qN1xzybapC8G4wEGGkZwyTDt1v","scale":6,"addr":"FZFJK64Fk1t619zmVPqCx8Uy29zJ3WuvjWitCQuxXRo3"}},"curveType":0,"feeStructure":{"traderFee":{"numerator":25,"denominator":10000},"ownerFee":{"numerator":5,"denominator":10000}}}