{"address":"6HSguUukDH9zqJBm6oAAmFkg1WK9dJ5iLgnppTCM6jHm","nonce":255,"authority":"9T1koZp2PNJgspcx3G22yLiChBUfYzAjs2dhj2kgw2LZ","poolTokenMint":"6mJqqT5TMgveDvxzBt3hrjGkPV5VAj7tacxFCT3GebXh","poolTokenDecimals":6,"feeAccount":"JCqbv7r3mtYhzruNFjc21X14fndDVBLMiaNQrsHVpWui","tokenIds":["AURYydfxJib1ZkTir1Jn1J9ECYUtjb6rKQVmtYaixWPP","EPjFWdd5AufqSSqeM2qN1xzybapC8G4wEGGkZwyTDt1v"],"tokens":{"AURYydfxJib1ZkTir1Jn1J9ECYUtjb6rKQVmtYaixWPP":{"tag":"AURY","name":"Aurory","mint":"AURYydfxJib1ZkTir1Jn1J9ECYUtjb6rKQVmtYaixWPP","scale":9,"addr":"413s6jiRbayD9didA4VnY8kQVgVBgkYNpYB2tyNf8sbh"},"EPjFWdd5AufqSSqeM2qN1xzybapC8G4wEGGkZwyTDt1v":{"tag":"USDC","name":"USD Coin","mint":"EPjFWdd5AufqSSqeM2qN1xzybapC8G4wEGGkZwyTDt1v","scale":6,"addr":"GdPeogNxRWAZtUj7ZHc7fUpBuGHJosdbukiT2krFtXm8"}},"curveType":0,"feeStructure":{"traderFee":{"numerator":25,"denominator":10000},"ownerFee":{"numerator":5,"denominator":10000}}}