{"address":"Epvp7qMYAF21VVjacdB3VfKn6nnXQSF4rGYu8sD6Bkow","nonce":252,"authority":"AB4rTE2JiKFhnfynUQCovbW75CUxT9LxcJX2SDTbY9gy","poolTokenMint":"6VK1ksrmYGMBWUUZfygGF8tHRGpNxQEWv8pfvzQHdyyc","poolTokenDecimals":6,"feeAccount":"9U8UF7d8kBvsS25XoZnjmVQ9vGkP4BUnHJgfc615BvG1","tokenIds":["7xKXtg2CW87d97TXJSDpbD5jBkheTqA83TZRuJosgAsU","EPjFWdd5AufqSSqeM2qN1xzybapC8G4wEGGkZwyTDt1v"],"tokens":{"7xKXtg2CW87d97TXJSDpbD5jBkheTqA83TZRuJosgAsU":{"tag":"SAMO","name":"Samoyedcoin","mint":"7xKXtg2CW87d97TXJSDpbD5jBkheTqA83TZRuJosgAsU","scale":9,"addr":"7jwHW4Lw3nVaSJXskN5pUoKU6YB9RBVfZtGBp3VbR43U"},"EPjFWdd5AufqSSqeM2qN1xzybapC8G4wEGGkZwyTDt1v":{"tag":"USDC","name":"USD Coin","mint":"EPjFWdd5AufqSSqeM2qN1xzybapC8G4wEGGkZwyTDt1v","scale":6,"addr":"G7Gqjxk9EaJMeFfoFTSy9WfH8uurgQkbNQCREWAc56DZ"}},"curveType":0,"feeStructure":{"traderFee":{"numerator":25,"denominator":10000},"ownerFee":{"numerator":5,"denominator":10000}}}