{"address":"eKuTPdMHmnVzLP63oWwdUH6bBAVcdvBfg4zvH2nWWCj","nonce":255,"authority":"DYwCP16u5pmLMspCb8tdTQaaF2rBvM2qvgzm5uYvPUHT","poolTokenMint":"HjR8JgqNKQVMvdryqJw5RJ4PCE9WGk8sgbEF7S9S3obv","poolTokenDecimals":6,"feeAccount":"HoaPae92LswzSbvnVbdkBAYFNanrvK3kFvWtYyUhpC2o","tokenIds":["UXPhBoR3qG4UCiGNJfV7MqhHyFqKN68g45GoYvAeL2M","EPjFWdd5AufqSSqeM2qN1xzybapC8G4wEGGkZwyTDt1v"],"tokens":{"UXPhBoR3qG4UCiGNJfV7MqhHyFqKN68g45GoYvAeL2M":{"tag":"UXP","name":"UXD Protocol Token","mint":"UXPhBoR3qG4UCiGNJfV7MqhHyFqKN68g45GoYvAeL2M","scale":9,"addr":"BWL9ocg8VEBSfrS7zjUBUidE9T8p95J3p5wF6C4Vaqrs"},"EPjFWdd5AufqSSqeM2qN1xzybapC8G4wEGGkZwyTDt1v":{"tag":"USDC","name":"USD Coin","mint":"EPjFWdd5AufqSSqeM2qN1xzybapC8G4wEGGkZwyTDt1v","scale":6,"addr":"GQC4fM5E6dr9MsXvtMzAR4Z8iCduhyFvYCLdMAAHGCM2"}},"curveType":0,"feeStructure":{"traderFee":{"numerator":25,"denominator":10000},"ownerFee":{"numerator":5,"denominator":10000}}}