{"address":"ExeW62iy4xEUo5b5XnDru5oQCDRDUmBaFNqE4V4u7uvm","nonce":255,"authority":"2fSbre92FnmkeUP5iT7jdFKNB3nfx5yQ5GEW2mjVigMi","poolTokenMint":"D8WjqtwC9CzBrQKfSf2ccCHFQuPYwyLv5KAy8WjT5vnf","poolTokenDecimals":6,"feeAccount":"BGSDZoQyH8QGJDvQ8toms4Pk4HWHaFEXSUvJ3AAYXxmF","tokenIds":["NFTUkR4u7wKxy9QLaX2TGvd9oZSWoMo4jqSJqdMb7Nk","EPjFWdd5AufqSSqeM2qN1xzybapC8G4wEGGkZwyTDt1v"],"tokens":{"NFTUkR4u7wKxy9QLaX2TGvd9oZSWoMo4jqSJqdMb7Nk":{"tag":"BLOCK","name":"Blockasset","mint":"NFTUkR4u7wKxy9QLaX2TGvd9oZSWoMo4jqSJqdMb7Nk","scale":6,"addr":"7uJ5SFRGzrnbspUThix8M2wFJNnS8vvSKbCEhKmqMjNm"},"EPjFWdd5AufqSSqeM2qN1xzybapC8G4wEGGkZwyTDt1v":{"tag":"USDC","name":"USD Coin","mint":"EPjFWdd5AufqSSqeM2qN1xzybapC8G4wEGGkZwyTDt1v","scale":6,"addr":"4e5ZVp7u6YWEibveHscZmbmHpujtbJNUHFj14tqtAZKv"}},"curveType":0,"feeStructure":{"traderFee":{"numerator":25,"denominator":10000},"ownerFee":{"numerator":5,"denominator":10000}}}