{"address":"9pheQ8EX2wDKHZYm75G9haEbTyAcg8F2gFWybw2w6Vyc","nonce":253,"authority":"3rxJPYuiRijipJbciewUDacab2Wo3yAe1yWBGzmqn5f1","poolTokenMint":"2gXDJZ7XAtQEtf4PRSQZKoq1WMuu1H44tQanbMA3YVpu","poolTokenDecimals":6,"feeAccount":"2bei4349W8FUcu5gvP5Zt8yhkpwqcCngZxUkb3xRMJZJ","tokenIds":["BLwTnYKqf7u4qjgZrrsKeNs2EzWkMLqVCu6j8iHyrNA3","EPjFWdd5AufqSSqeM2qN1xzybapC8G4wEGGkZwyTDt1v"],"tokens":{"BLwTnYKqf7u4qjgZrrsKeNs2EzWkMLqVCu6j8iHyrNA3":{"tag":"BOP","name":"Boring Protocol","mint":"BLwTnYKqf7u4qjgZrrsKeNs2EzWkMLqVCu6j8iHyrNA3","scale":8,"addr":"HkHjLSaP9yyWTzMGD1DKyoc1Dfvhvw4vakRhyjcVUCKs"},"EPjFWdd5AufqSSqeM2qN1xzybapC8G4wEGGkZwyTDt1v":{"tag":"USDC","name":"USD Coin","mint":"EPjFWdd5AufqSSqeM2qN1xzybapC8G4wEGGkZwyTDt1v","scale":6,"addr":"CqRoKMF4kh2o568nFdDNHs7cszBjrkQME4RtCuTqcjCe"}},"curveType":0,"feeStructure":{"traderFee":{"numerator":25,"denominator":10000},"ownerFee":{"numerator":5,"denominator":10000}}}