{"address":"5pki97N9a6yEB3YQL3y8gvf4nSWnvEL9V6yms8Amnd9Z","nonce":255,"authority":"BqBc47X3wgrVzi8zPUMUvsaKWsj6JN4wKJ4ArGRKn2QG","poolTokenMint":"AzEoVuNJyo9ByoLRZ5t6vav2Zg24vULNVJM41PgCKUqR","poolTokenDecimals":6,"feeAccount":"9Qkje8PCpu4LrGwpudcN3sunWLVP6ZP61zNupaPKNRnr","tokenIds":["7Q2afV64in6N6SeZsAAB81TJzwDoD6zpqmHkzi9Dcavn","EPjFWdd5AufqSSqeM2qN1xzybapC8G4wEGGkZwyTDt1v"],"tokens":{"7Q2afV64in6N6SeZsAAB81TJzwDoD6zpqmHkzi9Dcavn":{"tag":"JSOL","name":"JPool","mint":"7Q2afV64in6N6SeZsAAB81TJzwDoD6zpqmHkzi9Dcavn","scale":9,"addr":"D4Am1hMwzQqULAvmEjwJLDGwoyTgakRXrn7ayWHMhiB7"},"EPjFWdd5AufqSSqeM2qN1xzybapC8G4wEGGkZwyTDt1v":{"tag":"USDC","name":"USD Coin","mint":"EPjFWdd5AufqSSqeM2qN1xzybapC8G4wEGGkZwyTDt1v","scale":6,"addr":"GznbQjBy2KKYYVLaJ6bM59GgekRsKT5QRi2NFMYNRcmf"}},"curveType":0,"feeStructure":{"traderFee":{"numerator":25,"denominator":10000},"ownerFee":{"numerator":5,"denominator":10000}}}