{"address":"FcEro2uFpHcb7Z785CBs6q12KMJqUJKa8VTXPi4TTBMf","nonce":252,"authority":"HMxZz8fv2uR9suzAPRbJGNB3wZL1eT3eKL3cpYWUbM8K","poolTokenMint":"7aYnrdmdCRodDy2Czn6keUquUhjF1jPEmfwZPh488z8U","poolTokenDecimals":6,"feeAccount":"YCVJDKdHNi1mhJtWz7QGbBRreMmw1soeipz7wZbQKEK","tokenIds":["7vfCXTUXx5WJV5JADk17DUJ4ksgau7utNKj4b963voxs","So11111111111111111111111111111111111111112"],"tokens":{"7vfCXTUXx5WJV5JADk17DUJ4ksgau7utNKj4b963voxs":{"tag":"whETH","name":"wh Ethereum","mint":"7vfCXTUXx5WJV5JADk17DUJ4ksgau7utNKj4b963voxs","scale":8,"addr":"3uQytDKNd5H6XK8FhTei4wCUmj2eTbLTbiLAtWk2SmbA"},"So11111111111111111111111111111111111111112":{"tag":"SOL","name":"Solana","mint":"So11111111111111111111111111111111111111112","scale":9,"addr":"GR3g8Wej3jmv92hYM1t22kaXog2xjkGjQ7V1XzLd1efT"}},"curveType":0,"feeStructure":{"traderFee":{"numerator":25,"denominator":10000},"ownerFee":{"numerator":5,"denominator":10000}}}