{"address":"CFCivUWXBuULVNfJezj1fAhX6hdwVFi2BsCtpu6m96bR","nonce":255,"authority":"JGhNs5r7YNnJokzzXZWE3REKV8x4GiUvn2xSg7XGg59","poolTokenMint":"DfgCnzaiTXfPkAH1C1Z441b5MzjjTCEh134ioxqRZxYf","poolTokenDecimals":6,"feeAccount":"HwwgrSjJGFBtRN8h2daWnVLBciwoo79wNeKi6b5SZmE2","tokenIds":["iVNcrNE9BRZBC9Aqf753iZiZfbszeAVUoikgT9yvr2a","So11111111111111111111111111111111111111112"],"tokens":{"iVNcrNE9BRZBC9Aqf753iZiZfbszeAVUoikgT9yvr2a":{"tag":"IVN","name":"Investin","mint":"iVNcrNE9BRZBC9Aqf753iZiZfbszeAVUoikgT9yvr2a","scale":6,"addr":"C5yDeB3jBz5yZPa6FgP6b7HNoFxLP63Pyzpaosnkikis"},"So11111111111111111111111111111111111111112":{"tag":"SOL","name":"Solana","mint":"So11111111111111111111111111111111111111112","scale":9,"addr":"CCm846T6xj9VAhSAifuUJAXYCR3kaGp5KqhXFHCaeWUh"}},"curveType":0,"feeStructure":{"traderFee":{"numerator":25,"denominator":10000},"ownerFee":{"numerator":5,"denominator":10000}}}