{"address":"D67u6UEuFp9Q4Fu2gnu5thxBoVj2eRgDDDirdWsMVsgm","nonce":255,"authority":"4kwchkCnCaZPkBdnk85j9bJ9F1P883rwjbvsXGV7H5rM","poolTokenMint":"GsfyYHkSgC3Ta6aWR9MjB2sxoBrkGGeR2tAwXbpphf3","poolTokenDecimals":6,"feeAccount":"GdHXLai5M8FKedXUsECSzrV72nb1RTCCooFyTWT8WYmT","tokenIds":["orcaEKTdK7LKz57vaAYr9QeNsVEPfiu6QeMU1kektZE","7vfCXTUXx5WJV5JADk17DUJ4ksgau7utNKj4b963voxs"],"tokens":{"orcaEKTdK7LKz57vaAYr9QeNsVEPfiu6QeMU1kektZE":{"tag":"ORCA","name":"Orca","mint":"orcaEKTdK7LKz57vaAYr9QeNsVEPfiu6QeMU1kektZE","scale":6,"addr":"EMxDw1NjdddQjPk9gCUN4iDMy8HJ5siKYMVjGbjuUCrh"},"7vfCXTUXx5WJV5JADk17DUJ4ksgau7utNKj4b963voxs":{"tag":"whETH","name":"wh Ethereum","mint":"7vfCXTUXx5WJV5JADk17DUJ4ksgau7utNKj4b963voxs","scale":8,"addr":"DQyhcuEvE1K9DSd51agcNLg4CDrgthnKMVhU7q6R55LV"}},"curveType":0,"feeStructure":{"traderFee":{"numerator":25,"denominator":10000},"ownerFee":{"numerator":5,"denominator":10000}}}