{"address":"2ZnVuidTHpi5WWKUwFXauYGhvdT9jRKYv5MDahtbwtYr","nonce":255,"authority":"2PH1quJj9MHQXATCmNZ6qQ2gZqM8R236DpKaz99ggVpm","poolTokenMint":"2uVjAuRXavpM6h1scGQaxqb6HVaNRn6T2X7HHXTabz25","poolTokenDecimals":6,"feeAccount":"4Zc4kQZhRQeGztihvcGSWezJE1k44kKEgPCAkdeBfras","tokenIds":["orcaEKTdK7LKz57vaAYr9QeNsVEPfiu6QeMU1kektZE","So11111111111111111111111111111111111111112"],"tokens":{"orcaEKTdK7LKz57vaAYr9QeNsVEPfiu6QeMU1kektZE":{"tag":"ORCA","name":"Orca","mint":"orcaEKTdK7LKz57vaAYr9QeNsVEPfiu6QeMU1kektZE","scale":6,"addr":"AioST8HKQJRqjE1mknk4Rydc8wVADhdQwRJmAAYX1T6Z"},"So11111111111111111111111111111111111111112":{"tag":"SOL","name":"Solana","mint":"So11111111111111111111111111111111111111112","scale":9,"addr":"73zdy95DynZP4exdpuXTDsexcrWbDJX9TFi2E6CDzXh4"}},"curveType":0,"feeStructure":{"traderFee":{"numerator":25,"denominator":10000},"ownerFee":{"numerator":5,"denominator":10000}}}