{"address":"DXNct3MfHDuhKiXHY3AUXPtj5sQVY3feuDxkDRfCw1rL","nonce":254,"authority":"JBCdhgkmW6xHdZUZdKdf56qov9LtHixf47JpoCWm4qcn","poolTokenMint":"FnDxJPNk7pPmGHUbR4XUHmHevrkXHdna5D3sQKcAtjBL","poolTokenDecimals":6,"feeAccount":"DRn2F5MsWzLihtqsheuJmugJuHQGDR23cvqCLy7eCucw","tokenIds":["ErGB9xa24Szxbk1M28u2Tx8rKPqzL6BroNkkzk5rG4zj","EPjFWdd5AufqSSqeM2qN1xzybapC8G4wEGGkZwyTDt1v"],"tokens":{"ErGB9xa24Szxbk1M28u2Tx8rKPqzL6BroNkkzk5rG4zj":{"tag":"FRKT","name":"FRAKT Token","mint":"ErGB9xa24Szxbk1M28u2Tx8rKPqzL6BroNkkzk5rG4zj","scale":8,"addr":"AUSeFBvVtLiZRppRu8Uvd8NjzCkQzaCi5Si8WWyko9p"},"EPjFWdd5AufqSSqeM2qN1xzybapC8G4wEGGkZwyTDt1v":{"tag":"USDC","name":"USD Coin","mint":"EPjFWdd5AufqSSqeM2qN1xzybapC8G4wEGGkZwyTDt1v","scale":6,"addr":"C3RzSoNiBfTNbAZMyyuV2aLfwGQRyjvkjL3pf9iuvU3R"}},"curveType":0,"feeStructure":{"traderFee":{"numerator":25,"denominator":10000},"ownerFee":{"numerator":5,"denominator":10000}}}