{"address":"2q6UMko5kTnv866W9MTeAFau94pLpsdeNjDdSYSgZUXr","nonce":255,"authority":"Gyd77CwV23qq937x9UDa4TDkxEeQF9tp8ifotYxqW3Kd","poolTokenMint":"APNpzQvR91v1THbsAyG3HHrUEwvexWYeNCFLQuVnxgMc","poolTokenDecimals":6,"feeAccount":"42Xzazs9EvjtidvEDrj3JXbDtf6fpTq5XHh96mPctvBV","tokenIds":["5oVNBeEEQvYi1cX3ir8Dx5n1P7pdxydbGF2X4TxVusJm","So11111111111111111111111111111111111111112"],"tokens":{"5oVNBeEEQvYi1cX3ir8Dx5n1P7pdxydbGF2X4TxVusJm":{"tag":"scnSOL","name":"Socean Staked Sol","mint":"5oVNBeEEQvYi1cX3ir8Dx5n1P7pdxydbGF2X4TxVusJm","scale":9,"addr":"C8DRXUqxXtUgvgBR7BPAmy6tnRJYgVjG27VU44wWDMNV"},"So11111111111111111111111111111111111111112":{"tag":"SOL","name":"Solana","mint":"So11111111111111111111111111111111111111112","scale":9,"addr":"DzdxH5qJ68PiM1p5o6PbPLPpDj8m1ZshcaMFATcxDZix"}},"curveType":2,"amp":100,"feeStructure":{"traderFee":{"numerator":6,"denominator":10000},"ownerFee":{"numerator":1,"denominator":10000}}}