{"address":"3a3G1RjJe826EB1toShvPPWnyi2jXR53HP4vYb936kwj","nonce":254,"authority":"94V4mU6bWzU86tdzFbBCjkFngqXvf5MwXKhVLgJA83vL","poolTokenMint":"2VuGzaMrDnDyZfYvDwSXk38s7M2wpud7LDY3dGA1J9sy","poolTokenDecimals":6,"feeAccount":"9iHGnquXmnJnSATN4ijGj7Niz4StxXEMC8KqB1pT51uW","tokenIds":["UNQtEecZ5Zb4gSSVHCAWUQEoNnSVEbWiKCi1v9kdUJJ","EPjFWdd5AufqSSqeM2qN1xzybapC8G4wEGGkZwyTDt1v"],"tokens":{"UNQtEecZ5Zb4gSSVHCAWUQEoNnSVEbWiKCi1v9kdUJJ":{"tag":"UNQ","name":"UNQ","mint":"UNQtEecZ5Zb4gSSVHCAWUQEoNnSVEbWiKCi1v9kdUJJ","scale":6,"addr":"Hf4gYkKNAPhm2RYrXrcP9YVL44VbYnsRsyUuBnZGzqPr"},"EPjFWdd5AufqSSqeM2qN1xzybapC8G4wEGGkZwyTDt1v":{"tag":"USDC","name":"USD Coin","mint":"EPjFWdd5AufqSSqeM2qN1xzybapC8G4wEGGkZwyTDt1v","scale":6,"addr":"BZ9oTLGDL6tsvoooQ9qEBSM3sYKJB1v2e9b4en5ix1Mp"}},"curveType":0,"feeStructure":{"traderFee":{"numerator":25,"denominator":10000},"ownerFee":{"numerator":5,"denominator":10000}}}