{"address":"BpiM8jnpbha2TnTKp4AogyLYYA99Ks73GfDGueUWLakT","nonce":255,"authority":"DVSsnD9fid2o6nzqbET1LctDmNMHBthf8LS1u9ZPyebr","poolTokenMint":"68YVjgPnTUPcBqZyghqvD2WPNsrLKsjYTmBKJzHRr4qd","poolTokenDecimals":6,"feeAccount":"ETX7csSJYTMYFwLAC6oPDKXnYWdpkzsNXyG2JuxVV4tJ","tokenIds":["mSoLzYCxHdYgdzU16g5QSh3i5K3z3KZK7ytfqcJm7So","9vMJfxuKxXBoEa7rM12mYLMwTacLMLDJqHozw96WQL8i"],"tokens":{"mSoLzYCxHdYgdzU16g5QSh3i5K3z3KZK7ytfqcJm7So":{"tag":"mSOL","name":"Marinade.finance","mint":"mSoLzYCxHdYgdzU16g5QSh3i5K3z3KZK7ytfqcJm7So","scale":9,"addr":"8SuMMuDbSGVpWjp3fW5kzpMWuMhxcdQwGgLJiviP25UD"},"9vMJfxuKxXBoEa7rM12mYLMwTacLMLDJqHozw96WQL8i":{"tag":"wUST","name":"TerraUSD (Wormhole)","mint":"9vMJfxuKxXBoEa7rM12mYLMwTacLMLDJqHozw96WQL8i","scale":6,"addr":"FL5QM8K2AYrqN52ssqr9GA3goYGkUiXQQxXfFFc9xD4f"}},"curveType":0,"feeStructure":{"traderFee":{"numerator":25,"denominator":10000},"ownerFee":{"numerator":5,"denominator":10000}}}