{"address":"4reGGLbesqpAeAZdAJv9hhgA2tgj45oGcyRuEvhATdMm","nonce":252,"authority":"8uLtzZ1iTLTCPsm3b4QttRmDXcFjhVHRuMS9VTVEwo7E","poolTokenMint":"7NPtjjAP7vhp4t5NCLyY4DY5rurvyc8cgZ2a2rYabRia","poolTokenDecimals":6,"feeAccount":"AVw52spXtzFh4bb5ghhpJaDbLx3XWuY85eQNDEo3X1yN","tokenIds":["7vfCXTUXx5WJV5JADk17DUJ4ksgau7utNKj4b963voxs","EPjFWdd5AufqSSqeM2qN1xzybapC8G4wEGGkZwyTDt1v"],"tokens":{"7vfCXTUXx5WJV5JADk17DUJ4ksgau7utNKj4b963voxs":{"tag":"whETH","name":"wh Ethereum","mint":"7vfCXTUXx5WJV5JADk17DUJ4ksgau7utNKj4b963voxs","scale":8,"addr":"9KpjcpKwhoFPbixvKDfcAhBQcVXk1CSBTGsJdzojDPRv"},"EPjFWdd5AufqSSqeM2qN1xzybapC8G4wEGGkZwyTDt1v":{"tag":"USDC","name":"USD Coin","mint":"EPjFWdd5AufqSSqeM2qN1xzybapC8G4wEGGkZwyTDt1v","scale":6,"addr":"5HaG31FQS4McBVcHxVfwaKaWXE3VCGqvJ1ZDkTxs94cQ"}},"curveType":0,"feeStructure":{"traderFee":{"numerator":25,"denominator":10000},"ownerFee":{"numerator":5,"denominator":10000}}}