{"address":"Fpwa7a1r7kjax1nW25TVP3uiQc7XH9dv9n9UXMJRSTEx","nonce":254,"authority":"9odZioXkQTCZERzQXbDTfirMfbP9FtKqsP9LvHgm6wJr","poolTokenMint":"cL5WhffCYFRLM4We8VS2W684kM4pHyuvEDwp8Ddw48k","poolTokenDecimals":6,"feeAccount":"3nyqxtRPnYrwEHneWgbN1197aZoEaemnSNQ7rgJLv8hS","tokenIds":["HBB111SCo9jkCejsZfz8Ec8nH7T6THF8KEKSnvwT6XK6","EPjFWdd5AufqSSqeM2qN1xzybapC8G4wEGGkZwyTDt1v"],"tokens":{"HBB111SCo9jkCejsZfz8Ec8nH7T6THF8KEKSnvwT6XK6":{"tag":"HBB","name":"Hubble","mint":"HBB111SCo9jkCejsZfz8Ec8nH7T6THF8KEKSnvwT6XK6","scale":6,"addr":"2vq1vt98xBPUmvbTC5nH4GtsjJVeA64kwv6CZc7xSAf6"},"EPjFWdd5AufqSSqeM2qN1xzybapC8G4wEGGkZwyTDt1v":{"tag":"USDC","name":"USD Coin","mint":"EPjFWdd5AufqSSqeM2qN1xzybapC8G4wEGGkZwyTDt1v","scale":6,"addr":"B7f4A1Pp6RCjWYv5Lsrf4MecmZQDMekXh4MFQasCQuRB"}},"curveType":0,"feeStructure":{"traderFee":{"numerator":25,"denominator":10000},"ownerFee":{"numerator":5,"denominator":10000}}}