{"address":"4SUBbivGMvMhem3ajVtkmuPvL4GuQ8kfYTJFuQfG4F8t","nonce":255,"authority":"owuNLod7H14GpQCUodcdBBeD4LiZ2T5U9KpS2sAbTp6","poolTokenMint":"EYsNdtyu4gGTaGz8N5m5iQ3G1N6rDyMbR72B3CqbWW4W","poolTokenDecimals":6,"feeAccount":"J2s1GpduscTTvMYt3os8LdvT24uhr9bPnTbxSKZZhEma","tokenIds":["EchesyfXePKdLtoiZSL8pBe8Myagyy8ZRqsACNCFGnvp","So11111111111111111111111111111111111111112"],"tokens":{"EchesyfXePKdLtoiZSL8pBe8Myagyy8ZRqsACNCFGnvp":{"tag":"FIDA","name":"Bonfida","mint":"EchesyfXePKdLtoiZSL8pBe8Myagyy8ZRqsACNCFGnvp","scale":6,"addr":"9ofyx5yFzjH1XWmJzfiGCDfhq6ho8yFbszGQrrJXe54"},"So11111111111111111111111111111111111111112":{"tag":"SOL","name":"Solana","mint":"So11111111111111111111111111111111111111112","scale":9,"addr":"55moYcq91pXbSRpL2DR8P3BehqSNWiJrdTn5SZFc2STn"}},"curveType":0,"feeStructure":{"traderFee":{"numerator":25,"denominator":10000},"ownerFee":{"numerator":5,"denominator":10000}}}