{"address":"PQ1sBpkZYTkXo2aDRqWU2sEJGUj7yaeJ3GePoCRYU4V","nonce":253,"authority":"DvbTrW3tUfdgBDU5TFxfXjBpGUYivQP8MiSA5YmXHZGF","poolTokenMint":"7cuu94swKL5PtFQohKMAzyd1mjj65rgMW3GzLY31HCnK","poolTokenDecimals":6,"feeAccount":"AsR18ERwBhmTkjNpav9NDWdeUzvmDH2TXCwfy2kinat","tokenIds":["GENEtH5amGSi8kHAtQoezp1XEXwZJ8vcuePYnXdKrMYz","EPjFWdd5AufqSSqeM2qN1xzybapC8G4wEGGkZwyTDt1v"],"tokens":{"GENEtH5amGSi8kHAtQoezp1XEXwZJ8vcuePYnXdKrMYz":{"tag":"GENE","name":"Genopets","mint":"GENEtH5amGSi8kHAtQoezp1XEXwZJ8vcuePYnXdKrMYz","scale":9,"addr":"LiM9qAQi7ud4fCkAcGcJJzmY47od7vzzeqKBejATbJm"},"EPjFWdd5AufqSSqeM2qN1xzybapC8G4wEGGkZwyTDt1v":{"tag":"USDC","name":"USD Coin","mint":"EPjFWdd5AufqSSqeM2qN1xzybapC8G4wEGGkZwyTDt1v","scale":6,"addr":"APQyCmCvyVFreK2JjFHinmja24jTHdwm4umNJo67Nu2v"}},"curveType":0,"feeStructure":{"traderFee":{"numerator":25,"denominator":10000},"ownerFee":{"numerator":5,"denominator":10000}}}