{"address":"ByfDbpLVNVQHzU6E5dmLE1kcAKWAYRr9LPSGcVxxSRFF","nonce":255,"authority":"7G6i4eQxiJvXg7hPn5kMrso8AHQNsdfPZZdJM3NNJuYz","poolTokenMint":"E5kSBqTDxFLbLNQaVVtPtnhEYVLMCK2fVSEKoMKL98qR","poolTokenDecimals":6,"feeAccount":"CtBP4cFDLzm3KQCQRKXwwsMgYG9f6hbwuUswUZBzYvvY","tokenIds":["METAmTMXwdb8gYzyCPfXXFmZZw4rUsXX58PNsDg7zjL","EPjFWdd5AufqSSqeM2qN1xzybapC8G4wEGGkZwyTDt1v"],"tokens":{"METAmTMXwdb8gYzyCPfXXFmZZw4rUsXX58PNsDg7zjL":{"tag":"SLC","name":"Solice","mint":"METAmTMXwdb8gYzyCPfXXFmZZw4rUsXX58PNsDg7zjL","scale":6,"addr":"EnvNSVK9JRQ5jmsz7nvbhYmR3MHSeMvB8Mf1e4VwoyRe"},"EPjFWdd5AufqSSqeM2qN1xzybapC8G4wEGGkZwyTDt1v":{"tag":"USDC","name":"USD Coin","mint":"EPjFWdd5AufqSSqeM2qN1xzybapC8G4wEGGkZwyTDt1v","scale":6,"addr":"CHuUSo3EMCqtGWvUGRj4crmDzV5YKdYvqrhHSEitAP8V"}},"curveType":0,"feeStructure":{"traderFee":{"numerator":25,"denominator":10000},"ownerFee":{"numerator":5,"denominator":10000}}}