{"address":"6MxUhBLXHCqpdYaFPTmw1D9fQ7zYnm9grZyJvpGiqr15","nonce":255,"authority":"SvWmpVVUkv8cwoRnBQ5Gqt2FFYjdpWLS665gE2ZLNQp","poolTokenMint":"EorFh8siFyLF1QTZ7cCXQaPGqyo7eb4SAgKtRH8Jcxjd","poolTokenDecimals":6,"feeAccount":"6vWYnRDEHu7kRLbA2dnBgEfbdba72iDMDD9k3munyPaP","tokenIds":["8upjSpvjcdpuzhfR1zriwg5NXkwDruejqNE9WNbPRtyA","EPjFWdd5AufqSSqeM2qN1xzybapC8G4wEGGkZwyTDt1v"],"tokens":{"8upjSpvjcdpuzhfR1zriwg5NXkwDruejqNE9WNbPRtyA":{"tag":"GRAPE","name":"Grape","mint":"8upjSpvjcdpuzhfR1zriwg5NXkwDruejqNE9WNbPRtyA","scale":6,"addr":"686KiYDMMkbredNoWx8yqvAdKSiHuWSG3dnbL6yWYmZp"},"EPjFWdd5AufqSSqeM2qN1xzybapC8G4wEGGkZwyTDt1v":{"tag":"USDC","name":"USD Coin","mint":"EPjFWdd5AufqSSqeM2qN1xzybapC8G4wEGGkZwyTDt1v","scale":6,"addr":"9i14ZKzaDmzKCAQb8hCv4h5GCo2Xiq83JcL7bofk4Ddj"}},"curveType":0,"feeStructure":{"traderFee":{"numerator":25,"denominator":10000},"ownerFee":{"numerator":5,"denominator":10000}}}