{"address":"CdKPtCb5fBRaGFS4bJgytfReeHuFyhpe9YUyWHPnEWZG","nonce":251,"authority":"8XB9V3VuHtPBzHqvxzcmpkpaoXNXjZMD8VBHC79SxcEL","poolTokenMint":"GteBdo9sqE7T41G8AJsaG9WHW48uXBwsLLznmu2TBdgy","poolTokenDecimals":6,"feeAccount":"3gZQ2YnrXbnRwJj5poffLirF7CwacatvtfGCNRFrbJdr","tokenIds":["poLisWXnNRwC6oBu1vHiuKQzFjGL4XDSu4g9qjz9qVk","EPjFWdd5AufqSSqeM2qN1xzybapC8G4wEGGkZwyTDt1v"],"tokens":{"poLisWXnNRwC6oBu1vHiuKQzFjGL4XDSu4g9qjz9qVk":{"tag":"POLIS","name":"Star Atlas DAO","mint":"poLisWXnNRwC6oBu1vHiuKQzFjGL4XDSu4g9qjz9qVk","scale":8,"addr":"EbXNEUiKxSU1vwwhrbVNVk3qX4o1yU3p75SQUUMfc1zH"},"EPjFWdd5AufqSSqeM2qN1xzybapC8G4wEGGkZwyTDt1v":{"tag":"USDC","name":"USD Coin","mint":"EPjFWdd5AufqSSqeM2qN1xzybapC8G4wEGGkZwyTDt1v","scale":6,"addr":"CLCj9b1vdPutrkvZS8ACTM5q42SXB2Q7khnMLVxDMGEK"}},"curveType":0,"feeStructure":{"traderFee":{"numerator":25,"denominator":10000},"ownerFee":{"numerator":5,"denominator":10000}}}