{"address":"EfK84vYEKT1PoTJr6fBVKFbyA7ZoftfPo2LQPAJG1exL","nonce":252,"authority":"8PSN1CQxfyZ7T4sM3HM3RAgF2Y6VCf4tKSc8xY73Tnq5","poolTokenMint":"GtQ1NT7R5aaTiST7K6ZWdMhwDdFxsSFvVFhBo8vyHGAq","poolTokenDecimals":6,"feeAccount":"CJhL3UGesECFt6fvLB3csrGMuHf3M3G78pUzTopUiV8T","tokenIds":["7dHbWXmci3dT8UFYWYZweBLXgycu7Y3iL6trKn1Y7ARj","EPjFWdd5AufqSSqeM2qN1xzybapC8G4wEGGkZwyTDt1v"],"tokens":{"7dHbWXmci3dT8UFYWYZweBLXgycu7Y3iL6trKn1Y7ARj":{"tag":"stSOL","name":"Lido Staked SOL","mint":"7dHbWXmci3dT8UFYWYZweBLXgycu7Y3iL6trKn1Y7ARj","scale":9,"addr":"9SEBxqhP8sTAzmfiQfCPim1MqQXuDPb6fkGzJF7Z339i"},"EPjFWdd5AufqSSqeM2qN1xzybapC8G4wEGGkZwyTDt1v":{"tag":"USDC","name":"USD Coin","mint":"EPjFWdd5AufqSSqeM2qN1xzybapC8G4wEGGkZwyTDt1v","scale":6,"addr":"G45yhM5mZ5RXZpLxGWLk3PVzdAp33z8aH6F9mLW8fQj3"}},"curveType":0,"feeStructure":{"traderFee":{"numerator":25,"denominator":10000},"ownerFee":{"numerator":5,"denominator":10000}}}