{"address":"8DRw5wQE1pyg6RB1UwypGNFgb2Pzp2hpyDDNwo76Lcc8","nonce":255,"authority":"3X1aLdyvcQNc8TvBMPiucMsRCnGMBnGsjJHpZEyCf3pn","poolTokenMint":"8nKJ4z9FSw6wrVZKASqBiS9DS1CiNsRnqwCCKVQjqdkB","poolTokenDecimals":6,"feeAccount":"AqiLHbUAy4UWWKGVVgbHsaUVCMg1zemNkgsYBPSirT92","tokenIds":["9n4nbM75f5Ui33ZbPYXn59EwSgE8CGsHtAeTH5YFeJ9E","mSoLzYCxHdYgdzU16g5QSh3i5K3z3KZK7ytfqcJm7So"],"tokens":{"9n4nbM75f5Ui33ZbPYXn59EwSgE8CGsHtAeTH5YFeJ9E":{"tag":"BTC","name":"Bitcoin","mint":"9n4nbM75f5Ui33ZbPYXn59EwSgE8CGsHtAeTH5YFeJ9E","scale":6,"addr":"6D3sxC6yEe84FUnF5Kpbgx6gN57N9poJCKAtrCeCWdJo"},"mSoLzYCxHdYgdzU16g5QSh3i5K3z3KZK7ytfqcJm7So":{"tag":"mSOL","name":"Marinade.finance","mint":"mSoLzYCxHdYgdzU16g5QSh3i5K3z3KZK7ytfqcJm7So","scale":9,"addr":"EPoVJLhi9QtVPVo8n31M5k5Knvb48j8zbYyRrUbrHwC5"}},"curveType":0,"feeStructure":{"traderFee":{"numerator":25,"denominator":10000},"ownerFee":{"numerator":5,"denominator":10000}}}