{"address":"Dzp3ZWyUZGXZYWfodXdLdXfiW7gwVZBdWBwQ28eB6cTH","nonce":253,"authority":"3HJw5YCXr69DzUcLSif4BicrMrXjC2jrEMpjQhQ3AwmB","poolTokenMint":"5MvQHx8eftU39JTucFsT315JFnQASuDQg3FqxTw7xcvN","poolTokenDecimals":6,"feeAccount":"J8tqP1N2fEgMTGhX2PTgRyj5ZFsFWsXneJpXyRjekKWA","tokenIds":["sonarX4VtVkQemriJeLm6CKeW3GDMyiBnnAEMw1MRAE","EPjFWdd5AufqSSqeM2qN1xzybapC8G4wEGGkZwyTDt1v"],"tokens":{"sonarX4VtVkQemriJeLm6CKeW3GDMyiBnnAEMw1MRAE":{"tag":"SONAR","name":"SonarWatch","mint":"sonarX4VtVkQemriJeLm6CKeW3GDMyiBnnAEMw1MRAE","scale":9,"addr":"DxGfntMLqAjtB287GkPPcfotUGcWdhtpzR6KukdBo39H"},"EPjFWdd5AufqSSqeM2qN1xzybapC8G4wEGGkZwyTDt1v":{"tag":"USDC","name":"USD Coin","mint":"EPjFWdd5AufqSSqeM2qN1xzybapC8G4wEGGkZwyTDt1v","scale":6,"addr":"EVymxW4gFtxw7qjMYGFq4EupxHc1RteffwETa5MKTDPR"}},"curveType":0,"feeStructure":{"traderFee":{"numerator":25,"denominator":10000},"ownerFee":{"numerator":5,"denominator":10000}}}