{"address":"HY6iq1dp7pHwstfmLFu8m2iEvRQtjX3N751jcN6KrQXU","nonce":255,"authority":"8JuHyxYBpemmryQq4bcA1GTuKaub9JJuLPoNNJpwX9aP","poolTokenMint":"9EjcYfHcG8f1mccpHyaAwpoxaUPiheC6KgLQjyD9aTb6","poolTokenDecimals":6,"feeAccount":"886Yu2fd1x8xpb4icdrhxZemdD8PN9RLdrq6Mn89wR4k","tokenIds":["9nEqaUcb16sQ3Tn1psbkWqyhPdLmfHWjKGymREjsAgTE","EPjFWdd5AufqSSqeM2qN1xzybapC8G4wEGGkZwyTDt1v"],"tokens":{"9nEqaUcb16sQ3Tn1psbkWqyhPdLmfHWjKGymREjsAgTE":{"tag":"WOOF","name":"WOOF Token","mint":"9nEqaUcb16sQ3Tn1psbkWqyhPdLmfHWjKGymREjsAgTE","scale":6,"addr":"8ju56eRfs9wg3GtoSFVoQoR6NnQn6gsWr6FkQyZ1EeBg"},"EPjFWdd5AufqSSqeM2qN1xzybapC8G4wEGGkZwyTDt1v":{"tag":"USDC","name":"USD Coin","mint":"EPjFWdd5AufqSSqeM2qN1xzybapC8G4wEGGkZwyTDt1v","scale":6,"addr":"5WcqVktXr3Rr78MGGfcuwgB6azoN9EDCZLP4werGnfi4"}},"curveType":0,"feeStructure":{"traderFee":{"numerator":25,"denominator":10000},"ownerFee":{"numerator":5,"denominator":10000}}}