{"address":"DaNULZAv2VyLk75pW3QD5szVzx5dT6iNvoih94Bttqf5","nonce":255,"authority":"FUVkG7fM3i8T49qV7WsJd68rBaYKvqTkAQCdftqTWWNj","poolTokenMint":"8sfThep3io4gvcGeuoAg1Rs8GDwKJjtcdAFHqQSSNAVE","poolTokenDecimals":6,"feeAccount":"AVb9Bvu4rjFYNCHygEnAYCjwnkgtC8C6UmJ7at3dsfdz","tokenIds":["Lrxqnh6ZHKbGy3dcrCED43nsoLkM1LTzU2jRfWe8qUC","EPjFWdd5AufqSSqeM2qN1xzybapC8G4wEGGkZwyTDt1v"],"tokens":{"Lrxqnh6ZHKbGy3dcrCED43nsoLkM1LTzU2jRfWe8qUC":{"tag":"LARIX","name":"Larix","mint":"Lrxqnh6ZHKbGy3dcrCED43nsoLkM1LTzU2jRfWe8qUC","scale":6,"addr":"AAjjSJsZM3AKK4h9cbGTHkquEZ2fWjgo9A9Pmrj2ynTH"},"EPjFWdd5AufqSSqeM2qN1xzybapC8G4wEGGkZwyTDt1v":{"tag":"USDC","name":"USD Coin","mint":"EPjFWdd5AufqSSqeM2qN1xzybapC8G4wEGGkZwyTDt1v","scale":6,"addr":"82Fs8dSpMxPPfN1ULsXGFREHWz3JizREpTxwz2MaZ1n1"}},"curveType":0,"feeStructure":{"traderFee":{"numerator":25,"denominator":10000},"ownerFee":{"numerator":5,"denominator":10000}}}