{"address":"59wJQz25rr38YnD69eXsntbdE4LB7m39KjHqZUUaoyZ3","nonce":255,"authority":"E2kEN96wSW5bYML8qYLgxKM4pvdLjqhCRMyCvqYyVrXt","poolTokenMint":"AWrtTWG4Zgxw8D92bb3L3sQtGLD3zDztMPWsXSph8iBP","poolTokenDecimals":6,"feeAccount":"bZxTKZNF5gwnuXQ3xt8huUtsLAyFoh2NnQwmDDgbVxd","tokenIds":["DFL1zNkaGPWm1BqAVqRjCZvHmwTFrEaJtbzJWgseoNJh","EPjFWdd5AufqSSqeM2qN1xzybapC8G4wEGGkZwyTDt1v"],"tokens":{"DFL1zNkaGPWm1BqAVqRjCZvHmwTFrEaJtbzJWgseoNJh":{"tag":"DFL","name":"DeFi Land","mint":"DFL1zNkaGPWm1BqAVqRjCZvHmwTFrEaJtbzJWgseoNJh","scale":9,"addr":"EXZdhy56TjvArQRfDakjuQdT7DffwFEYdY5F39vn3Wbr"},"EPjFWdd5AufqSSqeM2qN1xzybapC8G4wEGGkZwyTDt1v":{"tag":"USDC","name":"USD Coin","mint":"EPjFWdd5AufqSSqeM2qN1xzybapC8G4wEGGkZwyTDt1v","scale":6,"addr":"Bhch1NY65RNA8uFaj2s8Fzxu36SFMQiniyZidq4jzsTt"}},"curveType":0,"feeStructure":{"traderFee":{"numerator":25,"denominator":10000},"ownerFee":{"numerator":5,"denominator":10000}}}