{"address":"rxwsjytcEBvXpXrXBL1rpsjhoh78imBn8WbxjKmLRge","nonce":252,"authority":"AcaxutE6Rh9vRxipTLdqinEdRK6R4ayUAAv2bZPh6UU9","poolTokenMint":"GMzPbaCuQmeMUm1opH3oSCgKUjVgJUW14myq99RVPGX5","poolTokenDecimals":6,"feeAccount":"7pPJGwd8Vq7aYmHaocQpQSfTn3UWYGKUgFkFhpMmRdDF","tokenIds":["a11bdAAuV8iB2fu7X6AxAvDTo1QZ8FXB3kk5eecdasp","EPjFWdd5AufqSSqeM2qN1xzybapC8G4wEGGkZwyTDt1v"],"tokens":{"a11bdAAuV8iB2fu7X6AxAvDTo1QZ8FXB3kk5eecdasp":{"tag":"ABR","name":"Allbridge","mint":"a11bdAAuV8iB2fu7X6AxAvDTo1QZ8FXB3kk5eecdasp","scale":9,"addr":"6FRxhbY7bvSiDojPiqoidjTyDjxaUyCoPQk3ifEdfFbm"},"EPjFWdd5AufqSSqeM2qN1xzybapC8G4wEGGkZwyTDt1v":{"tag":"USDC","name":"USD Coin","mint":"EPjFWdd5AufqSSqeM2qN1xzybapC8G4wEGGkZwyTDt1v","scale":6,"addr":"8aTapFecZRZmC2bTeKr2voHFW2twNvbrh8nWYdXYQWkZ"}},"curveType":0,"feeStructure":{"traderFee":{"numerator":25,"denominator":10000},"ownerFee":{"numerator":5,"denominator":10000}}}