{"address":"C3b5AWQJiyar5g8EWu75zgDE26F55ZJWpqtFVCCVDQQQ","nonce":253,"authority":"3SphkwoHx3d13Eu9RehVVg4gGMZv7FEaDXvPqWbQF9bm","poolTokenMint":"7vnps4VE5RTGAr5fmPZu7fSrk2VnM4Up838grZfqmxqE","poolTokenDecimals":6,"feeAccount":"CT95CSNqi4nttNW84dDuA8Um7FLAC52PVUvuVRKeCHVK","tokenIds":["GFX1ZjR2P15tmrSwow6FjyDYcEkoFb4p4gJCpLBjaxHD","EPjFWdd5AufqSSqeM2qN1xzybapC8G4wEGGkZwyTDt1v"],"tokens":{"GFX1ZjR2P15tmrSwow6FjyDYcEkoFb4p4gJCpLBjaxHD":{"tag":"GOFX","name":"GooseFX","mint":"GFX1ZjR2P15tmrSwow6FjyDYcEkoFb4p4gJCpLBjaxHD","scale":9,"addr":"5AhPVbtyiTV3SiNRJuq5z9xeaqqwoHQWqohR9HvjJkKS"},"EPjFWdd5AufqSSqeM2qN1xzybapC8G4wEGGkZwyTDt1v":{"tag":"USDC","name":"USD Coin","mint":"EPjFWdd5AufqSSqeM2qN1xzybapC8G4wEGGkZwyTDt1v","scale":6,"addr":"6mtcbtTAadVEdnWJZmsq8woqLea7ef7k5WumVXSHr5KQ"}},"curveType":0,"feeStructure":{"traderFee":{"numerator":25,"denominator":10000},"ownerFee":{"numerator":5,"denominator":10000}}}