{"address":"HD6pqxyqj4S7eS3orAyQyan5RpwpMPjKEDWgTyYXcfr1","nonce":254,"authority":"Gh1QqgpKGd6zhicNvBh1VLbycpoq6P7QBCZT8MdhWzN1","poolTokenMint":"FGgP1npQTsC5Q4xBmQtNYSh51NKqNwdxBZy8JCo3igcu","poolTokenDecimals":6,"feeAccount":"AFjaSrdgNJsFDSQTDbkBoBMLHt2qCt5GuPHWDTUV4nHt","tokenIds":["FNFKRV3V8DtA3gVJN6UshMiLGYA8izxFwkNWmJbFjmRj","EPjFWdd5AufqSSqeM2qN1xzybapC8G4wEGGkZwyTDt1v"],"tokens":{"FNFKRV3V8DtA3gVJN6UshMiLGYA8izxFwkNWmJbFjmRj":{"tag":"TTT","name":"TabTrader","mint":"FNFKRV3V8DtA3gVJN6UshMiLGYA8izxFwkNWmJbFjmRj","scale":6,"addr":"HbrvwSnL11K5EALN21FdjmWvG16VNcq5iyHEKjdHtyJe"},"EPjFWdd5AufqSSqeM2qN1xzybapC8G4wEGGkZwyTDt1v":{"tag":"USDC","name":"USD Coin","mint":"EPjFWdd5AufqSSqeM2qN1xzybapC8G4wEGGkZwyTDt1v","scale":6,"addr":"CQvyngoqxCdgFQYjbT8EKved6hTDzmzdp8Xxxv5FkXmd"}},"curveType":0,"feeStructure":{"traderFee":{"numerator":25,"denominator":10000},"ownerFee":{"numerator":5,"denominator":10000}}}