{"address":"HiYggjP2fN53Jw46e5UuskqNP3HH98jceRxEgVoeRwNw","nonce":255,"authority":"ATkEV1nEkdp7zgaGpzFCsJ5WAyejcJbxqzGhQpfcDW4S","poolTokenMint":"CS7fA5n4c2D82dUoHrYzS3gAqgqaoVSfgsr18kitp2xo","poolTokenDecimals":6,"feeAccount":"7S3KKuvcHfcKWBGLDwmoTgtB97JE8LHruP8jbmQkGfH","tokenIds":["Saber2gLauYim4Mvftnrasomsv6NvAuncvMEZwcLpD1","EPjFWdd5AufqSSqeM2qN1xzybapC8G4wEGGkZwyTDt1v"],"tokens":{"Saber2gLauYim4Mvftnrasomsv6NvAuncvMEZwcLpD1":{"tag":"SBR","name":"Saber","mint":"Saber2gLauYim4Mvftnrasomsv6NvAuncvMEZwcLpD1","scale":6,"addr":"DrJTQqNZqNCf2HDLpYg9zRCMRwnhZEVQuGjeaWtX6CA7"},"EPjFWdd5AufqSSqeM2qN1xzybapC8G4wEGGkZwyTDt1v":{"tag":"USDC","name":"USD Coin","mint":"EPjFWdd5AufqSSqeM2qN1xzybapC8G4wEGGkZwyTDt1v","scale":6,"addr":"DEVLUv1uiUSukQoBdy9fDQyehi4N2Boojy8J2LQ8bK2E"}},"curveType":0,"feeStructure":{"traderFee":{"numerator":25,"denominator":10000},"ownerFee":{"numerator":5,"denominator":10000}}}