{"address":"6TwZgp6ABN7pbXbxvaZriHbbxeSAcEgxhKYnqGwphiRD","nonce":255,"authority":"5jFXPUF5mN83WZkT5MJQFpFcZrP5zPZy1ZZwD29Le2Kh","poolTokenMint":"CCyDxjdW3G7hPTthTMPTZ4bnhFF19XG6rx2fNiKeRQww","poolTokenDecimals":6,"feeAccount":"JCnNHppa7kp9bRc3zfvfnwGqoVR8Li6sJT9pMztgwE9j","tokenIds":["GEJpt3Wjmr628FqXxTgxMce1pLntcPV4uFi8ksxMyPQh","EPjFWdd5AufqSSqeM2qN1xzybapC8G4wEGGkZwyTDt1v"],"tokens":{"GEJpt3Wjmr628FqXxTgxMce1pLntcPV4uFi8ksxMyPQh":{"tag":"daoSOL","name":"daoSOL Token","mint":"GEJpt3Wjmr628FqXxTgxMce1pLntcPV4uFi8ksxMyPQh","scale":9,"addr":"EZf2tVoxVgGaBz6ir5iBppxiqFSqBUob2dNpiEuXMYiJ"},"EPjFWdd5AufqSSqeM2qN1xzybapC8G4wEGGkZwyTDt1v":{"tag":"USDC","name":"USD Coin","mint":"EPjFWdd5AufqSSqeM2qN1xzybapC8G4wEGGkZwyTDt1v","scale":6,"addr":"3v29nJzrWebKv3DefSY5WVq4kgHWykF7fdYVaCpohwks"}},"curveType":0,"feeStructure":{"traderFee":{"numerator":25,"denominator":10000},"ownerFee":{"numerator":5,"denominator":10000}}}