{"address":"BRx4dJecxzeGYc1BskCWonfGCeMyv9G7tk66cf2QGhK6","nonce":254,"authority":"JAJr1D6BQHFj9qJ8pfXhvJgLfn9vTcviU9sTA8MhKzN4","poolTokenMint":"CzieDbGRdN1QGaGDNpSqzEA18bi881ccvkkGZi51pe1k","poolTokenDecimals":6,"feeAccount":"9X8VRnxk6EVKGA7TErdSZYFC8oLUM569pDbZTtycjvXw","tokenIds":["8HGyAAB1yoM1ttS7pXjHMa3dukTFGQggnFFH3hJZgzQh","So11111111111111111111111111111111111111112"],"tokens":{"8HGyAAB1yoM1ttS7pXjHMa3dukTFGQggnFFH3hJZgzQh":{"tag":"COPE","name":"Cope","mint":"8HGyAAB1yoM1ttS7pXjHMa3dukTFGQggnFFH3hJZgzQh","scale":6,"addr":"7v5GCdHH439SztxcqL4wpfWdPvv9EfMm8GYTHSUQoGoY"},"So11111111111111111111111111111111111111112":{"tag":"SOL","name":"Solana","mint":"So11111111111111111111111111111111111111112","scale":9,"addr":"5tSgRUK6f2x1nAXA4gdcHNXiWdToqni9pr5xvq2Fq82u"}},"curveType":0,"feeStructure":{"traderFee":{"numerator":25,"denominator":10000},"ownerFee":{"numerator":5,"denominator":10000}}}