{"address":"4YnaUPeZ2fYqpoLrCyprSai8LaDWZxmgb6cGfNHJmyP6","nonce":255,"authority":"35d4qNQiMtNV9Yb2kqk4tSd5M1yEqozWSQaYtjGHCA7b","poolTokenMint":"Gx4PoxenyQwhGGnKagAT35iVg4im1iKhJxDWqVhgu6tk","poolTokenDecimals":6,"feeAccount":"ABuGLBFTwcbLsqNsiCpZsFuNmHYwHEzfQR9SNpr4y3bP","tokenIds":["orcaEKTdK7LKz57vaAYr9QeNsVEPfiu6QeMU1kektZE","Es9vMFrzaCERmJfrF4H2FYD4KCoNkY11McCe8BenwNYB"],"tokens":{"orcaEKTdK7LKz57vaAYr9QeNsVEPfiu6QeMU1kektZE":{"tag":"ORCA","name":"Orca","mint":"orcaEKTdK7LKz57vaAYr9QeNsVEPfiu6QeMU1kektZE","scale":6,"addr":"D91z1TewbTQ3AVc9RThtTjiMVRqr94CP73XrsbHEhej8"},"Es9vMFrzaCERmJfrF4H2FYD4KCoNkY11McCe8BenwNYB":{"tag":"USDT","name":"Tether USD","mint":"Es9vMFrzaCERmJfrF4H2FYD4KCoNkY11McCe8BenwNYB","scale":6,"addr":"Fy4AwXwAwitVdFwgWBdYkqRVv8QjigU86ssL6rqzgp8S"}},"curveType":0,"feeStructure":{"traderFee":{"numerator":25,"denominator":10000},"ownerFee":{"numerator":5,"denominator":10000}}}