{"address":"CKKuMECwW75NBNRKtYJz1svCycRHt4KpXmcNnHXiHY73","nonce":253,"authority":"2TSCMpjN6ToLJy8baiFTc9UdB1PuHFsr24mos98Zp57v","poolTokenMint":"6MF5CHWAj5mS7FhpxiKz37CzR2eYTu236XpBKKMXCrGg","poolTokenDecimals":6,"feeAccount":"9Rw29Mvx6b2RMAbdZoqs3gBRMcfYjBYRyiegNZoaYrWS","tokenIds":["4ThReWAbAVZjNVgs5Ui9Pk3cZ5TYaD9u6Y89fp6EFzoF","EPjFWdd5AufqSSqeM2qN1xzybapC8G4wEGGkZwyTDt1v"],"tokens":{"4ThReWAbAVZjNVgs5Ui9Pk3cZ5TYaD9u6Y89fp6EFzoF":{"tag":"ONESOL","name":"1Sol","mint":"4ThReWAbAVZjNVgs5Ui9Pk3cZ5TYaD9u6Y89fp6EFzoF","scale":8,"addr":"2meoejmWQno2q6cbFMRytu7UMqMA8FTx651feSUHfTtC"},"EPjFWdd5AufqSSqeM2qN1xzybapC8G4wEGGkZwyTDt1v":{"tag":"USDC","name":"USD Coin","mint":"EPjFWdd5AufqSSqeM2qN1xzybapC8G4wEGGkZwyTDt1v","scale":6,"addr":"n5CtiZDLm2xNxVU1o4KC98dNGiFb1sbuCazDihahbMy"}},"curveType":0,"feeStructure":{"traderFee":{"numerator":25,"denominator":10000},"ownerFee":{"numerator":5,"denominator":10000}}}