{"address":"4RCU8SoBzvYysNaQBAFpQMmt7LPQgxbto9uiuRjAJPpq","nonce":255,"authority":"HC6aGC7RsgVGonWs1MVy5Qit5R5ruEXZmeywpFwSCmdY","poolTokenMint":"Gpzd833qSmv3kXpQmxEaqkrZTXZaRjhNAoqhf61qAhTG","poolTokenDecimals":6,"feeAccount":"2cA9XLcSFJ9jgnYViJr5JtnhSpGNrPhebS4RaGm7DHmu","tokenIds":["EsPKhGTMf3bGoy4Qm7pCv3UCcWqAmbC1UGHBTDxRjjD4","EPjFWdd5AufqSSqeM2qN1xzybapC8G4wEGGkZwyTDt1v"],"tokens":{"EsPKhGTMf3bGoy4Qm7pCv3UCcWqAmbC1UGHBTDxRjjD4":{"tag":"afFTM","name":"Fantom","mint":"EsPKhGTMf3bGoy4Qm7pCv3UCcWqAmbC1UGHBTDxRjjD4","scale":9,"addr":"EULHGNmuJWcRHm5Xen9CiG4uqVZoemLorLvAQ7vR9vCi"},"EPjFWdd5AufqSSqeM2qN1xzybapC8G4wEGGkZwyTDt1v":{"tag":"USDC","name":"USD Coin","mint":"EPjFWdd5AufqSSqeM2qN1xzybapC8G4wEGGkZwyTDt1v","scale":6,"addr":"71rJZyRkxxupdqZeLrNQnHjus11C1yEVwsrKgQax6TSx"}},"curveType":0,"feeStructure":{"traderFee":{"numerator":25,"denominator":10000},"ownerFee":{"numerator":5,"denominator":10000}}}