{"address":"DCENobjFZK59nLeMCVRkQtnkAWrJkWAVpmVnwVNc8gqH","nonce":251,"authority":"C2DDX95TK3uC9MQXhHp3LWRv9kWtFTp36Ub9VPCKKiCV","poolTokenMint":"ADrvfPBsRcJfGsN6Bs385zYddH52nuM5FA8UaAkX9o2V","poolTokenDecimals":6,"feeAccount":"88rKjeeDQYJxGVCG39znDvbxzjPc5H37XqHRQCSNJvED","tokenIds":["8PMHT4swUMtBzgHnh5U564N5sjPSiUz2cjEQzFnnP1Fo","So11111111111111111111111111111111111111112"],"tokens":{"8PMHT4swUMtBzgHnh5U564N5sjPSiUz2cjEQzFnnP1Fo":{"tag":"ROPE","name":"Rope","mint":"8PMHT4swUMtBzgHnh5U564N5sjPSiUz2cjEQzFnnP1Fo","scale":9,"addr":"HLHPVwgzYjTHmu1fmV9eZzdE8H3fZwhuCBRNNN2Z5miA"},"So11111111111111111111111111111111111111112":{"tag":"SOL","name":"Solana","mint":"So11111111111111111111111111111111111111112","scale":9,"addr":"7Be3aStQmKgeXC1xqfJnA8qaGzw6keQTLqHYAJprZK2H"}},"curveType":0,"feeStructure":{"traderFee":{"numerator":25,"denominator":10000},"ownerFee":{"numerator":5,"denominator":10000}}}