{"address":"Awp1hdAi5xi3CTDsXxiZsygSacpZV2a3L8rNNvpNRVn4","nonce":255,"authority":"EtdLVaBnKzfKPqp8E2swCyQcjp8XjoT5FE72kqGxWCkq","poolTokenMint":"J1KfRtP5y2warpD7LdJhfBLPKoWwSqYuovdArSv1mpQ7","poolTokenDecimals":6,"feeAccount":"2onwniiH5fapr1EPsCDBnY92HGzoQpiHnNPWTmxngKbd","tokenIds":["9vMJfxuKxXBoEa7rM12mYLMwTacLMLDJqHozw96WQL8i","EPjFWdd5AufqSSqeM2qN1xzybapC8G4wEGGkZwyTDt1v"],"tokens":{"9vMJfxuKxXBoEa7rM12mYLMwTacLMLDJqHozw96WQL8i":{"tag":"wUST","name":"TerraUSD (Wormhole)","mint":"9vMJfxuKxXBoEa7rM12mYLMwTacLMLDJqHozw96WQL8i","scale":6,"addr":"GZWYWkbZ63teAW3tUaThq7k4NMp67TqwF94TqAMRSPx4"},"EPjFWdd5AufqSSqeM2qN1xzybapC8G4wEGGkZwyTDt1v":{"tag":"USDC","name":"USD Coin","mint":"EPjFWdd5AufqSSqeM2qN1xzybapC8G4wEGGkZwyTDt1v","scale":6,"addr":"DMuVdnkRsqP7v8exbrdHNn7WoViNLjf4PVanEQtwgFZ6"}},"curveType":2,"amp":100,"feeStructure":{"traderFee":{"numerator":6,"denominator":10000},"ownerFee":{"numerator":1,"denominator":10000}}}