{"address":"Ez52BLSoZw3MxWxMK4ADsJXqzUiYW9sUnwcrrQwQGdLT","nonce":253,"authority":"C6WisvFQzqxTBF3DV6RFbPMPBiVHE816CZHoctB3WzrW","poolTokenMint":"HEvnD66WcBfTajS9adUYnGRBMDehFtLySiFHSD6kEBWs","poolTokenDecimals":6,"feeAccount":"5bLeJU66qTopjZBa48BUd7EXWcj4UeCMfHjjrvt8Zcgs","tokenIds":["kinXdEcpDQeHPEuQnqmUgtYykqKGVFq6CeVX5iAHJq6","So11111111111111111111111111111111111111112"],"tokens":{"kinXdEcpDQeHPEuQnqmUgtYykqKGVFq6CeVX5iAHJq6":{"tag":"KIN","name":"Kin","mint":"kinXdEcpDQeHPEuQnqmUgtYykqKGVFq6CeVX5iAHJq6","scale":5,"addr":"2Ssm5Dd1Zc5QpGSZzuqt3Ef4bADteuBbCGiEZJ5n48rV"},"So11111111111111111111111111111111111111112":{"tag":"SOL","name":"Solana","mint":"So11111111111111111111111111111111111111112","scale":9,"addr":"HCS9EpKRxWDS9GCRFStNbPWgRQpvV6EyBWChJja2UbCm"}},"curveType":0,"feeStructure":{"traderFee":{"numerator":25,"denominator":10000},"ownerFee":{"numerator":5,"denominator":10000}}}