{"address":"8wVYTnchy3WbhJvKn4NhTbgtVm6Bfd6yvxR33DsSftse","nonce":255,"authority":"GAWAD19LVUgKmkWWfB4Xg92KMXuVR7M1gUpQPiFAAtxR","poolTokenMint":"HCtyJzFUtYecXrA52s4Y9atq4J1fhT3cYsTX17XVSFag","poolTokenDecimals":6,"feeAccount":"FmZkn9xAwpZULmF6rSrcz1pHiqqNnAXCUFWs1z5t9LSX","tokenIds":["F3nefJBcejYbtdREjui1T9DPh5dBgpkKq7u2GAAMXs5B","EPjFWdd5AufqSSqeM2qN1xzybapC8G4wEGGkZwyTDt1v"],"tokens":{"F3nefJBcejYbtdREjui1T9DPh5dBgpkKq7u2GAAMXs5B":{"tag":"AART","name":"ALL.ART","mint":"F3nefJBcejYbtdREjui1T9DPh5dBgpkKq7u2GAAMXs5B","scale":6,"addr":"Hy3FDHpTfzqtooUARjgUvYuRcFnjGH5WLftu77DyEnKJ"},"EPjFWdd5AufqSSqeM2qN1xzybapC8G4wEGGkZwyTDt1v":{"tag":"USDC","name":"USD Coin","mint":"EPjFWdd5AufqSSqeM2qN1xzybapC8G4wEGGkZwyTDt1v","scale":6,"addr":"J4Cd9u1WuY1WnCScENuRyL2jGh7qD6vpRsWJG6ZsC5z9"}},"curveType":0,"feeStructure":{"traderFee":{"numerator":25,"denominator":10000},"ownerFee":{"numerator":5,"denominator":10000}}}