{"address":"AXSeEafwPUGSamiZWH8m2PJtvpDVtrofxvycNwxiysdh","nonce":254,"authority":"6Y5TnCwgifc8Z7QYo672nT9uNd2hcivVR1NT6oDkJx6P","poolTokenMint":"3PD9SZFwXKkXr4akLf4ofo37ZUMycwML89R2P3qxcbZG","poolTokenDecimals":6,"feeAccount":"FSVPcprrTkQLRtDACFEpa2rhEVx4kBvjPuQaxj572SaC","tokenIds":["4wjPQJ6PrkC4dHhYghwJzGBVP78DkBzA2U3kHoFNBuhj","EPjFWdd5AufqSSqeM2qN1xzybapC8G4wEGGkZwyTDt1v"],"tokens":{"4wjPQJ6PrkC4dHhYghwJzGBVP78DkBzA2U3kHoFNBuhj":{"tag":"LIQ","name":"LIQ Protocol","mint":"4wjPQJ6PrkC4dHhYghwJzGBVP78DkBzA2U3kHoFNBuhj","scale":6,"addr":"CVspL8Tj5YdqntXJegNeDXHiBn3648QDNB7gex6D9MgY"},"EPjFWdd5AufqSSqeM2qN1xzybapC8G4wEGGkZwyTDt1v":{"tag":"USDC","name":"USD Coin","mint":"EPjFWdd5AufqSSqeM2qN1xzybapC8G4wEGGkZwyTDt1v","scale":6,"addr":"8YzLsZ1FtsruswkBogEaXwmRTf5PMuyVcfSZXRAdi8qA"}},"curveType":0,"feeStructure":{"traderFee":{"numerator":25,"denominator":10000},"ownerFee":{"numerator":5,"denominator":10000}}}