{"address":"3V5sjXj1mrWjjB1Xt6Xwp554QwHE5fppGSxbk4GzAtEW","nonce":254,"authority":"8UYN675AJn5htWydDs724xqintBZ4XzsCWqMozUSDU8m","poolTokenMint":"FZ8x1LCRSPDeHBDoAc3Gc6Y7ETCynuHEr5q5YWV7uRCJ","poolTokenDecimals":6,"feeAccount":"CFN4DQ2p3qroX92pPNy3mov3Dw1aCNGLrU5AXHpHxbko","tokenIds":["ATLASXmbPQxBUYbxPsV97usA3fPQYEqzQBUHgiFCUsXx","EPjFWdd5AufqSSqeM2qN1xzybapC8G4wEGGkZwyTDt1v"],"tokens":{"ATLASXmbPQxBUYbxPsV97usA3fPQYEqzQBUHgiFCUsXx":{"tag":"ATLAS","name":"Star Atlas","mint":"ATLASXmbPQxBUYbxPsV97usA3fPQYEqzQBUHgiFCUsXx","scale":8,"addr":"xotXsNCx4tBhnwhrajGTaVgKq1sfuMkeYHc77ZegCqE"},"EPjFWdd5AufqSSqeM2qN1xzybapC8G4wEGGkZwyTDt1v":{"tag":"USDC","name":"USD Coin","mint":"EPjFWdd5AufqSSqeM2qN1xzybapC8G4wEGGkZwyTDt1v","scale":6,"addr":"8YswVYsTi66umBF2Bnkh4LB2VWMKPssDpe54VAgiuJZQ"}},"curveType":0,"feeStructure":{"traderFee":{"numerator":25,"denominator":10000},"ownerFee":{"numerator":5,"denominator":10000}}}