{"address":"BDn3Fj9UXVi2mRVMR2jzpCrAZZphnwfkvFhs192yhCTu","nonce":255,"authority":"FvjsfbbzZAcrVdfrGtZUjGWAjWHXrfMG8Bjwc17vVSK3","poolTokenMint":"AZpo4BJHHRetF96v6SGinFZBMXM4yWMo4RA8C4PriDLk","poolTokenDecimals":6,"feeAccount":"DiULDJAYXdbtX8CfFsU2jCgHvQWT7u3gwRwpvQxfEMvr","tokenIds":["4dmKkXNHdgYsXqBHCuMikNQWwVomZURhYvkkX5c4pQ7y","EPjFWdd5AufqSSqeM2qN1xzybapC8G4wEGGkZwyTDt1v"],"tokens":{"4dmKkXNHdgYsXqBHCuMikNQWwVomZURhYvkkX5c4pQ7y":{"tag":"SNY","name":"SNY","mint":"4dmKkXNHdgYsXqBHCuMikNQWwVomZURhYvkkX5c4pQ7y","scale":6,"addr":"14RHMRzwx9Y4Z41qpr9sTwJZ58wXqV1R9WTkUA7ybmKG"},"EPjFWdd5AufqSSqeM2qN1xzybapC8G4wEGGkZwyTDt1v":{"tag":"USDC","name":"USD Coin","mint":"EPjFWdd5AufqSSqeM2qN1xzybapC8G4wEGGkZwyTDt1v","scale":6,"addr":"Dw9D9T4bBC3oGdMqxE1xWfPSCJ27SYwWD8rFfUxU99QG"}},"curveType":0,"feeStructure":{"traderFee":{"numerator":25,"denominator":10000},"ownerFee":{"numerator":5,"denominator":10000}}}