{"address":"3fyCss3Y9ATNnTSsN7VCasEb4H5SpSuN7VEoJnNWZU3x","nonce":251,"authority":"89TxEkGNHFcniBm5pXo8Jq6s1ZaBUKCRqgYS3eAr3jJ7","poolTokenMint":"H7gyTmNCDXkD8MGMqnxqoD8ANszjcju4tjT6ERZ5dakf","poolTokenDecimals":6,"feeAccount":"2ZTqrZTNumBMdyQm3cAiREHozzQp18KhEuGWiUVwJMRm","tokenIds":["seedEDBqu63tJ7PFqvcbwvThrYUkQeqT6NLf81kLibs","EPjFWdd5AufqSSqeM2qN1xzybapC8G4wEGGkZwyTDt1v"],"tokens":{"seedEDBqu63tJ7PFqvcbwvThrYUkQeqT6NLf81kLibs":{"tag":"SEEDED","name":"Seeded Network","mint":"seedEDBqu63tJ7PFqvcbwvThrYUkQeqT6NLf81kLibs","scale":9,"addr":"Dn9LiTqcRiyxipCqvTEyT3ZwbWtf69bUcHQLWG89jpJa"},"EPjFWdd5AufqSSqeM2qN1xzybapC8G4wEGGkZwyTDt1v":{"tag":"USDC","name":"USD Coin","mint":"EPjFWdd5AufqSSqeM2qN1xzybapC8G4wEGGkZwyTDt1v","scale":6,"addr":"Aq5xPmh3cZoyLN3KzVcAK8osAU7oAjo1k6qdw6gd5ovi"}},"curveType":0,"feeStructure":{"traderFee":{"numerator":25,"denominator":10000},"ownerFee":{"numerator":5,"denominator":10000}}}