{"address":"AaJERSYSMtWxhRqZzBZ9JFr1gJkfSPgPEd3mBDT2AknQ","nonce":255,"authority":"ERMNbmKrBKk3e8ZBbVWNUTkrqamZYxnRFXvgsPUSLT5j","poolTokenMint":"85krvT9DxdYgoFLQDHTAGdvtNuLdAsc4xE5FkVLpN2aR","poolTokenDecimals":6,"feeAccount":"3HXU5ABkghqJ3iMEGWsGe88kvZtiEyDJ24ihgFTytRNx","tokenIds":["5Wsd311hY8NXQhkt9cWHwTnqafk7BGEbLu8Py3DSnPAr","EPjFWdd5AufqSSqeM2qN1xzybapC8G4wEGGkZwyTDt1v"],"tokens":{"5Wsd311hY8NXQhkt9cWHwTnqafk7BGEbLu8Py3DSnPAr":{"tag":"CMFI","name":"Compendium.Fi","mint":"5Wsd311hY8NXQhkt9cWHwTnqafk7BGEbLu8Py3DSnPAr","scale":6,"addr":"HEqNExFgmyZ4Es53pL2bfBi5pKcZwGzbvwm1UknYLD9s"},"EPjFWdd5AufqSSqeM2qN1xzybapC8G4wEGGkZwyTDt1v":{"tag":"USDC","name":"USD Coin","mint":"EPjFWdd5AufqSSqeM2qN1xzybapC8G4wEGGkZwyTDt1v","scale":6,"addr":"GbK7B7ZGQNZYrEhADC8aV5HdPhYgMZ35f6c8Decie224"}},"curveType":0,"feeStructure":{"traderFee":{"numerator":25,"denominator":10000},"ownerFee":{"numerator":5,"denominator":10000}}}