{"address":"GumfURfQvPaJ2E5ueCEKYJmymNQbV34gU9TmiKZYRkiv","nonce":255,"authority":"EjoLNSDggfWWE7BxwoL4tJHBEg1cFpdiyKeYTYCec2o2","poolTokenMint":"55r9txzQtmjTykmTXmBYZCVMg5z9squB8b5cSw2AhxA4","poolTokenDecimals":6,"feeAccount":"F6xCTe256cA6HTX5CYBkDtXoruHvjfbxeHNeqR9kR7oJ","tokenIds":["5p2zjqCd1WJzAVgcEnjhb9zWDU7b9XVhFhx4usiyN7jB","EPjFWdd5AufqSSqeM2qN1xzybapC8G4wEGGkZwyTDt1v"],"tokens":{"5p2zjqCd1WJzAVgcEnjhb9zWDU7b9XVhFhx4usiyN7jB":{"tag":"CATO","name":"CATO","mint":"5p2zjqCd1WJzAVgcEnjhb9zWDU7b9XVhFhx4usiyN7jB","scale":9,"addr":"AGNHgSQuPd4EqjLTLJrXEVb3KCkjRxGVDTaag4drV1XX"},"EPjFWdd5AufqSSqeM2qN1xzybapC8G4wEGGkZwyTDt1v":{"tag":"USDC","name":"USD Coin","mint":"EPjFWdd5AufqSSqeM2qN1xzybapC8G4wEGGkZwyTDt1v","scale":6,"addr":"FESKk2kj9oqdYR4dcaP4LyqDyWZt3NttgypRVFoyUQNs"}},"curveType":0,"feeStructure":{"traderFee":{"numerator":25,"denominator":10000},"ownerFee":{"numerator":5,"denominator":10000}}}