{"address":"3abwmh8LDUsXMoDgNzZLq9QvKqKbhYND9N5aXh9yz7Dm","nonce":255,"authority":"HmNqp8F5Bp16dUTUihhL3TnyQxfzJ2GtTo9VEQx6bjB3","poolTokenMint":"71CBZeJ4tw38L9pSPoCz4fRsuWE64Fipyzotte7haoCS","poolTokenDecimals":6,"feeAccount":"4zRJg9Kod7bd9tR3mxQhxzAQUPqQmUGJbmrWpQ4XDGT4","tokenIds":["cxxShYRVcepDudXhe7U62QHvw8uBJoKFifmzggGKVC2","EPjFWdd5AufqSSqeM2qN1xzybapC8G4wEGGkZwyTDt1v"],"tokens":{"cxxShYRVcepDudXhe7U62QHvw8uBJoKFifmzggGKVC2":{"tag":"CHICKS","name":"SolChicks Token","mint":"cxxShYRVcepDudXhe7U62QHvw8uBJoKFifmzggGKVC2","scale":9,"addr":"84Ha1dXH8YAWXt3AC15RstnUCoWT3hg24tUGD1GtqGSm"},"EPjFWdd5AufqSSqeM2qN1xzybapC8G4wEGGkZwyTDt1v":{"tag":"USDC","name":"USD Coin","mint":"EPjFWdd5AufqSSqeM2qN1xzybapC8G4wEGGkZwyTDt1v","scale":6,"addr":"GkonWV6urvzsnKwVmPXe89fTX1zBfv4xrAhx9JnxV9Nq"}},"curveType":0,"feeStructure":{"traderFee":{"numerator":25,"denominator":10000},"ownerFee":{"numerator":5,"denominator":10000}}}