{"address":"ErWwp9HKjk5ZPLDt8SrHKH5PvSKTwFDdFo5E3zDuE5Be","nonce":253,"authority":"GYY1t5d4pZnJC4rMXGY9yKMyCzLqxRqbtSguD2KkxghH","poolTokenMint":"GBijunwxa4Ni3JmYC6q6zgaVhSUJU6hVX5qTyJDRpNTc","poolTokenDecimals":6,"feeAccount":"6NhybmW42rdWj5TcobNKQT6JaZispgngcfTDrCsgVq4Q","tokenIds":["JET6zMJWkCN9tpRT2v2jfAmm5VnQFDpUBCyaKojmGtz","EPjFWdd5AufqSSqeM2qN1xzybapC8G4wEGGkZwyTDt1v"],"tokens":{"JET6zMJWkCN9tpRT2v2jfAmm5VnQFDpUBCyaKojmGtz":{"tag":"JET","name":"JET","mint":"JET6zMJWkCN9tpRT2v2jfAmm5VnQFDpUBCyaKojmGtz","scale":9,"addr":"GEtZSc8188t2cCAv21UGCyjvxCeyU5Co99GtRtyTkpdh"},"EPjFWdd5AufqSSqeM2qN1xzybapC8G4wEGGkZwyTDt1v":{"tag":"USDC","name":"USD Coin","mint":"EPjFWdd5AufqSSqeM2qN1xzybapC8G4wEGGkZwyTDt1v","scale":6,"addr":"Bi95f8H7o7zHWuYysxDHEubPv4c3NhsHWhaesXJu91NC"}},"curveType":0,"feeStructure":{"traderFee":{"numerator":25,"denominator":10000},"ownerFee":{"numerator":5,"denominator":10000}}}