{"address":"87E4KtN7F4LivKhjqXaoQAvS3a8HnM4DnMUrbMrkVvXY","nonce":244,"authority":"CwwMfXPXfRT5H5JUatpBctASRGhKW2SqLWWGU3eX5Zgo","poolTokenMint":"E6FUnQHGHJVJg7oExVr5Moeaj1QpdpZQF5odYjHXWPZb","poolTokenDecimals":6,"feeAccount":"BynpQprCNjcY2KHeffDKzquyKWvJxikty3donrMT4ZPU","tokenIds":["AFbX8oGjGpmVFywbVouvhQSRmiW2aR1mohfahi4Y2AdB","EPjFWdd5AufqSSqeM2qN1xzybapC8G4wEGGkZwyTDt1v"],"tokens":{"AFbX8oGjGpmVFywbVouvhQSRmiW2aR1mohfahi4Y2AdB":{"tag":"GST","name":"GST","mint":"AFbX8oGjGpmVFywbVouvhQSRmiW2aR1mohfahi4Y2AdB","scale":9,"addr":"9r39vqrJuubgafaJ5aQyDWYAUQVJeyZyveBXeRqp7xev"},"EPjFWdd5AufqSSqeM2qN1xzybapC8G4wEGGkZwyTDt1v":{"tag":"USDC","name":"USD Coin","mint":"EPjFWdd5AufqSSqeM2qN1xzybapC8G4wEGGkZwyTDt1v","scale":6,"addr":"7LFnr5YgUyEgPMCLGNQ9N7wM5MFRNqCuRawLZTe5q4c7"}},"curveType":0,"feeStructure":{"traderFee":{"numerator":25,"denominator":10000},"ownerFee":{"numerator":5,"denominator":10000}}}