{"address":"9j4FdbK68xUDQVynTWHbNzBRAj7Q7Lywiqb82en4JzZs","nonce":253,"authority":"9RUMuXequVtf9UVYHoKJxwWfqyod478nBfX8H3DvSaKV","poolTokenMint":"34Ppq6R8NfYBwWwPY4cBK4Afyb8hHaASQFukCzH6cV4n","poolTokenDecimals":6,"feeAccount":"pPH4mFHFu1c3ZR59Zaun5jSCBRn6pU1GWSoVHD4LKUs","tokenIds":["6F9XriABHfWhit6zmMUYAQBSy6XK5VF1cHXuW5LDpRtC","EPjFWdd5AufqSSqeM2qN1xzybapC8G4wEGGkZwyTDt1v"],"tokens":{"6F9XriABHfWhit6zmMUYAQBSy6XK5VF1cHXuW5LDpRtC":{"tag":"RUN","name":"Run","mint":"6F9XriABHfWhit6zmMUYAQBSy6XK5VF1cHXuW5LDpRtC","scale":9,"addr":"tg7YMVac4S2ZpVrbaDqrZgURyTBBrZCQUkQ6Fn6nnrX"},"EPjFWdd5AufqSSqeM2qN1xzybapC8G4wEGGkZwyTDt1v":{"tag":"USDC","name":"USD Coin","mint":"EPjFWdd5AufqSSqeM2qN1xzybapC8G4wEGGkZwyTDt1v","scale":6,"addr":"G2fZDZKa5Y599xzqP1jVQ3EMCfiG6f4dMS6G1f7BKoQe"}},"curveType":0,"feeStructure":{"traderFee":{"numerator":25,"denominator":10000},"ownerFee":{"numerator":5,"denominator":10000}}}