{"address":"A71DQffTzgxBSzXjPL3tmf8XXTNtS5mR2D78Y8rmV2hk","nonce":250,"authority":"FPWpe7QEQnDMivnHksQW2uvcw9tvX1oxejKBX136WRkr","poolTokenMint":"5qoTq3qC4U7vFxo3iCzbXcaD1UEmDeCD63Dsuoct71oV","poolTokenDecimals":6,"feeAccount":"FSqUYVzF3XZzLcnj132eT6ed3bK95G1yG4MazcHZi99Q","tokenIds":["mSoLzYCxHdYgdzU16g5QSh3i5K3z3KZK7ytfqcJm7So","7vfCXTUXx5WJV5JADk17DUJ4ksgau7utNKj4b963voxs"],"tokens":{"mSoLzYCxHdYgdzU16g5QSh3i5K3z3KZK7ytfqcJm7So":{"tag":"mSOL","name":"Marinade.finance","mint":"mSoLzYCxHdYgdzU16g5QSh3i5K3z3KZK7ytfqcJm7So","scale":9,"addr":"Fcp5u8bL3V24MXjA4noSfMpcEAP2vSj1WTaA1ZNxACZL"},"7vfCXTUXx5WJV5JADk17DUJ4ksgau7utNKj4b963voxs":{"tag":"whETH","name":"wh Ethereum","mint":"7vfCXTUXx5WJV5JADk17DUJ4ksgau7utNKj4b963voxs","scale":8,"addr":"DuBCBX3y2FjDWUn2ncK5EKQh229JiJ7HTCjYJhNC87K8"}},"curveType":0,"feeStructure":{"traderFee":{"numerator":25,"denominator":10000},"ownerFee":{"numerator":5,"denominator":10000}}}