{"address":"CqwyVxWeaiikQ3VhvEZSEmupmG1Wmc2FeaUjsCV492Sx","nonce":255,"authority":"213QoNt5dR56Ye2sx9cwPwpR3NpJUEStQXn8EbbWKkfJ","poolTokenMint":"74B9aMS7SA832xKngt5VLKmWAP3pa3qkUzWncTmQSsGF","poolTokenDecimals":6,"feeAccount":"D4kH4fcwwDtGMj4LpcynB977YVnmvDUcuDQoo5sqAgRz","tokenIds":["7dHbWXmci3dT8UFYWYZweBLXgycu7Y3iL6trKn1Y7ARj","HZRCwxP2Vq9PCpPXooayhJ2bxTpo5xfpQrwB1svh332p"],"tokens":{"7dHbWXmci3dT8UFYWYZweBLXgycu7Y3iL6trKn1Y7ARj":{"tag":"stSOL","name":"Lido Staked SOL","mint":"7dHbWXmci3dT8UFYWYZweBLXgycu7Y3iL6trKn1Y7ARj","scale":9,"addr":"GDprNAcXeR5GVGnCtkS5UqyPGMm2Sy5Lk15qqN36faMT"},"HZRCwxP2Vq9PCpPXooayhJ2bxTpo5xfpQrwB1svh332p":{"tag":"wLDO","name":"Lido DAO","mint":"HZRCwxP2Vq9PCpPXooayhJ2bxTpo5xfpQrwB1svh332p","scale":8,"addr":"VCgdcsExfmxUDQwusLP2xqZ3ap7VuYyQMMHDPSva2hx"}},"curveType":0,"feeStructure":{"traderFee":{"numerator":25,"denominator":10000},"ownerFee":{"numerator":5,"denominator":10000}}}