{"address":"7LfLiCnoLPefaCVuh6z92TK2tPZUa9bPjW7gHT4jqrec","nonce":254,"authority":"AwUWHxHyQHomqCGJJvagiSDhb2xMqJUiE25qDytdMw49","poolTokenMint":"C7TH2jEJJaxVwwuvkbcDGfHUiZvEkkeYjyAcdTMi5ujb","poolTokenDecimals":6,"feeAccount":"DrC2aGWrUmsnK6yAphSXEs8GW5nKUCkityaG8Bikn5Ne","tokenIds":["orcaEKTdK7LKz57vaAYr9QeNsVEPfiu6QeMU1kektZE","Ea5SjE2Y6yvCeW5dYTn7PYMuW5ikXkvbGdcmSnXeaLjS"],"tokens":{"orcaEKTdK7LKz57vaAYr9QeNsVEPfiu6QeMU1kektZE":{"tag":"ORCA","name":"Orca","mint":"orcaEKTdK7LKz57vaAYr9QeNsVEPfiu6QeMU1kektZE","scale":6,"addr":"HSUFpGyNXEogXQLgEMQ7aMTxE4HZneRaBovbi9btXepM"},"Ea5SjE2Y6yvCeW5dYTn7PYMuW5ikXkvbGdcmSnXeaLjS":{"tag":"PAI","name":"Parrot Stable","mint":"Ea5SjE2Y6yvCeW5dYTn7PYMuW5ikXkvbGdcmSnXeaLjS","scale":6,"addr":"4c9rkBiqAY6fXpVvCbDwpDD44AGQ3MXSaCLcpmLUFtrX"}},"curveType":0,"feeStructure":{"traderFee":{"numerator":25,"denominator":10000},"ownerFee":{"numerator":5,"denominator":10000}}}