{"address":"Fg3UabVqnfycMtkiTVoaia9eNafehtT9Y4TicH2iBtvK","nonce":255,"authority":"JDEYn1JsacdxoB4v4mbctFSVrSUPttacX3gxWphFHJKZ","poolTokenMint":"HNrYngS1eoqkjWro9D3Y5Z9sWBDzPNK2tX4rfV2Up177","poolTokenDecimals":6,"feeAccount":"41H5mWwsZKewJeV4wWiNjQ3U4VYBnwqCpzvAWt86baHd","tokenIds":["APTtJyaRX5yGTsJU522N4VYWg3vCvSb65eam5GrPT5Rt","EPjFWdd5AufqSSqeM2qN1xzybapC8G4wEGGkZwyTDt1v"],"tokens":{"APTtJyaRX5yGTsJU522N4VYWg3vCvSb65eam5GrPT5Rt":{"tag":"APT","name":"Apricot","mint":"APTtJyaRX5yGTsJU522N4VYWg3vCvSb65eam5GrPT5Rt","scale":6,"addr":"636crNdZTf46gFUKuedaBCZDBMLahf7KGud2LyTMskU5"},"EPjFWdd5AufqSSqeM2qN1xzybapC8G4wEGGkZwyTDt1v":{"tag":"USDC","name":"USD Coin","mint":"EPjFWdd5AufqSSqeM2qN1xzybapC8G4wEGGkZwyTDt1v","scale":6,"addr":"DGEYFkEHyiuHWtHeCGiQGn1JbkGHqYrNwaP44miRbgxu"}},"curveType":0,"feeStructure":{"traderFee":{"numerator":25,"denominator":10000},"ownerFee":{"numerator":5,"denominator":10000}}}