{"address":"E3fxkJGNNAWf5xXDfMdq5qofBVkQtLKxkP7gG6Up21Ts","nonce":253,"authority":"ByC5idkRdo2XdU5U6tSoSQmfq6spztUYMaSs2rrcJRPh","poolTokenMint":"2ws7g3LBPdctfKn42Di9qxzQtUJ8ZL1aEAX2rGEQMNqh","poolTokenDecimals":6,"feeAccount":"G9HR4sFJufdUovMGn4qc97r7fhgJCkTDnn4BT2wPWYar","tokenIds":["SHDWyBxihqiCj6YekG2GUr7wqKLeLAMK1gHZck9pL6y","So11111111111111111111111111111111111111112"],"tokens":{"SHDWyBxihqiCj6YekG2GUr7wqKLeLAMK1gHZck9pL6y":{"tag":"SHDW","name":"Shadow","mint":"SHDWyBxihqiCj6YekG2GUr7wqKLeLAMK1gHZck9pL6y","scale":9,"addr":"9LQEB2SZQJxtLQStgXVNzgWU3LVkc4szK22iDHcSr4K9"},"So11111111111111111111111111111111111111112":{"tag":"SOL","name":"Solana","mint":"So11111111111111111111111111111111111111112","scale":9,"addr":"F2qtMkEy3L78wpw64bckvRx5M4w12Zi7bimuPBnYzto1"}},"curveType":0,"feeStructure":{"traderFee":{"numerator":25,"denominator":10000},"ownerFee":{"numerator":5,"denominator":10000}}}