{"address":"G67ZSkxE5N67x6A1WhcTaHiFHqRtRQUb3QHwjtPge1Xr","nonce":250,"authority":"Hj3vg6P2DBfJ6hhvCoucaGvL9cwsvUgeJWZRzuXTZ6hi","poolTokenMint":"E1U63VXhNiWoUkVvjrfLDdV1oJrwE6zLde3bohr6jCqz","poolTokenDecimals":6,"feeAccount":"Cu8SFyZKsHcUYhxECpt5Wr97CeHSXeDyNjs9kyDWtVJm","tokenIds":["EwJN2GqUGXXzYmoAciwuABtorHczTA5LqbukKXV1viH7","EPjFWdd5AufqSSqeM2qN1xzybapC8G4wEGGkZwyTDt1v"],"tokens":{"EwJN2GqUGXXzYmoAciwuABtorHczTA5LqbukKXV1viH7":{"tag":"UPS","name":"UPFI Network","mint":"EwJN2GqUGXXzYmoAciwuABtorHczTA5LqbukKXV1viH7","scale":6,"addr":"CNw37MJdV6gBChtEtUgGrx3zWXz8t3bYxD7u5axPrwdJ"},"EPjFWdd5AufqSSqeM2qN1xzybapC8G4wEGGkZwyTDt1v":{"tag":"USDC","name":"USD Coin","mint":"EPjFWdd5AufqSSqeM2qN1xzybapC8G4wEGGkZwyTDt1v","scale":6,"addr":"5iLVx3LwhWiqjaRyLaiVNsLbYBqy48fvs2sTY6q96nNy"}},"curveType":0,"feeStructure":{"traderFee":{"numerator":25,"denominator":10000},"ownerFee":{"numerator":5,"denominator":10000}}}