{"address":"5L2aVMnNsmrnkxU4B25ajb2pR5AJWBRfUa73wjasjyaB","nonce":255,"authority":"HX3JKg5HtboRw9nQRWm47rSJkBHczdcXwBgWASyHi3Wk","poolTokenMint":"2toFgkQDoPrTJYGDEVoCasPXuL9uQnjvXJaDwa9LHyTx","poolTokenDecimals":6,"feeAccount":"5BkyYnBWnzBWQKnU9AcUaDrmyhjLpAcFxCvVTTnRGyYk","tokenIds":["ETAtLmCmsoiEEKfNrHKJ2kYy3MoABhU6NQvpSfij5tDs","EPjFWdd5AufqSSqeM2qN1xzybapC8G4wEGGkZwyTDt1v"],"tokens":{"ETAtLmCmsoiEEKfNrHKJ2kYy3MoABhU6NQvpSfij5tDs":{"tag":"MEDIA","name":"Media Network","mint":"ETAtLmCmsoiEEKfNrHKJ2kYy3MoABhU6NQvpSfij5tDs","scale":6,"addr":"BFAyLvCbMhgF7CQ9fsWWK46jD9mPXfBMDWvXgk5LTgsT"},"EPjFWdd5AufqSSqeM2qN1xzybapC8G4wEGGkZwyTDt1v":{"tag":"USDC","name":"USD Coin","mint":"EPjFWdd5AufqSSqeM2qN1xzybapC8G4wEGGkZwyTDt1v","scale":6,"addr":"7CvBsWsfEif4sAo9dnsf1JKVAfBGcZUVTktqtxBSkgwB"}},"curveType":0,"feeStructure":{"traderFee":{"numerator":25,"denominator":10000},"ownerFee":{"numerator":5,"denominator":10000}}}