{"address":"2p7nYbtPBgtmY69NsE8DAW6szpRJn7tQvDnqvoEWQvjY","nonce":254,"authority":"3fr1AhdiAmWLeNrS24CMoAu9pPgbzVhwLtJ6QUPmw2ob","poolTokenMint":"n8Mpu28RjeYD7oUX3LG1tPxzhRZh3YYLRSHcHRdS3Zx","poolTokenDecimals":6,"feeAccount":"7CXZED4jfRp3qdHB9Py3up6v1C4UhHofFvfT6RXbJLRN","tokenIds":["orcaEKTdK7LKz57vaAYr9QeNsVEPfiu6QeMU1kektZE","EPjFWdd5AufqSSqeM2qN1xzybapC8G4wEGGkZwyTDt1v"],"tokens":{"orcaEKTdK7LKz57vaAYr9QeNsVEPfiu6QeMU1kektZE":{"tag":"ORCA","name":"Orca","mint":"orcaEKTdK7LKz57vaAYr9QeNsVEPfiu6QeMU1kektZE","scale":6,"addr":"9vYWHBPz817wJdQpE8u3h8UoY3sZ16ZXdCcvLB7jY4Dj"},"EPjFWdd5AufqSSqeM2qN1xzybapC8G4wEGGkZwyTDt1v":{"tag":"USDC","name":"USD Coin","mint":"EPjFWdd5AufqSSqeM2qN1xzybapC8G4wEGGkZwyTDt1v","scale":6,"addr":"6UczejMUv1tzdvUzKpULKHxrK9sqLm8edR1v9jinVWm9"}},"curveType":0,"feeStructure":{"traderFee":{"numerator":25,"denominator":10000},"ownerFee":{"numerator":5,"denominator":10000}}}