{"address":"FgZut2qVQEyPBibaTJbbX2PxaMZvT1vjDebiVaDp5BWP","nonce":253,"authority":"4dfCZR32xXhoTgMRhnViNaTFwiKP9A34TDjHCR3xM5rg","poolTokenMint":"3e1W6Aqcbuk2DfHUwRiRcyzpyYRRjg6yhZZcyEARydUX","poolTokenDecimals":6,"feeAccount":"DLWewB12jzGn4wXJmFCddWDeof1Ma4cZYNRv9CP5hTvX","tokenIds":["2FPyTwcZLUg1MDrwsyoP4D6s1tM7hAkHYRjkNb5w6Pxk","EPjFWdd5AufqSSqeM2qN1xzybapC8G4wEGGkZwyTDt1v"],"tokens":{"2FPyTwcZLUg1MDrwsyoP4D6s1tM7hAkHYRjkNb5w6Pxk":{"tag":"ETH","name":"Ethereum","mint":"2FPyTwcZLUg1MDrwsyoP4D6s1tM7hAkHYRjkNb5w6Pxk","scale":6,"addr":"H9h5yTBfCHcb4eRP87fXczzXgNaMzKihr7bf1sjw7iuZ"},"EPjFWdd5AufqSSqeM2qN1xzybapC8G4wEGGkZwyTDt1v":{"tag":"USDC","name":"USD Coin","mint":"EPjFWdd5AufqSSqeM2qN1xzybapC8G4wEGGkZwyTDt1v","scale":6,"addr":"JA98RXv2VdxQD8pRQq4dzJ1Bp4nH8nokCGmxvPWKJ3hx"}},"curveType":0,"feeStructure":{"traderFee":{"numerator":25,"denominator":10000},"ownerFee":{"numerator":5,"denominator":10000}}}