{"address":"GxkXvW6dJP3KUNWuXi64V99uRsPFEFnuuasNTq6fvZfP","nonce":255,"authority":"H196f95DHGfhNkF3W9h4bjBqpL8g3qesEENHRsDqJshj","poolTokenMint":"9Y1vPaAsMz8X65DebMMnmBjbMo8i4jh4mcgiggZUUS3M","poolTokenDecimals":6,"feeAccount":"7L7kjeEo5oE9SCZ9vacmyJvfKKmjAevVpdktBGyxBxaF","tokenIds":["DFL1zNkaGPWm1BqAVqRjCZvHmwTFrEaJtbzJWgseoNJh","So11111111111111111111111111111111111111112"],"tokens":{"DFL1zNkaGPWm1BqAVqRjCZvHmwTFrEaJtbzJWgseoNJh":{"tag":"DFL","name":"DeFi Land","mint":"DFL1zNkaGPWm1BqAVqRjCZvHmwTFrEaJtbzJWgseoNJh","scale":9,"addr":"BpjpdhuMkPPW3HPx4U9tRmNAXdUeb49jxwFGy2PrSNCp"},"So11111111111111111111111111111111111111112":{"tag":"SOL","name":"Solana","mint":"So11111111111111111111111111111111111111112","scale":9,"addr":"HcXqJthqq1UeGHA8xPeDLnWVJFcndoUnKnpULRCjyTzi"}},"curveType":0,"feeStructure":{"traderFee":{"numerator":25,"denominator":10000},"ownerFee":{"numerator":5,"denominator":10000}}}