{"address":"CqXRyZ23dFwdbMLGEQLhQQRJrzkFB3wBsuH92rp7d3yw","nonce":255,"authority":"Fixb6XBzoSRJ4iCkHNX3xbr61yWXUh6SYyu5Jweg36VF","poolTokenMint":"DFpLFcQZqDKykyDePgip4r6MExVmBKWqTa12ezq6qxUY","poolTokenDecimals":6,"feeAccount":"47pxL1vidAiARAF45SoVnpqSet8EPckF9pB4d9zT1S3N","tokenIds":["9n4nbM75f5Ui33ZbPYXn59EwSgE8CGsHtAeTH5YFeJ9E","orcaEKTdK7LKz57vaAYr9QeNsVEPfiu6QeMU1kektZE"],"tokens":{"9n4nbM75f5Ui33ZbPYXn59EwSgE8CGsHtAeTH5YFeJ9E":{"tag":"BTC","name":"Bitcoin","mint":"9n4nbM75f5Ui33ZbPYXn59EwSgE8CGsHtAeTH5YFeJ9E","scale":6,"addr":"8dbqoSTALCCshdKXX8Nb6AskytydXtHLyPoqu9Nb2ig3"},"orcaEKTdK7LKz57vaAYr9QeNsVEPfiu6QeMU1kektZE":{"tag":"ORCA","name":"Orca","mint":"orcaEKTdK7LKz57vaAYr9QeNsVEPfiu6QeMU1kektZE","scale":6,"addr":"7UAHjQQjYBrSKdtgbJK1SaUVgmBxcmMJKshvEiEhLheP"}},"curveType":0,"feeStructure":{"traderFee":{"numerator":25,"denominator":10000},"ownerFee":{"numerator":5,"denominator":10000}}}