{"address":"GW1Xt9HHtvcnky8X7aBA3BoTgiirJKP5XwC5REFcZSsc","nonce":254,"authority":"GXueH9K1MzRncoTYbpLiXXC3WrKkmHUFxV5JEu8oADbw","poolTokenMint":"C2YzN6MymD5HM2kPaH7bzcbqciyjfmpqyVaR3KA5V6z1","poolTokenDecimals":6,"feeAccount":"BhHd49JYH3Hk6TV5kCjmUgf7fQSQKDjaWTokMmBhTx9o","tokenIds":["9EaLkQrbjmbbuZG9Wdpo8qfNUEjHATJFSycEmw6f1rGX","EPjFWdd5AufqSSqeM2qN1xzybapC8G4wEGGkZwyTDt1v"],"tokens":{"9EaLkQrbjmbbuZG9Wdpo8qfNUEjHATJFSycEmw6f1rGX":{"tag":"pSOL","name":"pSOL","mint":"9EaLkQrbjmbbuZG9Wdpo8qfNUEjHATJFSycEmw6f1rGX","scale":9,"addr":"F7XioZaGe99nosYJQCahx25TKgdUGufYf6sudm1JSgu"},"EPjFWdd5AufqSSqeM2qN1xzybapC8G4wEGGkZwyTDt1v":{"tag":"USDC","name":"USD Coin","mint":"EPjFWdd5AufqSSqeM2qN1xzybapC8G4wEGGkZwyTDt1v","scale":6,"addr":"BT14DfFyNS7qcBGc8TY4HAzDev4vvqsoFBJgjtQpdM2Z"}},"curveType":0,"feeStructure":{"traderFee":{"numerator":25,"denominator":10000},"ownerFee":{"numerator":5,"denominator":10000}}}