{"address":"2yNwARmTmc3NzYMETCZQjAE5GGCPgviH6hiBsxaeikTK","nonce":253,"authority":"2ZzxuHxvPQtPU48Tffs8LD8sy17rgjBRQviRVxQ54fR6","poolTokenMint":"12Uj74zgUUoBe4yeackwQ4qYtFMr9fk1xL6q5Nha6t2N","poolTokenDecimals":6,"feeAccount":"6AvWhLSuAqTWUdpo4jF84s4gfgAjbRQv5vLf7mYNCgd8","tokenIds":["MNDEFzGvMt87ueuHvVU9VcTqsAP5b3fTGPsHuuPA5ey","EPjFWdd5AufqSSqeM2qN1xzybapC8G4wEGGkZwyTDt1v"],"tokens":{"MNDEFzGvMt87ueuHvVU9VcTqsAP5b3fTGPsHuuPA5ey":{"tag":"MNDE","name":"Marinade Governance","mint":"MNDEFzGvMt87ueuHvVU9VcTqsAP5b3fTGPsHuuPA5ey","scale":9,"addr":"AfF3SJFpyfU7iw9KtrwPyi6corJbyiC24JyVis7oxNVr"},"EPjFWdd5AufqSSqeM2qN1xzybapC8G4wEGGkZwyTDt1v":{"tag":"USDC","name":"USD Coin","mint":"EPjFWdd5AufqSSqeM2qN1xzybapC8G4wEGGkZwyTDt1v","scale":6,"addr":"FT4GQqs5sEvqhsWm845VF1vmHjdQkrB1jdsGPJbzB4oB"}},"curveType":0,"feeStructure":{"traderFee":{"numerator":25,"denominator":10000},"ownerFee":{"numerator":5,"denominator":10000}}}