{"address":"Afofkb7JTc32rdpqiyc3RDmGF5s9N6W1ujcdYVfGZ5Je","nonce":251,"authority":"8vrC1FAnW6hQMwJuU5waZdRrBbDJTULqjpdc4GjDtKR6","poolTokenMint":"9cMWe4UYRPGAUUsTkjShJWVM7bk8DUBgxtwwH8asFJoV","poolTokenDecimals":6,"feeAccount":"7GPvi21QbwMyBoXU5Zqf8VhnuEh7VH4A1SRPgHJ36eE7","tokenIds":["mSoLzYCxHdYgdzU16g5QSh3i5K3z3KZK7ytfqcJm7So","Es9vMFrzaCERmJfrF4H2FYD4KCoNkY11McCe8BenwNYB"],"tokens":{"mSoLzYCxHdYgdzU16g5QSh3i5K3z3KZK7ytfqcJm7So":{"tag":"mSOL","name":"Marinade.finance","mint":"mSoLzYCxHdYgdzU16g5QSh3i5K3z3KZK7ytfqcJm7So","scale":9,"addr":"RTXKRxghfWJpE344UG7UhKnCwN2Gyv6KnNSTFDnaASF"},"Es9vMFrzaCERmJfrF4H2FYD4KCoNkY11McCe8BenwNYB":{"tag":"USDT","name":"Tether USD","mint":"Es9vMFrzaCERmJfrF4H2FYD4KCoNkY11McCe8BenwNYB","scale":6,"addr":"J15KntYr6iout4ce2kcD2QEdkVbLN4EHHFLfCtke3f6Y"}},"curveType":0,"feeStructure":{"traderFee":{"numerator":25,"denominator":10000},"ownerFee":{"numerator":5,"denominator":10000}}}