{"address":"7N2AEJ98qBs4PwEwZ6k5pj8uZBKMkZrKZeiC7A64B47u","nonce":255,"authority":"GqnLhu3bPQ46nTZYNFDnzhwm31iFoqhi3ntXMtc5DPiT","poolTokenMint":"Acxs19v6eUMTEfdvkvWkRB4bwFCHm3XV9jABCy7c1mXe","poolTokenDecimals":6,"feeAccount":"4yPG4A9jB3ibDMVXEN2aZW4oA1e1xzzA3z5VWjkZd18B","tokenIds":["9n4nbM75f5Ui33ZbPYXn59EwSgE8CGsHtAeTH5YFeJ9E","So11111111111111111111111111111111111111112"],"tokens":{"9n4nbM75f5Ui33ZbPYXn59EwSgE8CGsHtAeTH5YFeJ9E":{"tag":"BTC","name":"Bitcoin","mint":"9n4nbM75f5Ui33ZbPYXn59EwSgE8CGsHtAeTH5YFeJ9E","scale":6,"addr":"9G5TBPbEUg2iaFxJ29uVAT8ZzxY77esRshyHiLYZKRh8"},"So11111111111111111111111111111111111111112":{"tag":"SOL","name":"Solana","mint":"So11111111111111111111111111111111111111112","scale":9,"addr":"5eqcnUasgU2NRrEAeWxvFVRTTYWJWfAJhsdffvc6nJc2"}},"curveType":0,"feeStructure":{"traderFee":{"numerator":25,"denominator":10000},"ownerFee":{"numerator":5,"denominator":10000}}}