{"address":"DiAP9qmp5foN7fLTWfBWjo9KBS1jgvKUJLWi1ZhqKaja","nonce":255,"authority":"3uZcofBKVBYFrQ7jVjTFLEMWAQiZcih4AES5tKBqdo7m","poolTokenMint":"D6N9j8F2DhtzDtrdpT74y3u2YmYAzcggiLc3nTjqux9M","poolTokenDecimals":6,"feeAccount":"BYAjG645fRRHZ5JFnZKnXc4dzK9WppcoVWDMYj3zm3KF","tokenIds":["7xKXtg2CW87d97TXJSDpbD5jBkheTqA83TZRuJosgAsU","So11111111111111111111111111111111111111112"],"tokens":{"7xKXtg2CW87d97TXJSDpbD5jBkheTqA83TZRuJosgAsU":{"tag":"SAMO","name":"Samoyedcoin","mint":"7xKXtg2CW87d97TXJSDpbD5jBkheTqA83TZRuJosgAsU","scale":9,"addr":"AFcbD7UTzk9d1njRxyDHNbQ5Q6miPNAE1GctjD96JYAi"},"So11111111111111111111111111111111111111112":{"tag":"SOL","name":"Solana","mint":"So11111111111111111111111111111111111111112","scale":9,"addr":"6kYbPDsYLQUwptV7ZvQKG3gjNreEEgaWh2CM4DQPYTpq"}},"curveType":0,"feeStructure":{"traderFee":{"numerator":25,"denominator":10000},"ownerFee":{"numerator":5,"denominator":10000}}}