{"address":"Hk9ZCvmqVT1FHNkWJMrtMkkVnH1WqssWPAvmio5Vs3se","nonce":254,"authority":"5RyiYaHFDVupwnwxzKCRk7JY1CKhsczZXefMs3UUmx4Z","poolTokenMint":"H9yC7jDng974WwcU4kTGs7BKf7nBNswpdsP5bzbdXjib","poolTokenDecimals":6,"feeAccount":"FWKcKaMfaVezLRFr946MdgmpTZHG4A2GgqehAxjTyDAB","tokenIds":["MangoCzJ36AjZyKwVj3VnYU4GTonjfVEnJmvvWaxLac","EPjFWdd5AufqSSqeM2qN1xzybapC8G4wEGGkZwyTDt1v"],"tokens":{"MangoCzJ36AjZyKwVj3VnYU4GTonjfVEnJmvvWaxLac":{"tag":"MNGO","name":"Mango Markets","mint":"MangoCzJ36AjZyKwVj3VnYU4GTonjfVEnJmvvWaxLac","scale":6,"addr":"J8bQnhcNyixFGBskQoJ2aSPXPWjvSzaaxF4YPs96XHDJ"},"EPjFWdd5AufqSSqeM2qN1xzybapC8G4wEGGkZwyTDt1v":{"tag":"USDC","name":"USD Coin","mint":"EPjFWdd5AufqSSqeM2qN1xzybapC8G4wEGGkZwyTDt1v","scale":6,"addr":"5yMoAhjfFaCPwEwKM2VeFFh2iBs5mHWLTJ4LuqZifsgN"}},"curveType":0,"feeStructure":{"traderFee":{"numerator":25,"denominator":10000},"ownerFee":{"numerator":5,"denominator":10000}}}