{"address":"2Y1Jmpkf5wt1X5zcFHNBDoHxqjTXbMJfj1UFtrYQwUbG","nonce":254,"authority":"8K4eRHeyPhBGB9zCjKtyBHoPPZ75zLN64oxBF6GyF4Qg","poolTokenMint":"ELfBngAgvLEHVBuJQhhE7AW6eqLX7id2sfrBngVNVAUW","poolTokenDecimals":6,"feeAccount":"Bx3ZhEBFedDqCBzuzKVS4eMKTtW1MmHkcMGU45FcyxRT","tokenIds":["6VNKqgz9hk7zRShTFdg5AnkfKwZUcojzwAkzxSH3bnUm","EPjFWdd5AufqSSqeM2qN1xzybapC8G4wEGGkZwyTDt1v"],"tokens":{"6VNKqgz9hk7zRShTFdg5AnkfKwZUcojzwAkzxSH3bnUm":{"tag":"wHAPI","name":"HAPI","mint":"6VNKqgz9hk7zRShTFdg5AnkfKwZUcojzwAkzxSH3bnUm","scale":9,"addr":"DRYADMQevoJHDFCYbDQeS4p551MpsDN2d7CJU3LxfNHa"},"EPjFWdd5AufqSSqeM2qN1xzybapC8G4wEGGkZwyTDt1v":{"tag":"USDC","name":"USD Coin","mint":"EPjFWdd5AufqSSqeM2qN1xzybapC8G4wEGGkZwyTDt1v","scale":6,"addr":"HzsECCX6RZ2ccbR3FarRSEfc5rkuETfywXJnRZut5JzU"}},"curveType":0,"feeStructure":{"traderFee":{"numerator":25,"denominator":10000},"ownerFee":{"numerator":5,"denominator":10000}}}