{"address":"87Xz6RK1uzP5NEhSjMewZtDAZyg4V1tYAa1KHnvge17b","nonce":254,"authority":"5D9v9y6Kbswe6k1wnVceuqRXHMsRQJ8xzx8hadSH6EAM","poolTokenMint":"AtB4nUmdyQfuWWJ9xAHw9xyVnJFfSjSuVWkiYan8y86w","poolTokenDecimals":6,"feeAccount":"CLxeBxNq42AtmD43F5BTqCHTnkVHX8sP9cVPdtRkTL7D","tokenIds":["SLRSSpSLUTP7okbCUBYStWCo1vUgyt775faPqz8HUMr","EPjFWdd5AufqSSqeM2qN1xzybapC8G4wEGGkZwyTDt1v"],"tokens":{"SLRSSpSLUTP7okbCUBYStWCo1vUgyt775faPqz8HUMr":{"tag":"SLRS","name":"Solrise Finance","mint":"SLRSSpSLUTP7okbCUBYStWCo1vUgyt775faPqz8HUMr","scale":6,"addr":"CM7oGYHy1oxzHoum8Cxv4pwnndm6Jbs3NkBZkc6v9S9d"},"EPjFWdd5AufqSSqeM2qN1xzybapC8G4wEGGkZwyTDt1v":{"tag":"USDC","name":"USD Coin","mint":"EPjFWdd5AufqSSqeM2qN1xzybapC8G4wEGGkZwyTDt1v","scale":6,"addr":"3QqPbMcUMZu3Rz762g7JgvpUxhRHPtE9HFk2MSDRmPqa"}},"curveType":0,"feeStructure":{"traderFee":{"numerator":25,"denominator":10000},"ownerFee":{"numerator":5,"denominator":10000}}}