{"address":"3THMPkPmcHJ54JtHRyazhs7UN7HbV5KiNJVLJs6hSPSC","nonce":255,"authority":"EUc3MtHPLL956pTDfM5q25jp5Fk9zW7omEzh1uyDY7s6","poolTokenMint":"5kimD5W6yJpHRHCyPtnEyDsQRdiiJKivu5AqN3si82Jc","poolTokenDecimals":6,"feeAccount":"65XNtnUsP1TMzKMGhMoD3GUFMNbmnZQwDaxDLE3jncUC","tokenIds":["4k3Dyjzvzp8eMZWUXbBCjEvwSkkk59S5iCNLY3QrkX6R","So11111111111111111111111111111111111111112"],"tokens":{"4k3Dyjzvzp8eMZWUXbBCjEvwSkkk59S5iCNLY3QrkX6R":{"tag":"RAY","name":"Raydium","mint":"4k3Dyjzvzp8eMZWUXbBCjEvwSkkk59S5iCNLY3QrkX6R","scale":6,"addr":"GZaUNWf4ov6VZaD5MqZtc5pHB3mWTqczNUB4sstt8CSR"},"So11111111111111111111111111111111111111112":{"tag":"SOL","name":"Solana","mint":"So11111111111111111111111111111111111111112","scale":9,"addr":"GNSZ1rr57QQ6qLcmZnhMcoBymenVezhNpzcFSfJP37h9"}},"curveType":0,"feeStructure":{"traderFee":{"numerator":25,"denominator":10000},"ownerFee":{"numerator":5,"denominator":10000}}}