{"address":"4if9Gy7dvjU7XwunKxdnCcPsaT3yAHPXdz2XS1eo19LG","nonce":254,"authority":"BshtCZRCHj2RZYC7u5sW3ioRJo9ZiYA4T5p8muFwrKnb","poolTokenMint":"F8gPSpwVHj8FdAJAYULDuZBxFEJut87hUbARYYx3471w","poolTokenDecimals":6,"feeAccount":"5JZXUbCfaSo3y9PYq47Hj5Yc6hVFa4j7MkDzBJfMSRSN","tokenIds":["PoRTjZMPXb9T7dyU7tpLEZRQj7e6ssfAE62j2oQuc6y","EPjFWdd5AufqSSqeM2qN1xzybapC8G4wEGGkZwyTDt1v"],"tokens":{"PoRTjZMPXb9T7dyU7tpLEZRQj7e6ssfAE62j2oQuc6y":{"tag":"PORT","name":"Port Finance","mint":"PoRTjZMPXb9T7dyU7tpLEZRQj7e6ssfAE62j2oQuc6y","scale":6,"addr":"2wuSqR5z2Guft2yt57Hx7K6i1AYNoUi8fjxHUeAgaKXo"},"EPjFWdd5AufqSSqeM2qN1xzybapC8G4wEGGkZwyTDt1v":{"tag":"USDC","name":"USD Coin","mint":"EPjFWdd5AufqSSqeM2qN1xzybapC8G4wEGGkZwyTDt1v","scale":6,"addr":"AvP1Db3SyUxLGMSc4nSXjJkjm1kAjiLjog7cup19eWa3"}},"curveType":0,"feeStructure":{"traderFee":{"numerator":25,"denominator":10000},"ownerFee":{"numerator":5,"denominator":10000}}}