{"address":"F13xvvx45jVGd84ynK3c8T89UejQVxjCLtmHfPmAXAHP","nonce":255,"authority":"3cGHDS8uWhdxQj14vTmFtYHX3NMouPpE4o9MjQ43Bbf4","poolTokenMint":"H2uzgruPvonVpCRhwwdukcpXK8TG17swFNzYFr2rtPxy","poolTokenDecimals":6,"feeAccount":"B4RNxMJGRzKFQyTq2Uwkmpyjtew13n7KtdqZy6qgENTu","tokenIds":["EPjFWdd5AufqSSqeM2qN1xzybapC8G4wEGGkZwyTDt1v","Es9vMFrzaCERmJfrF4H2FYD4KCoNkY11McCe8BenwNYB"],"tokens":{"EPjFWdd5AufqSSqeM2qN1xzybapC8G4wEGGkZwyTDt1v":{"tag":"USDC","name":"USD Coin","mint":"EPjFWdd5AufqSSqeM2qN1xzybapC8G4wEGGkZwyTDt1v","scale":6,"addr":"6uUn2okWk5v4x9Gc4n2LLGHtWoa9tmizHq1363dW7t9W"},"Es9vMFrzaCERmJfrF4H2FYD4KCoNkY11McCe8BenwNYB":{"tag":"USDT","name":"Tether USD","mint":"Es9vMFrzaCERmJfrF4H2FYD4KCoNkY11McCe8BenwNYB","scale":6,"addr":"AiwmnLy7xPT28dqZpkRm6i1ZGwELUCzCsuN92v4JkSeU"}},"curveType":2,"amp":100,"feeStructure":{"traderFee":{"numerator":6,"denominator":10000},"ownerFee":{"numerator":1,"denominator":10000}}}