{"address":"v51xWrRwmFVH6EKe8eZTjgK5E4uC2tzY5sVt5cHbrkG","nonce":254,"authority":"3Kk8rpjxpc9qv2pJPr1CbmyQqrTDPntpryXActLogQeD","poolTokenMint":"5a6Y1ephcbKSoyLMQyD1JWbtqawCy8p2FtRL9v3zhaG5","poolTokenDecimals":6,"feeAccount":"ACKiRmbiMaPEc73pz4dVMuJGPaa74Vx9sfYADjnHuzvo","tokenIds":["ZScHuTtqZukUrtZS43teTKGs2VqkKL8k4QCouR2n6Uo","EPjFWdd5AufqSSqeM2qN1xzybapC8G4wEGGkZwyTDt1v"],"tokens":{"ZScHuTtqZukUrtZS43teTKGs2VqkKL8k4QCouR2n6Uo":{"tag":"wstETH","name":"Lido Staked Ether","mint":"ZScHuTtqZukUrtZS43teTKGs2VqkKL8k4QCouR2n6Uo","scale":8,"addr":"5c4tzhRVaCxpmu8o3HrEZ8PWBDKSR6QNkBdQrUo9oe3e"},"EPjFWdd5AufqSSqeM2qN1xzybapC8G4wEGGkZwyTDt1v":{"tag":"USDC","name":"USD Coin","mint":"EPjFWdd5AufqSSqeM2qN1xzybapC8G4wEGGkZwyTDt1v","scale":6,"addr":"AFNaWHH7ZGFjB7y7jmPM7jVs7QBAciffu7Z5tZidRHPR"}},"curveType":0,"feeStructure":{"traderFee":{"numerator":25,"denominator":10000},"ownerFee":{"numerator":5,"denominator":10000}}}