{"address":"Cq4EZrvuFQpsCz8L3gS6t7iQ7VWzTtqDgSxD4AgVAAfd","nonce":255,"authority":"FxxcJPunf6Vj9Ve5zyM9yatMbmkrzTQ1QSk4NqKW9DvK","poolTokenMint":"7tYCdLN84EnTMkxM7HNamWJx7F4xgKe9KiiWvLyWjbgT","poolTokenDecimals":6,"feeAccount":"Ch8i2A1GAspivXYfdme7vSxh1mhRjmRgeiKN8KpWhVqo","tokenIds":["z3dn17yLaGMKffVogeFHQ9zWVcXgqgf3PQnDsNs2g6M","So11111111111111111111111111111111111111112"],"tokens":{"z3dn17yLaGMKffVogeFHQ9zWVcXgqgf3PQnDsNs2g6M":{"tag":"OXY","name":"Oxygen","mint":"z3dn17yLaGMKffVogeFHQ9zWVcXgqgf3PQnDsNs2g6M","scale":6,"addr":"BoZQMfTLTPcXnevJxNFkECVbKesfhXnTUg4kxLgzV9BX"},"So11111111111111111111111111111111111111112":{"tag":"SOL","name":"Solana","mint":"So11111111111111111111111111111111111111112","scale":9,"addr":"8ZrEcJbgg7BdoBga5RYDR8aMujLf5cAQp8zdPZqk7nNC"}},"curveType":0,"feeStructure":{"traderFee":{"numerator":25,"denominator":10000},"ownerFee":{"numerator":5,"denominator":10000}}}