{"address":"9F3J6RY7PTkDb3SUUpg725uXyCceBGCpZrtmYGJwgMwF","nonce":253,"authority":"wJydc21tAMxYDif8uvy5rWNGWDFNZnPPmqCvegyZRod","poolTokenMint":"HTZd53fYwYQRyAjiaPsZy9Gf41gobFdqkF4oKe3XLi95","poolTokenDecimals":6,"feeAccount":"5rCbmppxMBHwBjCkLUP6fireQ12cL8LRa26QRUimoxN6","tokenIds":["7dHbWXmci3dT8UFYWYZweBLXgycu7Y3iL6trKn1Y7ARj","9vMJfxuKxXBoEa7rM12mYLMwTacLMLDJqHozw96WQL8i"],"tokens":{"7dHbWXmci3dT8UFYWYZweBLXgycu7Y3iL6trKn1Y7ARj":{"tag":"stSOL","name":"Lido Staked SOL","mint":"7dHbWXmci3dT8UFYWYZweBLXgycu7Y3iL6trKn1Y7ARj","scale":9,"addr":"GFso9SAGakm8ZFa3rmuonuerbcQ8ZbACNZN7idkKR5nw"},"9vMJfxuKxXBoEa7rM12mYLMwTacLMLDJqHozw96WQL8i":{"tag":"wUST","name":"TerraUSD (Wormhole)","mint":"9vMJfxuKxXBoEa7rM12mYLMwTacLMLDJqHozw96WQL8i","scale":6,"addr":"EZ7pJskN2a4pDknrdkLzGDHpzjbfgdBj3Tt594K9HZbL"}},"curveType":0,"feeStructure":{"traderFee":{"numerator":25,"denominator":10000},"ownerFee":{"numerator":5,"denominator":10000}}}