{"address":"9EQMEzJdE2LDAY1hw1RytpufdwAXzatYfQ3M2UuT9b88","nonce":250,"authority":"6cwehd4xhKkJ2s7iGh4CaDb7KhMgqczSBnyNJieUYbHn","poolTokenMint":"29cdoMgu6MS2VXpcMo1sqRdWEzdUR9tjvoh8fcK8Z87R","poolTokenDecimals":6,"feeAccount":"6j2tt2UVYMQwqG3hRtyydW3odzBFwy3pN33tyB3xCKQ6","tokenIds":["mSoLzYCxHdYgdzU16g5QSh3i5K3z3KZK7ytfqcJm7So","So11111111111111111111111111111111111111112"],"tokens":{"mSoLzYCxHdYgdzU16g5QSh3i5K3z3KZK7ytfqcJm7So":{"tag":"mSOL","name":"Marinade.finance","mint":"mSoLzYCxHdYgdzU16g5QSh3i5K3z3KZK7ytfqcJm7So","scale":9,"addr":"6xmki5RtGNHrfhTiHFfp9k3RQ9t8qgL1cYP2YCG2h179"},"So11111111111111111111111111111111111111112":{"tag":"SOL","name":"Solana","mint":"So11111111111111111111111111111111111111112","scale":9,"addr":"Ew2coQtVGLeca31vqB2ssHntjzZgUy1ad9VuuAX8yw7p"}},"curveType":2,"amp":100,"feeStructure":{"traderFee":{"numerator":6,"denominator":10000},"ownerFee":{"numerator":1,"denominator":10000}}}