{"address":"BNwrRN23RCoq5MAneJ6Cot7iN2FLtyt9rtcjaVfAXTLt","nonce":253,"authority":"EFZs7veYVdWBHt7RcAPvXQc46gDzccpZTxAcEm6NyXFg","poolTokenMint":"4SBx8GXu8HhcVHWydQv1vsDdZs3G93XSL9CtMBny6hS5","poolTokenDecimals":6,"feeAccount":"8BiqDTCBQ77qjGpED2was7C4iHJrQx9bXhzRt3Wz9xJG","tokenIds":["TuLipcqtGVXP9XR62wM8WWCm6a9vhLs7T1uoWBk6FDs","EPjFWdd5AufqSSqeM2qN1xzybapC8G4wEGGkZwyTDt1v"],"tokens":{"TuLipcqtGVXP9XR62wM8WWCm6a9vhLs7T1uoWBk6FDs":{"tag":"TULIP","name":"Tulip Protocol","mint":"TuLipcqtGVXP9XR62wM8WWCm6a9vhLs7T1uoWBk6FDs","scale":6,"addr":"5CKd5M2nXdPM1TMXxqK6Up6GZehKL5uU9Z9Ytm2sFCiz"},"EPjFWdd5AufqSSqeM2qN1xzybapC8G4wEGGkZwyTDt1v":{"tag":"USDC","name":"USD Coin","mint":"EPjFWdd5AufqSSqeM2qN1xzybapC8G4wEGGkZwyTDt1v","scale":6,"addr":"HjMQnuxjVRodoaAg9WcNXb9TAssDaFNpgwcUUKNjWdh5"}},"curveType":0,"feeStructure":{"traderFee":{"numerator":25,"denominator":10000},"ownerFee":{"numerator":5,"denominator":10000}}}