{"address":"C9NcP1mx51DLZVX8VtAk2Ldip5v6xCxZGmhx7Bxtqnz8","nonce":255,"authority":"CAsASHduARHrb6pFFYrD9vcqXWhEEj7Z6AatKYVG3dbA","poolTokenMint":"8Mh7drLbt3jFJYwp948XyvQscGLaLkChNcaH5wwaAoWA","poolTokenDecimals":6,"feeAccount":"J43pVTNEB3AQEeXopMWTEozjPeMHBkwETXQWr4YZDzn3","tokenIds":["F6v4wfAdJB8D8p77bMXZgYt8TDKsYxLYxH5AFhUkYx9W","9vMJfxuKxXBoEa7rM12mYLMwTacLMLDJqHozw96WQL8i"],"tokens":{"F6v4wfAdJB8D8p77bMXZgYt8TDKsYxLYxH5AFhUkYx9W":{"tag":"wLUNA","name":"Terra","mint":"F6v4wfAdJB8D8p77bMXZgYt8TDKsYxLYxH5AFhUkYx9W","scale":6,"addr":"97aVH3M9cjZmfA5HVu9iJ9AnE41inBG1Sxqj8UQhR2jo"},"9vMJfxuKxXBoEa7rM12mYLMwTacLMLDJqHozw96WQL8i":{"tag":"wUST","name":"TerraUSD (Wormhole)","mint":"9vMJfxuKxXBoEa7rM12mYLMwTacLMLDJqHozw96WQL8i","scale":6,"addr":"Av3RXECkvPCehJTJNbkWmUj3LmP63c4btzMYjbcYLkpm"}},"curveType":0,"feeStructure":{"traderFee":{"numerator":25,"denominator":10000},"ownerFee":{"numerator":5,"denominator":10000}}}