{"address":"vjHagYsgZwG9icyFLHu2xWHWdtiS5gfeNzRhDcPt5xq","nonce":255,"authority":"3HWcojnC1ruEMmsE92Ez1BoebdDXzYQa4USaeWX7eTuM","poolTokenMint":"5PHS5w6hQwFNnLz1jJFe7TVTxSQ98cDYC3akmiAoFMXs","poolTokenDecimals":6,"feeAccount":"46mdANZ2DCA2sTFchvD7WwbffbLQa4jCFkkRL23WuYG8","tokenIds":["MNDEFzGvMt87ueuHvVU9VcTqsAP5b3fTGPsHuuPA5ey","mSoLzYCxHdYgdzU16g5QSh3i5K3z3KZK7ytfqcJm7So"],"tokens":{"MNDEFzGvMt87ueuHvVU9VcTqsAP5b3fTGPsHuuPA5ey":{"tag":"MNDE","name":"Marinade Governance","mint":"MNDEFzGvMt87ueuHvVU9VcTqsAP5b3fTGPsHuuPA5ey","scale":9,"addr":"2LferrWvYWtHFfdkmixzt9g3aKa3yBNfgbRrP1CcWMMp"},"mSoLzYCxHdYgdzU16g5QSh3i5K3z3KZK7ytfqcJm7So":{"tag":"mSOL","name":"Marinade.finance","mint":"mSoLzYCxHdYgdzU16g5QSh3i5K3z3KZK7ytfqcJm7So","scale":9,"addr":"GimsuZjYqMXM6xK6S3e9JpGvX6jaMPuNeR6s2piDESmy"}},"curveType":0,"feeStructure":{"traderFee":{"numerator":25,"denominator":10000},"ownerFee":{"numerator":5,"denominator":10000}}}