{"address":"4rkgbbCPKk5zx3KiwcCNiSpNSSLgAkswKGfX7CJjGgtC","nonce":255,"authority":"8uuBxVsGf2bqH5t8mct5NfpgcTDb7czXuWVEm6Boia4x","poolTokenMint":"99pfC8fWymXgbq3CvrExhx3UxQDC1fMWEWLbNT83F45e","poolTokenDecimals":6,"feeAccount":"8w3gx1GQ1UN5sodEVP14qUwzCcgopHWUeWbT26hgK3xh","tokenIds":["MAPS41MDahZ9QdKXhVa4dWB9RuyfV4XqhyAZ8XcYepb","So11111111111111111111111111111111111111112"],"tokens":{"MAPS41MDahZ9QdKXhVa4dWB9RuyfV4XqhyAZ8XcYepb":{"tag":"MAPS","name":"MAPS","mint":"MAPS41MDahZ9QdKXhVa4dWB9RuyfV4XqhyAZ8XcYepb","scale":6,"addr":"BqExNTYk7YdeiaREHqnqN2q1F3dBCTPhkwrrWBFD4F1m"},"So11111111111111111111111111111111111111112":{"tag":"SOL","name":"Solana","mint":"So11111111111111111111111111111111111111112","scale":9,"addr":"HdEQ99E979aXn2xTcg5UXEfLynwFkqpPTxLaNkH7Nz7P"}},"curveType":0,"feeStructure":{"traderFee":{"numerator":25,"denominator":10000},"ownerFee":{"numerator":5,"denominator":10000}}}