{"address":"2aCJ1VTwfvLej1PJJAmiVCzuLGtjQ5bEo9DYkbwwe1C6","nonce":255,"authority":"8GRweHBrpXfeYpmryfkvEsW3DmoJKGDQLpcVfeNUqn8x","poolTokenMint":"FkKzu2HeMJZf4oHwoYPxLGVy3net5Jq8HAfnA5VqETgk","poolTokenDecimals":6,"feeAccount":"2Y1xXr1j6xg5r5Qz8LDqnU7N8T4GGu3Ju4AHGsfU2nXS","tokenIds":["HBB111SCo9jkCejsZfz8Ec8nH7T6THF8KEKSnvwT6XK6","So11111111111111111111111111111111111111112"],"tokens":{"HBB111SCo9jkCejsZfz8Ec8nH7T6THF8KEKSnvwT6XK6":{"tag":"HBB","name":"Hubble","mint":"HBB111SCo9jkCejsZfz8Ec8nH7T6THF8KEKSnvwT6XK6","scale":6,"addr":"5k1Nj2TvG51p7s2ambWpmX6FraiSchoYS1wJgVw5f9Af"},"So11111111111111111111111111111111111111112":{"tag":"SOL","name":"Solana","mint":"So11111111111111111111111111111111111111112","scale":9,"addr":"2s2vbHk4XzKQ9SQdPRyirY8JmBemhZ67EBx7xgF6tzq5"}},"curveType":0,"feeStructure":{"traderFee":{"numerator":25,"denominator":10000},"ownerFee":{"numerator":5,"denominator":10000}}}