{"address":"4jhCSYuGkLCiB8uvCaS34QCtPycBjayxEk27YCartTuW","nonce":255,"authority":"Fawkj9g4s1M26uZDF6QczEviyib2Ge3FaPdCG9TJLYcm","poolTokenMint":"F5BTnwuMA6rxftTdbZ33VWKr2wrr6DuQHnd4guKmPSYQ","poolTokenDecimals":6,"feeAccount":"EqhWQbxsa36o7YSrCNvJTV1yoTRTWxCiLKcG9pzafprc","tokenIds":["MEANeD3XDdUmNMsRGjASkSWdC8prLYsoRJ61pPeHctD","EPjFWdd5AufqSSqeM2qN1xzybapC8G4wEGGkZwyTDt1v"],"tokens":{"MEANeD3XDdUmNMsRGjASkSWdC8prLYsoRJ61pPeHctD":{"tag":"MEAN","name":"Meanfi","mint":"MEANeD3XDdUmNMsRGjASkSWdC8prLYsoRJ61pPeHctD","scale":6,"addr":"5KSCuA99i7PSF6KvvbvV5hDveGse7isqF6e7tFXPeMyn"},"EPjFWdd5AufqSSqeM2qN1xzybapC8G4wEGGkZwyTDt1v":{"tag":"USDC","name":"USD Coin","mint":"EPjFWdd5AufqSSqeM2qN1xzybapC8G4wEGGkZwyTDt1v","scale":6,"addr":"13PtHDhQzswoFWg8Gr4yVrTmUEW4CWxeKFkLVERCmypB"}},"curveType":0,"feeStructure":{"traderFee":{"numerator":25,"denominator":10000},"ownerFee":{"numerator":5,"denominator":10000}}}