{"address":"Dqk7mHQBx2ZWExmyrR2S8X6UG75CrbbpK2FSBZsNYsw6","nonce":255,"authority":"2sxKY7hxVFrY5oNE2DgaPAJFamMzsmFLM2DgVcjK5yTy","poolTokenMint":"FZthQCuYHhcfiDma7QrX7buDHwrZEd7vL8SjS6LQa3Tx","poolTokenDecimals":6,"feeAccount":"BBKgw75FivTYXj85D2AWyVdaTdTWuSuHVXRm1Xu7fipb","tokenIds":["So11111111111111111111111111111111111111112","Es9vMFrzaCERmJfrF4H2FYD4KCoNkY11McCe8BenwNYB"],"tokens":{"So11111111111111111111111111111111111111112":{"tag":"SOL","name":"Solana","mint":"So11111111111111111111111111111111111111112","scale":9,"addr":"DTb8NKsfhEJGY1TrA7RXN6MBiTrjnkdMAfjPEjtmTT3M"},"Es9vMFrzaCERmJfrF4H2FYD4KCoNkY11McCe8BenwNYB":{"tag":"USDT","name":"Tether USD","mint":"Es9vMFrzaCERmJfrF4H2FYD4KCoNkY11McCe8BenwNYB","scale":6,"addr":"E8erPjPEorykpPjFV9yUYMYigEWKQUxuGfL2rJKLJ3KU"}},"curveType":0,"feeStructure":{"traderFee":{"numerator":25,"denominator":10000},"ownerFee":{"numerator":5,"denominator":10000}}}