{"address":"EGZ7tiLeH62TPV1gL8WwbXGzEPa9zmcpVnnkPKKnrE2U","nonce":252,"authority":"JU8kmKzDHF9sXWsnoznaFDFezLsE5uomX2JkRMbmsQP","poolTokenMint":"APDFRM3HMr8CAGXwKHiu2f5ePSpaiEJhaURwhsRrUUt9","poolTokenDecimals":6,"feeAccount":"8JnSiuvQq3BVuCU3n4DrSTw9chBSPvEMswrhtifVkr1o","tokenIds":["So11111111111111111111111111111111111111112","EPjFWdd5AufqSSqeM2qN1xzybapC8G4wEGGkZwyTDt1v"],"tokens":{"So11111111111111111111111111111111111111112":{"tag":"SOL","name":"Solana","mint":"So11111111111111111111111111111111111111112","scale":9,"addr":"ANP74VNsHwSrq9uUSjiSNyNWvf6ZPrKTmE4gHoNd13Lg"},"EPjFWdd5AufqSSqeM2qN1xzybapC8G4wEGGkZwyTDt1v":{"tag":"USDC","name":"USD Coin","mint":"EPjFWdd5AufqSSqeM2qN1xzybapC8G4wEGGkZwyTDt1v","scale":6,"addr":"75HgnSvXbWKZBpZHveX68ZzAhDqMzNDS29X6BGLtxMo1"}},"curveType":0,"feeStructure":{"traderFee":{"numerator":25,"denominator":10000},"ownerFee":{"numerator":5,"denominator":10000}}}