{"address":"Cqy7PRGRx2QeTLZM3QmLGN68uHxEd9euj2eEeeZWnuvQ","nonce":255,"authority":"9vkbzRnjd9qpmunBUHqS8Fnt9DUEX5akJPm9movtfNxZ","poolTokenMint":"HDgxKmiA8Pv82fNguhVeMkZqQkos2YksFPoP1KttWxX8","poolTokenDecimals":6,"feeAccount":"Bfr66xExhYijJzc732abX7znkFnj4v3otQDFbHaz7RkK","tokenIds":["BygDd5LURoqztD3xETc99WCxLUbTi6WYSht9XiBgZ4HW","EPjFWdd5AufqSSqeM2qN1xzybapC8G4wEGGkZwyTDt1v"],"tokens":{"BygDd5LURoqztD3xETc99WCxLUbTi6WYSht9XiBgZ4HW":{"tag":"WMP","name":"Whalemap","mint":"BygDd5LURoqztD3xETc99WCxLUbTi6WYSht9XiBgZ4HW","scale":9,"addr":"3WubbpV7W82H6FERR62Bd8Z4fXFGaihtBNqnT1zkGr6f"},"EPjFWdd5AufqSSqeM2qN1xzybapC8G4wEGGkZwyTDt1v":{"tag":"USDC","name":"USD Coin","mint":"EPjFWdd5AufqSSqeM2qN1xzybapC8G4wEGGkZwyTDt1v","scale":6,"addr":"8MxcExnMniQEDs361cZseukEau9Rmd3CmrCXxasmNM1x"}},"curveType":0,"feeStructure":{"traderFee":{"numerator":25,"denominator":10000},"ownerFee":{"numerator":5,"denominator":10000}}}