{"address":"3ECUtPokme1nimJfuAkMtcm7QYjDEfXRQzmGC16LuYnz","nonce":255,"authority":"H8f9n2PfehUc73gRWSRTPXvqUhUHVywdAxcfEtYmmyAo","poolTokenMint":"4X1oYoFWYtLebk51zuh889r1WFLe8Z9qWApj87hQMfML","poolTokenDecimals":6,"feeAccount":"43ViAbUVujnYtJyzGP4AhabMYCbLsExenT3WKsZjqJ7N","tokenIds":["FgX1WD9WzMU3yLwXaFSarPfkgzjLb2DZCqmkx9ExpuvJ","So11111111111111111111111111111111111111112"],"tokens":{"FgX1WD9WzMU3yLwXaFSarPfkgzjLb2DZCqmkx9ExpuvJ":{"tag":"NINJA","name":"NINJA","mint":"FgX1WD9WzMU3yLwXaFSarPfkgzjLb2DZCqmkx9ExpuvJ","scale":6,"addr":"6Y9VyEYHgxVahiixzphNh4HAywpab9zVoD4S8q1sfuL8"},"So11111111111111111111111111111111111111112":{"tag":"SOL","name":"Solana","mint":"So11111111111111111111111111111111111111112","scale":9,"addr":"9SxzphwrrDVDkwkyvmtag9NLgpjSkTw35cRwg9rLMYWk"}},"curveType":0,"feeStructure":{"traderFee":{"numerator":25,"denominator":10000},"ownerFee":{"numerator":5,"denominator":10000}}}