{"address":"CRm5uRBsVmUVHVqKfCCvCUX1RLUkjfcBWAeMQ5D9VuCM","nonce":255,"authority":"A9eqdCXYys7jeoroMFEnkGLoYLa2q5gGbg8RSKHkR2ne","poolTokenMint":"6jCERp5hKj37PCXP3VTjCDJeoPuSpnMDMz5A6jWQv3yS","poolTokenDecimals":6,"feeAccount":"FHVidN2ZdGnVaCjYwLjLXrimPbVsaqsUEEiGcVZ6WAPq","tokenIds":["PRT88RkA4Kg5z7pKnezeNH4mafTvtQdfFgpQTGRjz44","EPjFWdd5AufqSSqeM2qN1xzybapC8G4wEGGkZwyTDt1v"],"tokens":{"PRT88RkA4Kg5z7pKnezeNH4mafTvtQdfFgpQTGRjz44":{"tag":"PRT","name":"Parrot Protocol","mint":"PRT88RkA4Kg5z7pKnezeNH4mafTvtQdfFgpQTGRjz44","scale":6,"addr":"3oL2GjsUnQLjHw77p78CsRr7t94AVrtsCnW5uf6NYQ3g"},"EPjFWdd5AufqSSqeM2qN1xzybapC8G4wEGGkZwyTDt1v":{"tag":"USDC","name":"USD Coin","mint":"EPjFWdd5AufqSSqeM2qN1xzybapC8G4wEGGkZwyTDt1v","scale":6,"addr":"2EiVwvsH5cvyk4W243zKoywkaEQb9Bwe9WGphRgBSqaP"}},"curveType":0,"feeStructure":{"traderFee":{"numerator":25,"denominator":10000},"ownerFee":{"numerator":5,"denominator":10000}}}