{"address":"M3DfDvKZ9WEWYWcBuguvt3rYSbKqj66PgjW69DoEq9C","nonce":249,"authority":"5mYWcs7n1JqDVeYby897eEUNeEJsp2PNMg2Y2VMD5Jrf","poolTokenMint":"6c13xsmyk7UaHUWZ2rm1MM3ZdrQRSBkQ9waaG25ridVs","poolTokenDecimals":6,"feeAccount":"BSoUBwfNgXSHX8QoZUnjfu8wWKyBmjNyDXwsgW3UEff9","tokenIds":["9vMJfxuKxXBoEa7rM12mYLMwTacLMLDJqHozw96WQL8i","So11111111111111111111111111111111111111112"],"tokens":{"9vMJfxuKxXBoEa7rM12mYLMwTacLMLDJqHozw96WQL8i":{"tag":"wUST","name":"TerraUSD (Wormhole)","mint":"9vMJfxuKxXBoEa7rM12mYLMwTacLMLDJqHozw96WQL8i","scale":6,"addr":"3T7UL3ixF9S8XPjW7SEr9yYY8A5YWTDc7omgjKD2ULhb"},"So11111111111111111111111111111111111111112":{"tag":"SOL","name":"Solana","mint":"So11111111111111111111111111111111111111112","scale":9,"addr":"91NfC8SunFRWF6BqEKnbnJCursfiDB2U3H6GGCqsFVxc"}},"curveType":0,"feeStructure":{"traderFee":{"numerator":25,"denominator":10000},"ownerFee":{"numerator":5,"denominator":10000}}}