{"address":"B76e3wtCDTKBgKQjvx87EBkDLPGcCY9w1SGiwjD5kaK7","nonce":254,"authority":"FRUmMZDiZrDrwioiUYi3tdqF7SEBeT219bBu54PGxoCo","poolTokenMint":"Df6XNHMF3uRVZnz7LCEGiZVax6rXgz76owtVkBHEjSb6","poolTokenDecimals":6,"feeAccount":"BCuRKfsM99LJFCchKUBLBZ26UuziDewJDRkkKMwx2qnd","tokenIds":["5tN42n9vMi6ubp67Uy4NnmM5DMZYN8aS8GeB3bEDHr6E","EPjFWdd5AufqSSqeM2qN1xzybapC8G4wEGGkZwyTDt1v"],"tokens":{"5tN42n9vMi6ubp67Uy4NnmM5DMZYN8aS8GeB3bEDHr6E":{"tag":"WAG","name":"Waggle","mint":"5tN42n9vMi6ubp67Uy4NnmM5DMZYN8aS8GeB3bEDHr6E","scale":9,"addr":"8voSogytL9jLgE73GS3WuujBinKFRQJjvUFsVGYexWZd"},"EPjFWdd5AufqSSqeM2qN1xzybapC8G4wEGGkZwyTDt1v":{"tag":"USDC","name":"USD Coin","mint":"EPjFWdd5AufqSSqeM2qN1xzybapC8G4wEGGkZwyTDt1v","scale":6,"addr":"HEP7mACuN13cT95eDAYTNjgwriqJnMQVhnyRctqnBRe4"}},"curveType":0,"feeStructure":{"traderFee":{"numerator":25,"denominator":10000},"ownerFee":{"numerator":5,"denominator":10000}}}