{"address":"8npdwWX2BR39kcFLtTJABbcjNq7NWQvipfqxgsfk9mTX","nonce":255,"authority":"8zU13KiLb1e87skt4rf8q1LhamEKKecyu6Xxb4Hqnm7e","poolTokenMint":"FwCombynV2fTVizxPCNA2oZKoWXLZgdJThjE4Xv9sjxc","poolTokenDecimals":6,"feeAccount":"C8D52rGuZcsBENhWtR9aqJVRU62cL7jyyEhxesKwc1k8","tokenIds":["AGFEad2et2ZJif9jaGpdMixQqvW5i81aBdvKe7PHNfz3","EPjFWdd5AufqSSqeM2qN1xzybapC8G4wEGGkZwyTDt1v"],"tokens":{"AGFEad2et2ZJif9jaGpdMixQqvW5i81aBdvKe7PHNfz3":{"tag":"FTT","name":"FTX Token","mint":"AGFEad2et2ZJif9jaGpdMixQqvW5i81aBdvKe7PHNfz3","scale":6,"addr":"SasuKsATA2ATrMfFfSJr86wAGVgdS69PkQT3jFASBB8"},"EPjFWdd5AufqSSqeM2qN1xzybapC8G4wEGGkZwyTDt1v":{"tag":"USDC","name":"USD Coin","mint":"EPjFWdd5AufqSSqeM2qN1xzybapC8G4wEGGkZwyTDt1v","scale":6,"addr":"3wADiuUqoakdoYYYxKqwoA4VN3uWZy5UwvLePox1mEsK"}},"curveType":0,"feeStructure":{"traderFee":{"numerator":25,"denominator":10000},"ownerFee":{"numerator":5,"denominator":10000}}}