{"address":"UJBm2tHwDbQZpjQvaHozg5qkjh6prSKhnWheqR5T76Q","nonce":255,"authority":"C8HcMrC9WRqqXVbHRhZWjuZPbbWmszDobKFxevCtGhpT","poolTokenMint":"HiwRobjfHZ4zsPtqCC4oBS24pSmy4t8GGkXRbQj4yU6L","poolTokenDecimals":6,"feeAccount":"3Fdj69449GhiDmqyvWWTSafjRphGdiDhZ5i5rqfHBdio","tokenIds":["MERt85fc5boKw3BW1eYdxonEuJNvXbiMbs6hvheau5K","So11111111111111111111111111111111111111112"],"tokens":{"MERt85fc5boKw3BW1eYdxonEuJNvXbiMbs6hvheau5K":{"tag":"MER","name":"Mercurial","mint":"MERt85fc5boKw3BW1eYdxonEuJNvXbiMbs6hvheau5K","scale":6,"addr":"DHdkRWTa9SRJNMtWZQYvNNbjrDP3n92EWLHezjFGPipb"},"So11111111111111111111111111111111111111112":{"tag":"SOL","name":"Solana","mint":"So11111111111111111111111111111111111111112","scale":9,"addr":"DC5RwjB3VkXdt2PoWKTA4Ub9KbtcY8xXpmPNKsFjALwq"}},"curveType":0,"feeStructure":{"traderFee":{"numerator":25,"denominator":10000},"ownerFee":{"numerator":5,"denominator":10000}}}