{"address":"EuK3xDa4rWuHeMQCBsHf1ETZNiEQb5C476oE9u9kp8Ji","nonce":255,"authority":"DffrDbzPiswDJaiicBBo9CjqztKgFLrqXGwNJH4XQefZ","poolTokenMint":"71FymgN2ZUf7VvVTLE8jYEnjP3jSK1Frp2XT1nHs8Hob","poolTokenDecimals":6,"feeAccount":"unxKgWEc71ZiHwMqZs3VLqjcjmZhfTZEg94ZLGvjdMP","tokenIds":["2FPyTwcZLUg1MDrwsyoP4D6s1tM7hAkHYRjkNb5w6Pxk","So11111111111111111111111111111111111111112"],"tokens":{"2FPyTwcZLUg1MDrwsyoP4D6s1tM7hAkHYRjkNb5w6Pxk":{"tag":"ETH","name":"Ethereum","mint":"2FPyTwcZLUg1MDrwsyoP4D6s1tM7hAkHYRjkNb5w6Pxk","scale":6,"addr":"7F2cLdio3i6CCJaypj9VfNDPW2DwT3vkDmZJDEfmxu6A"},"So11111111111111111111111111111111111111112":{"tag":"SOL","name":"Solana","mint":"So11111111111111111111111111111111111111112","scale":9,"addr":"5pUTGvN2AA2BEzBDU4CNDh3LHER15WS6J8oJf5XeZFD8"}},"curveType":0,"feeStructure":{"traderFee":{"numerator":25,"denominator":10000},"ownerFee":{"numerator":5,"denominator":10000}}}