{"address":"GPxcR4ci8RbLh4bVPi88mKwTEDeVxEKs3nBkKayghuuL","nonce":255,"authority":"6poTLvmbRU9FAJAnM5RmXMRTVFf2xWRKooCkStZQJf6U","poolTokenMint":"2Reqt4Sw9xNY8BoJ3EZLpFu5yVgNxFrbw8M3KiJpPn6o","poolTokenDecimals":6,"feeAccount":"EVRpMUxUGZGH15SB1hGhLzzz15XNopLZjSuTZSpcwMmt","tokenIds":["SuperbZyz7TsSdSoFAZ6RYHfAWe9NmjXBLVQpS8hqdx","EPjFWdd5AufqSSqeM2qN1xzybapC8G4wEGGkZwyTDt1v"],"tokens":{"SuperbZyz7TsSdSoFAZ6RYHfAWe9NmjXBLVQpS8hqdx":{"tag":"SB","name":"SuperBonds","mint":"SuperbZyz7TsSdSoFAZ6RYHfAWe9NmjXBLVQpS8hqdx","scale":6,"addr":"EoV9ub5aojyBFdYGhPQPQ6cDeesgsENrNYGN6L8CB6Nh"},"EPjFWdd5AufqSSqeM2qN1xzybapC8G4wEGGkZwyTDt1v":{"tag":"USDC","name":"USD Coin","mint":"EPjFWdd5AufqSSqeM2qN1xzybapC8G4wEGGkZwyTDt1v","scale":6,"addr":"7kRmDjSorwKqqLAFupgGW8fEp6hywkt2bntw2gCrV5Sh"}},"curveType":0,"feeStructure":{"traderFee":{"numerator":25,"denominator":10000},"ownerFee":{"numerator":5,"denominator":10000}}}