{"address":"HdeYs4bpJKN2oTb7PHxbqq4kzKiLr772A5N2gWjY57ZT","nonce":250,"authority":"2KRcBDQJWEPygxcMMFMvR6dMTVtMkJV6kbxr5e9Kdj5Q","poolTokenMint":"DRknxb4ZFxXUTG6UJ5HupNHG1SmvBSCPzsZ1o9gAhyBi","poolTokenDecimals":6,"feeAccount":"5XuLrZqpX9gW3pJw7274EYwAft1ciTXndU4on96ERi9J","tokenIds":["2Kc38rfQ49DFaKHQaWbijkE7fcymUMLY5guUiUsDmFfn","EPjFWdd5AufqSSqeM2qN1xzybapC8G4wEGGkZwyTDt1v"],"tokens":{"2Kc38rfQ49DFaKHQaWbijkE7fcymUMLY5guUiUsDmFfn":{"tag":"KURO","name":"Kurobi","mint":"2Kc38rfQ49DFaKHQaWbijkE7fcymUMLY5guUiUsDmFfn","scale":6,"addr":"DBckbD9CoRBFE8WdbbnFLDz6WdDDSZ7ReEeqdjL62fpG"},"EPjFWdd5AufqSSqeM2qN1xzybapC8G4wEGGkZwyTDt1v":{"tag":"USDC","name":"USD Coin","mint":"EPjFWdd5AufqSSqeM2qN1xzybapC8G4wEGGkZwyTDt1v","scale":6,"addr":"B252w7ZkUX4WyLUJKLEymEpRkYMqJhgv2PSj2Z2LWH34"}},"curveType":0,"feeStructure":{"traderFee":{"numerator":25,"denominator":10000},"ownerFee":{"numerator":5,"denominator":10000}}}