{"address":"2arG3AznFJbLknAQUqk44PgeABZDHpBfcRsPmPWjjBPY","nonce":254,"authority":"ETCzw3Vp2n4aas7rFtxb554h67JPeyDBr7DKcHUgSAxp","poolTokenMint":"3hksYA17VxgiKSeihjnZkBbjc2CTbEBfvDCYgQhojTo5","poolTokenDecimals":6,"feeAccount":"H1Rcj6jAeV9v5QsJTo957tcWgYzve4PZEuSHGNmX1UFv","tokenIds":["9LzCMqDgTKYz9Drzqnpgee3SGa89up3a247ypMj2xrqM","EPjFWdd5AufqSSqeM2qN1xzybapC8G4wEGGkZwyTDt1v"],"tokens":{"9LzCMqDgTKYz9Drzqnpgee3SGa89up3a247ypMj2xrqM":{"tag":"AUDIO","name":"Audius (Wormhole)","mint":"9LzCMqDgTKYz9Drzqnpgee3SGa89up3a247ypMj2xrqM","scale":8,"addr":"FfpKRggDra1uSskyzAm6f4EXFhxw6ij8BkDwiWTs126x"},"EPjFWdd5AufqSSqeM2qN1xzybapC8G4wEGGkZwyTDt1v":{"tag":"USDC","name":"USD Coin","mint":"EPjFWdd5AufqSSqeM2qN1xzybapC8G4wEGGkZwyTDt1v","scale":6,"addr":"ACBf9ksELg2buAFnDTJL9WnT5kZRcFN1Bvarox9JZVbq"}},"curveType":0,"feeStructure":{"traderFee":{"numerator":25,"denominator":10000},"ownerFee":{"numerator":5,"denominator":10000}}}