{"address":"3Ukqqshh3kZ8UPbcYYFSRaeJcsgttcmShtNNn12F1rj2","nonce":255,"authority":"7NP8DTzPdpbQofhNyhLW3j2khutmfy1kuFp2AjaD8rrp","poolTokenMint":"GHuoeq9UnFBsBhMwH43eL3RWX5XVXbSRYJymmyMYpT7n","poolTokenDecimals":6,"feeAccount":"CCuSVbnnq8SUj7cpPe7BbHLuKanyxfvfrwypzCBnaDdf","tokenIds":["SUNNYWgPQmFxe9wTZzNK7iPnJ3vYDrkgnxJRJm1s3ag","EPjFWdd5AufqSSqeM2qN1xzybapC8G4wEGGkZwyTDt1v"],"tokens":{"SUNNYWgPQmFxe9wTZzNK7iPnJ3vYDrkgnxJRJm1s3ag":{"tag":"SUNNY","name":"Sunny Aggregator","mint":"SUNNYWgPQmFxe9wTZzNK7iPnJ3vYDrkgnxJRJm1s3ag","scale":6,"addr":"F6nCAMYEFxsyRDVonQXLNufXgAHsgAa1Br8DhBoX3KAV"},"EPjFWdd5AufqSSqeM2qN1xzybapC8G4wEGGkZwyTDt1v":{"tag":"USDC","name":"USD Coin","mint":"EPjFWdd5AufqSSqeM2qN1xzybapC8G4wEGGkZwyTDt1v","scale":6,"addr":"HWCTHmQppFSsKQEk1bHUqPC2WLaidgnfTG9MQGD4XKEt"}},"curveType":0,"feeStructure":{"traderFee":{"numerator":25,"denominator":10000},"ownerFee":{"numerator":5,"denominator":10000}}}