{"address":"95aDcNzL8tL17jzHAUQXnRwuCmYBWKUr4xfjV6AMVJY1","nonce":255,"authority":"GeTZHdp1sYgX6J73CBeqS5pjb7xfY8D9Rzf4E615oGMt","poolTokenMint":"GjG7JjTQfQpDxw4hWx4etP9oTaYCuCbPjsU8WaUT3xHB","poolTokenDecimals":6,"feeAccount":"AdSQYnzmJ4j2hbqT5aumXAf4a3T2AxmGHbCgHER8rf6K","tokenIds":["FANTafPFBAt93BNJVpdu25pGPmca3RfwdsDsRrT3LX1r","EPjFWdd5AufqSSqeM2qN1xzybapC8G4wEGGkZwyTDt1v"],"tokens":{"FANTafPFBAt93BNJVpdu25pGPmca3RfwdsDsRrT3LX1r":{"tag":"FANT","name":"Phantasia","mint":"FANTafPFBAt93BNJVpdu25pGPmca3RfwdsDsRrT3LX1r","scale":6,"addr":"CyLaJ6Y382czGE75yFDg2fneKni6PjZHH9Jh4GZN2Nyo"},"EPjFWdd5AufqSSqeM2qN1xzybapC8G4wEGGkZwyTDt1v":{"tag":"USDC","name":"USD Coin","mint":"EPjFWdd5AufqSSqeM2qN1xzybapC8G4wEGGkZwyTDt1v","scale":6,"addr":"7wHMKRPVsacb3JcBsUxLKLZkAPbX81VNc6Z6J9uvJ2J8"}},"curveType":0,"feeStructure":{"traderFee":{"numerator":25,"denominator":10000},"ownerFee":{"numerator":5,"denominator":10000}}}