{"address":"EJRXAkKyDhDgzdZz1Ss5CpWKWSK9xTR5S6GDLAer8mdh","nonce":255,"authority":"2pQbngWBSWUjBHWVWQ3tppKxW3Y5NzUcye1822itKyzZ","poolTokenMint":"9tf8rBSEQYG7AqL896fN2nZi1iYPqpWaLEdpbeQaC1Vy","poolTokenDecimals":6,"feeAccount":"APyc1s8wES4Q2FTqHN8jXZtRuWQyRWZ82u7EFfras2iZ","tokenIds":["SRMuApVNdxXokk5GT7XD5cUUgXMBCoAz2LHeuAoKWRt","So11111111111111111111111111111111111111112"],"tokens":{"SRMuApVNdxXokk5GT7XD5cUUgXMBCoAz2LHeuAoKWRt":{"tag":"SRM","name":"Serum","mint":"SRMuApVNdxXokk5GT7XD5cUUgXMBCoAz2LHeuAoKWRt","scale":6,"addr":"2JCxZv6LaFjtWqBXSC2brsWE9WryS4Cp3VwwDeNGvLyv"},"So11111111111111111111111111111111111111112":{"tag":"SOL","name":"Solana","mint":"So11111111111111111111111111111111111111112","scale":9,"addr":"EdhG3vQbTVVAARZB4AbhU2HsVbvfFqX2yhBAfFV22nzA"}},"curveType":0,"feeStructure":{"traderFee":{"numerator":25,"denominator":10000},"ownerFee":{"numerator":5,"denominator":10000}}}