{"address":"8JPid6GtND2tU3A7x7GDfPPEWwS36rMtzF7YoHU44UoA","nonce":255,"authority":"749y4fXb9SzqmrLEetQdui5iDucnNiMgCJ2uzc3y7cou","poolTokenMint":"BVWwyiHVHZQMPHsiW7dZH7bnBVKmbxdeEjWqVRciHCyo","poolTokenDecimals":6,"feeAccount":"E6aTzkZKdCECgpDtBZtVpqiGjxRDSAFh1SC9CdSoVK7a","tokenIds":["xxxxa1sKNGwFtw2kFn8XauW9xq8hBZ5kVtcSesTT9fW","EPjFWdd5AufqSSqeM2qN1xzybapC8G4wEGGkZwyTDt1v"],"tokens":{"xxxxa1sKNGwFtw2kFn8XauW9xq8hBZ5kVtcSesTT9fW":{"tag":"SLIM","name":"Solanium","mint":"xxxxa1sKNGwFtw2kFn8XauW9xq8hBZ5kVtcSesTT9fW","scale":6,"addr":"ErcxwkPgLdyoVL6j2SsekZ5iysPZEDRGfAggh282kQb8"},"EPjFWdd5AufqSSqeM2qN1xzybapC8G4wEGGkZwyTDt1v":{"tag":"USDC","name":"USD Coin","mint":"EPjFWdd5AufqSSqeM2qN1xzybapC8G4wEGGkZwyTDt1v","scale":6,"addr":"EFYW6YEiCGpavuMPS1zoXhgfNkPisWkQ3bQz1b4UfKek"}},"curveType":0,"feeStructure":{"traderFee":{"numerator":25,"denominator":10000},"ownerFee":{"numerator":5,"denominator":10000}}}