{"address":"7c2CLgatf2TU36PgpS65WLmvWk94rmaHVf1Z1peZ7mcA","nonce":251,"authority":"Mq46N9EknnxHL9fRkJhS4Eg9YXRifHiWzFJTD11ePWC","poolTokenMint":"Hmfrtmo93DpSDmVNLQKcBS5D1ia5JatiRSok9ososubz","poolTokenDecimals":6,"feeAccount":"7JH76Kw4dHyC5szRXkx6MFkJ3BEViodfNy15uFJst1cX","tokenIds":["AUrMpCDYYcPuHhyNX8gEEqbmDPFUpBpHrNW3vPeCFn5Z","EPjFWdd5AufqSSqeM2qN1xzybapC8G4wEGGkZwyTDt1v"],"tokens":{"AUrMpCDYYcPuHhyNX8gEEqbmDPFUpBpHrNW3vPeCFn5Z":{"tag":"AVAX","name":"Avalanche","mint":"AUrMpCDYYcPuHhyNX8gEEqbmDPFUpBpHrNW3vPeCFn5Z","scale":9,"addr":"5rU6M2jAXQMSmgrsn14BPoVVhoBdCU6y5cP7XMjN4ZYy"},"EPjFWdd5AufqSSqeM2qN1xzybapC8G4wEGGkZwyTDt1v":{"tag":"USDC","name":"USD Coin","mint":"EPjFWdd5AufqSSqeM2qN1xzybapC8G4wEGGkZwyTDt1v","scale":6,"addr":"D28rzq246bcXBrYiCeALY86y8NwvCUmuJGNggvKsh4WR"}},"curveType":0,"feeStructure":{"traderFee":{"numerator":25,"denominator":10000},"ownerFee":{"numerator":5,"denominator":10000}}}