{"address":"2R2VhohRc5WoNHtRdwnjovAQaZRAmr1DE3QFW5jfgb6v","nonce":252,"authority":"9B9ZcYT8jDQ6XLe6gRLDCFv1zz3uHVKdbZT9DFhsYSQW","poolTokenMint":"4cXw2MYj94TFBXLL73fEpMCr8DPrW68JvrV8mzWgktbD","poolTokenDecimals":6,"feeAccount":"HURhvCRsrwwR5TiG75Hn274WwL76kaKgjgC6n9h4FEHj","tokenIds":["4k3Dyjzvzp8eMZWUXbBCjEvwSkkk59S5iCNLY3QrkX6R","EPjFWdd5AufqSSqeM2qN1xzybapC8G4wEGGkZwyTDt1v"],"tokens":{"4k3Dyjzvzp8eMZWUXbBCjEvwSkkk59S5iCNLY3QrkX6R":{"tag":"RAY","name":"Raydium","mint":"4k3Dyjzvzp8eMZWUXbBCjEvwSkkk59S5iCNLY3QrkX6R","scale":6,"addr":"9ASj9zDg7cT6wtvn4euSUiZte8yN2U3Tn6cTVZvMHbU7"},"EPjFWdd5AufqSSqeM2qN1xzybapC8G4wEGGkZwyTDt1v":{"tag":"USDC","name":"USD Coin","mint":"EPjFWdd5AufqSSqeM2qN1xzybapC8G4wEGGkZwyTDt1v","scale":6,"addr":"HGTxSWbb62nxk4oGkLkHUvrEzR5D4GKYRb8ZDcA2dpki"}},"curveType":0,"feeStructure":{"traderFee":{"numerator":25,"denominator":10000},"ownerFee":{"numerator":5,"denominator":10000}}}