{"address":"EacW6utfAJk6z5QCbyqjJHdTN2TH5UFu9K5dh3DmhsLV","nonce":254,"authority":"CUQbwmFXySWXpBgycGTTj3gQNY8AnjD4DJRjgLeG1bVK","poolTokenMint":"4ni1nho89cDKAQ9ddbNQA9ieLYpzvJVmJpuogu5Ct5ur","poolTokenDecimals":6,"feeAccount":"H4VgN76Mri6ctLCkf6fnyfae9fCDC51nZVPa1oPjq1Da","tokenIds":["7dHbWXmci3dT8UFYWYZweBLXgycu7Y3iL6trKn1Y7ARj","Es9vMFrzaCERmJfrF4H2FYD4KCoNkY11McCe8BenwNYB"],"tokens":{"7dHbWXmci3dT8UFYWYZweBLXgycu7Y3iL6trKn1Y7ARj":{"tag":"stSOL","name":"Lido Staked SOL","mint":"7dHbWXmci3dT8UFYWYZweBLXgycu7Y3iL6trKn1Y7ARj","scale":9,"addr":"BAMiBNk9j6Z9LLdZzzGScHDFQas58uLqW4GGX4ndq7K6"},"Es9vMFrzaCERmJfrF4H2FYD4KCoNkY11McCe8BenwNYB":{"tag":"USDT","name":"Tether USD","mint":"Es9vMFrzaCERmJfrF4H2FYD4KCoNkY11McCe8BenwNYB","scale":6,"addr":"Ajf4bxNoKCyFVfV35sRTgGwZK1dfJJJVXgNFs7ncC5EF"}},"curveType":0,"feeStructure":{"traderFee":{"numerator":25,"denominator":10000},"ownerFee":{"numerator":5,"denominator":10000}}}