{"address":"5DnwMqYAGEKekYXJdN8Bue6vN1p5zrEnBpmd53jEK61S","nonce":255,"authority":"4NfadURWeSDPJBGcKQRt39mPhbG9M7EJx6FZDwwcFB9f","poolTokenMint":"qJxKN9BhxbYvRNbjfK2uAVWboto6sonj8XC1ZEW5XTB","poolTokenDecimals":6,"feeAccount":"57L2bEFecsAv4jnaM2PBaeAVyPZEYtTmXBi7eaG2xWXw","tokenIds":["FnKE9n6aGjQoNWRBZXy4RW6LZVao7qwBonUbiD7edUmZ","EPjFWdd5AufqSSqeM2qN1xzybapC8G4wEGGkZwyTDt1v"],"tokens":{"FnKE9n6aGjQoNWRBZXy4RW6LZVao7qwBonUbiD7edUmZ":{"tag":"SYP","name":"Sypool","mint":"FnKE9n6aGjQoNWRBZXy4RW6LZVao7qwBonUbiD7edUmZ","scale":9,"addr":"6d19CQA1FP2MLLAzA7XoZEc9Agc32FaKUS175UVWLGtv"},"EPjFWdd5AufqSSqeM2qN1xzybapC8G4wEGGkZwyTDt1v":{"tag":"USDC","name":"USD Coin","mint":"EPjFWdd5AufqSSqeM2qN1xzybapC8G4wEGGkZwyTDt1v","scale":6,"addr":"HpPnUHyo19VjmXbP6FbbKXu7WQCUEn6h7be76fZdHVmf"}},"curveType":0,"feeStructure":{"traderFee":{"numerator":25,"denominator":10000},"ownerFee":{"numerator":5,"denominator":10000}}}