{"address":"9tK2LaapwjxaUmfcAzY9zgC39M3wnaFX558y2Bb4oxWG","nonce":255,"authority":"EGuBsx6HAgAtf1ogzF1uXTUQgwRex61hnhvuZcMwQKUJ","poolTokenMint":"DSiHyHDn96bUQSZtizyCRLcQzrwohZeMpVu8rYJN1HzG","poolTokenDecimals":6,"feeAccount":"Acom6ebnmbFKQk3XeX5VHPiz8bd7kzfpUMsqHKJDJnry","tokenIds":["H7Qc9APCWWGDVxGD5fJHmLTmdEgT9GFatAKFNg6sHh8A","EPjFWdd5AufqSSqeM2qN1xzybapC8G4wEGGkZwyTDt1v"],"tokens":{"H7Qc9APCWWGDVxGD5fJHmLTmdEgT9GFatAKFNg6sHh8A":{"tag":"OOGI","name":"OOGI","mint":"H7Qc9APCWWGDVxGD5fJHmLTmdEgT9GFatAKFNg6sHh8A","scale":9,"addr":"GgfTGZ5DnAotnXKFM86vqffKQZ9nGgHaX1PDS7RTcKjQ"},"EPjFWdd5AufqSSqeM2qN1xzybapC8G4wEGGkZwyTDt1v":{"tag":"USDC","name":"USD Coin","mint":"EPjFWdd5AufqSSqeM2qN1xzybapC8G4wEGGkZwyTDt1v","scale":6,"addr":"A3rzsPGtqowjKXfscYrPo1jvv2EVYpJwXQPGKxgvvStf"}},"curveType":0,"feeStructure":{"traderFee":{"numerator":25,"denominator":10000},"ownerFee":{"numerator":5,"denominator":10000}}}