{"address":"2sNtf8wLZMR7XJm2pzvvVUNPTNRFsGTiC5vgDSGv5QGD","nonce":255,"authority":"HzAJLVqZ7fnmc2LfRPtz2GHu93RpAPQsdDTg6DRoTTmf","poolTokenMint":"8nTzqDXHriG2CXKbybeuEh1EqDQMtrbYMFWcP7AkiDaP","poolTokenDecimals":6,"feeAccount":"5FEmPmAk72NycwzMXLD3hc2f47zRXocv4mvd3HEUZ5io","tokenIds":["StepAscQoEioFxxWGnh2sLBDFp9d8rvKz2Yp39iDpyT","So11111111111111111111111111111111111111112"],"tokens":{"StepAscQoEioFxxWGnh2sLBDFp9d8rvKz2Yp39iDpyT":{"tag":"STEP","name":"Step","mint":"StepAscQoEioFxxWGnh2sLBDFp9d8rvKz2Yp39iDpyT","scale":9,"addr":"35opuEpVvggzfV361hQVNXiC7KAKS1HCeDoVpfVybo8k"},"So11111111111111111111111111111111111111112":{"tag":"SOL","name":"Solana","mint":"So11111111111111111111111111111111111111112","scale":9,"addr":"A3DSsYZJWHiwXSQb7P2AbEoaWhpauJLU1PVdTPnzV5s9"}},"curveType":0,"feeStructure":{"traderFee":{"numerator":25,"denominator":10000},"ownerFee":{"numerator":5,"denominator":10000}}}