{"address":"2dwHmCoAGxCXvTbLTMjqAhvEFAHWUt9kZaroJJJdmoD4","nonce":253,"authority":"BwJ1vMtJiBy7dJaVToR1KUwVbBsGUTNN4QdKVSf8EEh1","poolTokenMint":"J3kvcay3N16FBdawgnqoJ9v9p6XCvyCLE2Z9F5RLvGkj","poolTokenDecimals":6,"feeAccount":"HR7c67SkeLvCpHrVSu7MiiAERQh6iD1NrCJsj3kWiZnK","tokenIds":["9n4nbM75f5Ui33ZbPYXn59EwSgE8CGsHtAeTH5YFeJ9E","EPjFWdd5AufqSSqeM2qN1xzybapC8G4wEGGkZwyTDt1v"],"tokens":{"9n4nbM75f5Ui33ZbPYXn59EwSgE8CGsHtAeTH5YFeJ9E":{"tag":"BTC","name":"Bitcoin","mint":"9n4nbM75f5Ui33ZbPYXn59EwSgE8CGsHtAeTH5YFeJ9E","scale":6,"addr":"D3Wv78j9STkfJx3vhzoCzpMZ4RqCg8oaTNGzi1rZpdJg"},"EPjFWdd5AufqSSqeM2qN1xzybapC8G4wEGGkZwyTDt1v":{"tag":"USDC","name":"USD Coin","mint":"EPjFWdd5AufqSSqeM2qN1xzybapC8G4wEGGkZwyTDt1v","scale":6,"addr":"HMFLg2GtbWSSEe92Vuf2LQdUpCacGj2m2PwvMqzwQFNi"}},"curveType":0,"feeStructure":{"traderFee":{"numerator":25,"denominator":10000},"ownerFee":{"numerator":5,"denominator":10000}}}