{"address":"Ci2T7KY8xXc3NmSr4JmbhZ2V7SfjZ7Fn2q6VxJsDD1Dg","nonce":255,"authority":"fmoBkLez7cSLnG1XNn6PTf6UH5Vq2hSAPrZ1NbvRppL","poolTokenMint":"99ZHUQsgxL7K6PHrGNi1gSwawwPr7UA5fbWrYoHQ6qhX","poolTokenDecimals":6,"feeAccount":"HHhxxFKyVt4xrYnJqAiywHCzuoCu45S4itkLKvop2fAe","tokenIds":["SCYfrGCw8aDiqdgcpdGjV6jp4UVVQLuphxTDLNWu36f","EPjFWdd5AufqSSqeM2qN1xzybapC8G4wEGGkZwyTDt1v"],"tokens":{"SCYfrGCw8aDiqdgcpdGjV6jp4UVVQLuphxTDLNWu36f":{"tag":"SCY","name":"Synchrony","mint":"SCYfrGCw8aDiqdgcpdGjV6jp4UVVQLuphxTDLNWu36f","scale":9,"addr":"Hfa6kPY27pgnbXHMd1bKBaYMBoF8RRxUm2AmWHBWudcn"},"EPjFWdd5AufqSSqeM2qN1xzybapC8G4wEGGkZwyTDt1v":{"tag":"USDC","name":"USD Coin","mint":"EPjFWdd5AufqSSqeM2qN1xzybapC8G4wEGGkZwyTDt1v","scale":6,"addr":"CYKEhyhe9JZqLzaM29o8urMu8riDNBE6ycZP6bLQtkbF"}},"curveType":0,"feeStructure":{"traderFee":{"numerator":25,"denominator":10000},"ownerFee":{"numerator":5,"denominator":10000}}}