{"address":"B32UuhPSp6srSBbRTh4qZNjkegsehY9qXTwQgnPWYMZy","nonce":255,"authority":"EtwQJxu8wih29vMpdTa74K9W9tgtL4LT6hbWBkhHwvU5","poolTokenMint":"Eswigpwm3xsipkTqahGi2PEJsJcULQBwZgxhQpr6yBEa","poolTokenDecimals":6,"feeAccount":"74b9j23njRpt3PYPxoze2XS29ZgGmucziLB7WrsDpBdD","tokenIds":["7dHbWXmci3dT8UFYWYZweBLXgycu7Y3iL6trKn1Y7ARj","ZScHuTtqZukUrtZS43teTKGs2VqkKL8k4QCouR2n6Uo"],"tokens":{"7dHbWXmci3dT8UFYWYZweBLXgycu7Y3iL6trKn1Y7ARj":{"tag":"stSOL","name":"Lido Staked SOL","mint":"7dHbWXmci3dT8UFYWYZweBLXgycu7Y3iL6trKn1Y7ARj","scale":9,"addr":"CeSEpgqc3zV8xDr7Q6PiwJju6a6e92wpAv7Kg6QyFfQB"},"ZScHuTtqZukUrtZS43teTKGs2VqkKL8k4QCouR2n6Uo":{"tag":"wstETH","name":"Lido Staked Ether","mint":"ZScHuTtqZukUrtZS43teTKGs2VqkKL8k4QCouR2n6Uo","scale":8,"addr":"Fb3XpEJgghTURUGd1wphWr93ruX5egnesfdZtjWCxJFy"}},"curveType":0,"feeStructure":{"traderFee":{"numerator":25,"denominator":10000},"ownerFee":{"numerator":5,"denominator":10000}}}