{"address":"H2bkwBwizcotpWHbruYFKXfHvh29hhoZn52qHq2YZumW","nonce":254,"authority":"E812K73QyqSsGBeU3MLodqVs3gCKJjka4p4gP34hXtns","poolTokenMint":"HVLyX8mD8YvKgZJ4oB6rXJiCYMLpHKwB6iCiCjE1XwdT","poolTokenDecimals":6,"feeAccount":"35HW4HcFDzVnVsxBhPKptYfwX3HyJWEosv5T9sdBSu8t","tokenIds":["GNCjk3FmPPgZTkbQRSxr6nCvLtYMbXKMnRxg8BgJs62e","EPjFWdd5AufqSSqeM2qN1xzybapC8G4wEGGkZwyTDt1v"],"tokens":{"GNCjk3FmPPgZTkbQRSxr6nCvLtYMbXKMnRxg8BgJs62e":{"tag":"acCELO","name":"Celo","mint":"GNCjk3FmPPgZTkbQRSxr6nCvLtYMbXKMnRxg8BgJs62e","scale":9,"addr":"H6tFXr3BnF3r21Sv2ykLSbiE7wLxWpDcXroyxBReoXou"},"EPjFWdd5AufqSSqeM2qN1xzybapC8G4wEGGkZwyTDt1v":{"tag":"USDC","name":"USD Coin","mint":"EPjFWdd5AufqSSqeM2qN1xzybapC8G4wEGGkZwyTDt1v","scale":6,"addr":"GnKnjXsmZKVhduVyLiR9Ngsxwo8spfxtruiPtqDqHLNJ"}},"curveType":0,"feeStructure":{"traderFee":{"numerator":25,"denominator":10000},"ownerFee":{"numerator":5,"denominator":10000}}}