{"address":"49tTgthTYLMPEqozZNyEQifqkGYxHqqDie9YxVczS3iB","nonce":255,"authority":"9FQ9gDtS6uNr5SMPafuzkDit2rMftHfQuz5mg2X3TqHT","poolTokenMint":"CVapmQn7HaU1yMDW3q6oUV4hx6XoYv54T4zfGXkuJqkA","poolTokenDecimals":6,"feeAccount":"Hq9xxKdMavJd4teMZusF4PiGNGV3hxdcMZwAdngkHCg7","tokenIds":["orcaEKTdK7LKz57vaAYr9QeNsVEPfiu6QeMU1kektZE","mSoLzYCxHdYgdzU16g5QSh3i5K3z3KZK7ytfqcJm7So"],"tokens":{"orcaEKTdK7LKz57vaAYr9QeNsVEPfiu6QeMU1kektZE":{"tag":"ORCA","name":"Orca","mint":"orcaEKTdK7LKz57vaAYr9QeNsVEPfiu6QeMU1kektZE","scale":6,"addr":"7hoYJc4aqttctANrNe75gscdmQD9HcXZED6AjdDdZMQ9"},"mSoLzYCxHdYgdzU16g5QSh3i5K3z3KZK7ytfqcJm7So":{"tag":"mSOL","name":"Marinade.finance","mint":"mSoLzYCxHdYgdzU16g5QSh3i5K3z3KZK7ytfqcJm7So","scale":9,"addr":"7MuvRUFT1wWiL7uJKdZqNwk9Fmz2HJ36bEArhDTnyFij"}},"curveType":0,"feeStructure":{"traderFee":{"numerator":25,"denominator":10000},"ownerFee":{"numerator":5,"denominator":10000}}}