{"address":"9wb29L97MmPp7Nw8oaqiAGkXceETGNQurhySiUNLv5wh","nonce":251,"authority":"786ezhfHqkmJUBmjrWYGpzPnVWR8zhy2V71qNws7D89z","poolTokenMint":"GoaAiajubRgeCFEz9L6mLnSmT2QFegoJDH5tpLfivpj","poolTokenDecimals":6,"feeAccount":"4FjEd37W9FExXq85nLeuNWuhUaTwkFdnqewt3E3qoYAh","tokenIds":["Basis9oJw9j8cw53oMV7iqsgo6ihi9ALw4QR31rcjUJa","EPjFWdd5AufqSSqeM2qN1xzybapC8G4wEGGkZwyTDt1v"],"tokens":{"Basis9oJw9j8cw53oMV7iqsgo6ihi9ALw4QR31rcjUJa":{"tag":"BASIS","name":"basis.markets","mint":"Basis9oJw9j8cw53oMV7iqsgo6ihi9ALw4QR31rcjUJa","scale":6,"addr":"7QM71YvJm86bN9RLFoEvyDX8dBgLh2xjnabcHf4d1Q1y"},"EPjFWdd5AufqSSqeM2qN1xzybapC8G4wEGGkZwyTDt1v":{"tag":"USDC","name":"USD Coin","mint":"EPjFWdd5AufqSSqeM2qN1xzybapC8G4wEGGkZwyTDt1v","scale":6,"addr":"AmP22dYrTsG2LrkQX9cLg79jUrzDJcmWqGEWmM3Mdn46"}},"curveType":0,"feeStructure":{"traderFee":{"numerator":25,"denominator":10000},"ownerFee":{"numerator":5,"denominator":10000}}}