{"address":"GhosXH9yZPxqSyTHqJtXQt6w65YfiGjKXcEXciX1P3z8","nonce":255,"authority":"ChmSHndtXRsYnFjYA2F7yRRsnyZ8kCpxSogTsCUgCEsh","poolTokenMint":"F59gkD7NnsdJbFKrRZsiBC8PAooN4c56T8QmahfW1iXN","poolTokenDecimals":6,"feeAccount":"GMipxN5pu6F6wwUrq6RhpqgcMjcKLTsnDTeNFCuUm5n7","tokenIds":["SLNDpmoWTVADgEdndyvWzroNL7zSi1dF9PC3xHGtPwp","EPjFWdd5AufqSSqeM2qN1xzybapC8G4wEGGkZwyTDt1v"],"tokens":{"SLNDpmoWTVADgEdndyvWzroNL7zSi1dF9PC3xHGtPwp":{"tag":"SLND","name":"Solend","mint":"SLNDpmoWTVADgEdndyvWzroNL7zSi1dF9PC3xHGtPwp","scale":6,"addr":"9RcdfprKxbTzp3erTJMwXKznNCLmbCUaKhibaTMXhToi"},"EPjFWdd5AufqSSqeM2qN1xzybapC8G4wEGGkZwyTDt1v":{"tag":"USDC","name":"USD Coin","mint":"EPjFWdd5AufqSSqeM2qN1xzybapC8G4wEGGkZwyTDt1v","scale":6,"addr":"6wEh8r3Czc3nKkN6JXobShnLG7ZqA5Y5DREGzkirYR36"}},"curveType":0,"feeStructure":{"traderFee":{"numerator":25,"denominator":10000},"ownerFee":{"numerator":5,"denominator":10000}}}