{"address":"68Bg6yQxWm3mrUYk3XzMiF5ycE41HwPhyEdaB1cp6wuo","nonce":255,"authority":"BpshqwEmPXmJwJfFgTFafmXoHN8Lc7SouvFsh6jyYQAm","poolTokenMint":"EsYaDKJCmcJtJHFuJYwQZwqohvVMCrFzcg8yo3i328No","poolTokenDecimals":6,"feeAccount":"FWBCbjZnypLKz7uHGJXpBAEez2FurQXi9J3js7ZT1xDe","tokenIds":["AGFEad2et2ZJif9jaGpdMixQqvW5i81aBdvKe7PHNfz3","So11111111111111111111111111111111111111112"],"tokens":{"AGFEad2et2ZJif9jaGpdMixQqvW5i81aBdvKe7PHNfz3":{"tag":"FTT","name":"FTX Token","mint":"AGFEad2et2ZJif9jaGpdMixQqvW5i81aBdvKe7PHNfz3","scale":6,"addr":"3eVE92aEAsLYcBACXNu1yxoHVfTM8e8vmQC2zSApGRJX"},"So11111111111111111111111111111111111111112":{"tag":"SOL","name":"Solana","mint":"So11111111111111111111111111111111111111112","scale":9,"addr":"BbsiNbFfJsRDwqF4JaiJ6sKecNuY4eWmEaDHcY6h6HuD"}},"curveType":0,"feeStructure":{"traderFee":{"numerator":25,"denominator":10000},"ownerFee":{"numerator":5,"denominator":10000}}}