{"address":"25bQ6UzZpgFgnU7MqZdqM9Axi6oJunytRL2LgXruDWZB","nonce":254,"authority":"BjnfpyU3Verx99dKcEJZpL1AqLTPrkAUcd44LpXcXVvn","poolTokenMint":"DJqqvzSuPaWThfzwMjXx7H2ZmHDdwxza6NtFudtuXcpc","poolTokenDecimals":6,"feeAccount":"9wmHbXURZ4zTPSj1KqoRSCdBRGUF7jrURzf7BB39cxM4","tokenIds":["SHDWyBxihqiCj6YekG2GUr7wqKLeLAMK1gHZck9pL6y","EPjFWdd5AufqSSqeM2qN1xzybapC8G4wEGGkZwyTDt1v"],"tokens":{"SHDWyBxihqiCj6YekG2GUr7wqKLeLAMK1gHZck9pL6y":{"tag":"SHDW","name":"Shadow","mint":"SHDWyBxihqiCj6YekG2GUr7wqKLeLAMK1gHZck9pL6y","scale":9,"addr":"8ZVaNyNZQkcMzF7esuZoRgRo7Rc9eKEN18v4zw7Ng8JZ"},"EPjFWdd5AufqSSqeM2qN1xzybapC8G4wEGGkZwyTDt1v":{"tag":"USDC","name":"USD Coin","mint":"EPjFWdd5AufqSSqeM2qN1xzybapC8G4wEGGkZwyTDt1v","scale":6,"addr":"H8A2xivBXr1RMCYmuhJ7dyEXJqPxaGDyQaaim8WucU7c"}},"curveType":0,"feeStructure":{"traderFee":{"numerator":25,"denominator":10000},"ownerFee":{"numerator":5,"denominator":10000}}}