{"address":"Hme4Jnqhdz2jAPUMnS7jGE5zv6Y1ynqrUEhmUAWkXmzn","nonce":255,"authority":"9Z7E42k46kxnBjAh8YGXDw3rRGwwxQUBYM7Ccrmwg6ZP","poolTokenMint":"8PSfyiTVwPb6Rr2iZ8F3kNpbg65BCfJM9v8LfB916r44","poolTokenDecimals":6,"feeAccount":"3W3Skj2vQsNEMhGRQprFXQy3Q8ZbM6ojdgiDCokVPWno","tokenIds":["mSoLzYCxHdYgdzU16g5QSh3i5K3z3KZK7ytfqcJm7So","EPjFWdd5AufqSSqeM2qN1xzybapC8G4wEGGkZwyTDt1v"],"tokens":{"mSoLzYCxHdYgdzU16g5QSh3i5K3z3KZK7ytfqcJm7So":{"tag":"mSOL","name":"Marinade.finance","mint":"mSoLzYCxHdYgdzU16g5QSh3i5K3z3KZK7ytfqcJm7So","scale":9,"addr":"GBa7G5f1FqAXEgByuHXsqsEdpyMjRgT9SNxZwmmnEJAY"},"EPjFWdd5AufqSSqeM2qN1xzybapC8G4wEGGkZwyTDt1v":{"tag":"USDC","name":"USD Coin","mint":"EPjFWdd5AufqSSqeM2qN1xzybapC8G4wEGGkZwyTDt1v","scale":6,"addr":"7hFgNawzzmpDM8TTVCKm8jykBrym8C3TQdb8TDAfAVkD"}},"curveType":0,"feeStructure":{"traderFee":{"numerator":25,"denominator":10000},"ownerFee":{"numerator":5,"denominator":10000}}}