{"address":"DhGTKyT6RVkpvPxXAJodi4Z41RSvQZxV1f5eRvJ5bE4r","nonce":254,"authority":"Hu8AWoRBa7ZaYQFdHQyRHeEZGB16Me86fA5vAZzjVUmv","poolTokenMint":"HsauTv9s52Zv12eaDuSp6y7BEm4e4BHEyAsbdjyyWzPK","poolTokenDecimals":6,"feeAccount":"JEGcxfGxWJpRkGtvA6J6kEgTBebDz6kxURoeB3SX8vaW","tokenIds":["8HGyAAB1yoM1ttS7pXjHMa3dukTFGQggnFFH3hJZgzQh","EPjFWdd5AufqSSqeM2qN1xzybapC8G4wEGGkZwyTDt1v"],"tokens":{"8HGyAAB1yoM1ttS7pXjHMa3dukTFGQggnFFH3hJZgzQh":{"tag":"COPE","name":"Cope","mint":"8HGyAAB1yoM1ttS7pXjHMa3dukTFGQggnFFH3hJZgzQh","scale":6,"addr":"6N3P3etaUYGeBs2C67ZQTDRqHsExNsfj85dDWPwHtQBS"},"EPjFWdd5AufqSSqeM2qN1xzybapC8G4wEGGkZwyTDt1v":{"tag":"USDC","name":"USD Coin","mint":"EPjFWdd5AufqSSqeM2qN1xzybapC8G4wEGGkZwyTDt1v","scale":6,"addr":"36VVz3eY8YmWBGskQVjvGGBfyUKHHCEDBgkFtzMpFqeU"}},"curveType":0,"feeStructure":{"traderFee":{"numerator":25,"denominator":10000},"ownerFee":{"numerator":5,"denominator":10000}}}