{"lpTokenFreezeVault":"CE5n9TwH6iZDdJkyyypPVjZYRbt4hNo3VmTkPfRCSQwa","poolMint":"9hkYqNM8QSx2vTwspaNg5VvW1LBxKWWgud8pCVdxKYZU","poolSigner":"FLksrivQPK67vmMtRQhJU7HJ57MVJvbfRZMQBVJgEzCs","poolSignerNonce":254,"authority":"BqSGA2WdiQXA2cC1EdGDnVD615A4nYEAq49K3fz2hNBo","initializerAccount":"vSKUeRdjawKaEBZTD7tg6DzgD4agwfyPqEtRxBdfApb","feeBaseAccount":"2JMezcY9NTCF3go1LgeCE56FjcCRAg1Aqc2AQZz5ggsH","feeQuoteAccount":"Akh9NvTiC8p8cpCZxmGMNjQDMibKzZCq4NcAJLM8xF9k","feePoolTokenAccount":"9h5c5Jyttfa12UkYcFPuvsqd5ovw123cKn7kN2shACnn","tokens":{"mSoLzYCxHdYgdzU16g5QSh3i5K3z3KZK7ytfqcJm7So":{"tag":"","name":"","mint":"mSoLzYCxHdYgdzU16g5QSh3i5K3z3KZK7ytfqcJm7So","addr":"EhWAErmyrX8nT1eT8HVFw37amsEkm5VjKZH4ZUreDRCs","scale":9},"9n4nbM75f5Ui33ZbPYXn59EwSgE8CGsHtAeTH5YFeJ9E":{"tag":"","name":"","mint":"9n4nbM75f5Ui33ZbPYXn59EwSgE8CGsHtAeTH5YFeJ9E","addr":"Fpy5DXqdz7mfLDF8PYKVzxQrYtsaiQu36fLpv6gmGseH","scale":6}},"tokenIds":["mSoLzYCxHdYgdzU16g5QSh3i5K3z3KZK7ytfqcJm7So","9n4nbM75f5Ui33ZbPYXn59EwSgE8CGsHtAeTH5YFeJ9E"],"fees":{"traderFee":{"numerator":20,"denominator":10000},"ownerFee":{"numerator":10,"denominator":10000}},"curveType":0,"curve":"287Xt575s9ZjoUrDk7Ebd1Qn89mWELjP9EZ9rfTsph28","poolPublicKey":"13FjT6LMUH9LQLQn6KGjJ1GNXKvgzoDSdxvHvAd4hcan","poolVersion":1}