{"lpTokenFreezeVault":"92rjN9YwhpPfw7z61RquM7SeTUdPyrZqNBRJCdcvmgjf","poolMint":"9TS4qcHgTuAJ5JY4e3PvXp3b84cJ3PHZaoqg4cNEXBMF","poolSigner":"ECM8qXnGJvW2eUvPbe3f6Aafirqw7BBmdyz9VZP3qmBJ","poolSignerNonce":254,"authority":"BqSGA2WdiQXA2cC1EdGDnVD615A4nYEAq49K3fz2hNBo","initializerAccount":"BqSGA2WdiQXA2cC1EdGDnVD615A4nYEAq49K3fz2hNBo","feeBaseAccount":"8eRzihZLictvg1HbPvanmnjbucVUCLM7i2F4f6Wv3G58","feeQuoteAccount":"AeSnka2HeBkdBRfxnBRQFNntJgsGEJizq9oaR82CRXQ3","feePoolTokenAccount":"DgE5cH2HtMzGKbBnDUKLETZA7zHhJPaJde4D74Qtm8em","tokens":{"Aogv6j1wWiBAZcqRNN1Y89eozda2ke6rkc4CYy7c4iCi":{"tag":"","name":"","mint":"Aogv6j1wWiBAZcqRNN1Y89eozda2ke6rkc4CYy7c4iCi","addr":"5KiPd7vTx2y8yNDQeHeSQn6FCjmF28Gzz9tF1XTF5RHE","scale":9},"EPjFWdd5AufqSSqeM2qN1xzybapC8G4wEGGkZwyTDt1v":{"tag":"","name":"","mint":"EPjFWdd5AufqSSqeM2qN1xzybapC8G4wEGGkZwyTDt1v","addr":"9oZSaBCvLVV4GStGwaZhzTGpX5yGhzZXwbYVbX4BAc5A","scale":6}},"tokenIds":["Aogv6j1wWiBAZcqRNN1Y89eozda2ke6rkc4CYy7c4iCi","EPjFWdd5AufqSSqeM2qN1xzybapC8G4wEGGkZwyTDt1v"],"fees":{"traderFee":{"numerator":20,"denominator":10000},"ownerFee":{"numerator":10,"denominator":10000}},"curveType":0,"curve":"ZELLXrvmfrHCbczhoWDGR7uQSCU7bsVBLFBwGTjEMQA","poolPublicKey":"2AiUX9wcMUJh8vcnx2fHY9kHrw2f1mamV5fnriLZQDHv","poolVersion":1}