{"lpTokenFreezeVault":"GGwD7VN4ZingVCwJwy7L68Y2mR485FzqprAqsxVngBQx","poolMint":"2m9ZT6smigrmNKxSRe7to6HnYGMYTztsDiuoJM4k336j","poolSigner":"2oRtLButwSW3cLNdF8Lha7vZ7jkPjAW2Tioqp9nVMA2b","poolSignerNonce":254,"authority":"BqSGA2WdiQXA2cC1EdGDnVD615A4nYEAq49K3fz2hNBo","initializerAccount":"BqSGA2WdiQXA2cC1EdGDnVD615A4nYEAq49K3fz2hNBo","feeBaseAccount":"5qc1kF495SXcJ7JcYtiTwpohD7vextyYsyDwLt8GbRqM","feeQuoteAccount":"J98huqSVQKgCCorVidfzL5zCdEmrrFyY8K5cNfWwTYC","feePoolTokenAccount":"A7GT4a6qG4F2wF8YHYzKJ9dRccHqyDqY5d1bV18cvLr9","tokens":{"7dHbWXmci3dT8UFYWYZweBLXgycu7Y3iL6trKn1Y7ARj":{"tag":"","name":"","mint":"7dHbWXmci3dT8UFYWYZweBLXgycu7Y3iL6trKn1Y7ARj","addr":"CEKPRyrkVsBvSZB6yG7snybYA86HUMxYhA2SAhnMPYZJ","scale":9},"Es9vMFrzaCERmJfrF4H2FYD4KCoNkY11McCe8BenwNYB":{"tag":"","name":"","mint":"Es9vMFrzaCERmJfrF4H2FYD4KCoNkY11McCe8BenwNYB","addr":"CouyQhExzB5x7UpL5bGCPGTfcbHmx4TfqMBSdcLseacb","scale":6}},"tokenIds":["7dHbWXmci3dT8UFYWYZweBLXgycu7Y3iL6trKn1Y7ARj","Es9vMFrzaCERmJfrF4H2FYD4KCoNkY11McCe8BenwNYB"],"fees":{"traderFee":{"numerator":20,"denominator":10000},"ownerFee":{"numerator":10,"denominator":10000}},"curveType":0,"curve":"4zrddcukxSf55sSuwEUKvcgXyheWb6ZQj4ebQFtsFENx","poolPublicKey":"2BNq1R3wyjHj6BkgDKewW7F4BsAgJoLm2yWUD6tmHq9U","poolVersion":2}