{"lpTokenFreezeVault":"9isNgyiJWNbCnye1LzAEPjXVGbhQwRBLyaZWJHQyW58v","poolMint":"DZr31zpAPcRqeC9eBSduxgRtgDDHW9n2mHX4ixBRM9j4","poolSigner":"H7sB8RCVCyrVRqmPzaY7uXaNRYP1HDFkpgUKn5sxS7jc","poolSignerNonce":255,"authority":"BqSGA2WdiQXA2cC1EdGDnVD615A4nYEAq49K3fz2hNBo","initializerAccount":"3UMzN4qLwfcg1MqpnSn6oLZudxmrbjeMkWr3Qh6hFjgG","feeBaseAccount":"EcteXnruKpkLgnmqEuiMRne3Ar5gmCqiQtUftxQM3AMV","feeQuoteAccount":"Ec1ofVdBz6rByqP911VQyAYJNkGvmJJA9cw3nFgocU5U","feePoolTokenAccount":"4j3uq8bPK5eaeZtMB5veUR8aGZJRQP7g8iGTXsoEbj8L","tokens":{"PHnyhLEnsD9SiP9tk9kHHKiCxCTPFnymzPspDqAicMe":{"tag":"","name":"","mint":"PHnyhLEnsD9SiP9tk9kHHKiCxCTPFnymzPspDqAicMe","addr":"HBkcnTYjKajDFtm3C3Hov1rV4TvuJBnTCrvVv472twpU","scale":6},"EPjFWdd5AufqSSqeM2qN1xzybapC8G4wEGGkZwyTDt1v":{"tag":"","name":"","mint":"EPjFWdd5AufqSSqeM2qN1xzybapC8G4wEGGkZwyTDt1v","addr":"jhBb8cjq3YHXSNmJ4XxZfii3EgQjgAAunaZeJrhtBZC","scale":6}},"tokenIds":["PHnyhLEnsD9SiP9tk9kHHKiCxCTPFnymzPspDqAicMe","EPjFWdd5AufqSSqeM2qN1xzybapC8G4wEGGkZwyTDt1v"],"fees":{"traderFee":{"numerator":20,"denominator":10000},"ownerFee":{"numerator":10,"denominator":10000}},"curveType":0,"curve":"BVCSitbXpiXeZFVhuHRjFUunciaGeZkqU9qggCDpzGHL","poolPublicKey":"2dMTjB6GQQzY77zyWgoBo3FVPuHrriFtkAHuNP9d4cQt","poolVersion":2}