{"lpTokenFreezeVault":"mz2i6cKru1L6FGym14jh9CToHUFdPeNQ3Rh5xrCVgLk","poolMint":"CCJ73enCHai27dS79uhqMYMGoehVQsP1YECyDq9xvyt9","poolSigner":"DiZy5F8fHGgLkFMUkTwF1s2RwnFsjGwAXKF4GfEjvRB7","poolSignerNonce":250,"authority":"BqSGA2WdiQXA2cC1EdGDnVD615A4nYEAq49K3fz2hNBo","initializerAccount":"vSKUeRdjawKaEBZTD7tg6DzgD4agwfyPqEtRxBdfApb","feeBaseAccount":"7ZrtAedcwzCVAoo28CXR6KpyXapimyxNJJZALTDiuf8S","feeQuoteAccount":"79EeRQX7xWwqGVe8WAcnAKzvahJkvva9GGNcTE4hXVEc","feePoolTokenAccount":"7sb4tQXXv2TzNMrFtxRyanQvyDUZQKC2JStYFCMzzBHV","tokens":{"mSoLzYCxHdYgdzU16g5QSh3i5K3z3KZK7ytfqcJm7So":{"tag":"","name":"","mint":"mSoLzYCxHdYgdzU16g5QSh3i5K3z3KZK7ytfqcJm7So","addr":"3VwacVEwZWLaGCjhWdkfnYhfLWMdfhRaoHJkouUVwKub","scale":9},"So11111111111111111111111111111111111111112":{"tag":"","name":"","mint":"So11111111111111111111111111111111111111112","addr":"FARYkuYJfe9putyXajbS3sAngXSMxk97kqRHT7iQhoV4","scale":9}},"tokenIds":["mSoLzYCxHdYgdzU16g5QSh3i5K3z3KZK7ytfqcJm7So","So11111111111111111111111111111111111111112"],"fees":{"traderFee":{"numerator":30,"denominator":100000},"ownerFee":{"numerator":8,"denominator":100000}},"curveType":1,"curve":"iwJtZ6XdRnss912F9JHotr18Tj5APj1xz29YEkzDeh8","poolPublicKey":"2gCzKgSTPSy4fL7z9NQhJAKvumEofTa2DFJU4wGhQ5Jt","poolVersion":2}