{"lpTokenFreezeVault":"3SYj8VuZ28hsSGgc9iuvwpXrGZqjqjfuTUXoPsUrm9P4","poolMint":"4KeZGuXPq9fyZdt5sfzHMM36mxTf3oSkDaa4Y4gHm9Hz","poolSigner":"E7QdeVj5pGw3MLG7KaUpsAaVYtpBkXkqiG6nftA23SQ7","poolSignerNonce":254,"authority":"BqSGA2WdiQXA2cC1EdGDnVD615A4nYEAq49K3fz2hNBo","initializerAccount":"vSKUeRdjawKaEBZTD7tg6DzgD4agwfyPqEtRxBdfApb","feeBaseAccount":"5tSFKRMtkm7QfY2sUmx9yFMitABBcdk3iA5uPJwy54E6","feeQuoteAccount":"MoWYSe2FpP7txsqaYpRe7FPxbkhrG8UUN3a2abERJ4d","feePoolTokenAccount":"3kb6y18QBEKueiDo8vajjy5LcpYCgge2StNGYePJDKyv","tokens":{"mSoLzYCxHdYgdzU16g5QSh3i5K3z3KZK7ytfqcJm7So":{"tag":"","name":"","mint":"mSoLzYCxHdYgdzU16g5QSh3i5K3z3KZK7ytfqcJm7So","addr":"9MaVbwbZw3LgFTNAPfDj4viRAffXFGaAdJWfX3ifouHf","scale":9},"2FPyTwcZLUg1MDrwsyoP4D6s1tM7hAkHYRjkNb5w6Pxk":{"tag":"","name":"","mint":"2FPyTwcZLUg1MDrwsyoP4D6s1tM7hAkHYRjkNb5w6Pxk","addr":"6YwwwDQcQz5qAEipFJXHe3vBMKDcs9nfZXLitEubMxFc","scale":6}},"tokenIds":["mSoLzYCxHdYgdzU16g5QSh3i5K3z3KZK7ytfqcJm7So","2FPyTwcZLUg1MDrwsyoP4D6s1tM7hAkHYRjkNb5w6Pxk"],"fees":{"traderFee":{"numerator":20,"denominator":10000},"ownerFee":{"numerator":10,"denominator":10000}},"curveType":0,"curve":"A6FjHuerJQzBi95UgP7qsVaHURabSeEbyCSdCiA43XFA","poolPublicKey":"2JANvFVV2M8dv7twzL1EF3PhEJaoJpvSt6PhnjW6AHG6","poolVersion":1}