{"lpTokenFreezeVault":"CWcqmTGEooJ972sgMT1srp6mfvwYV7WxYwL1yXNXtkUM","poolMint":"6UVQCtF8rRTBC27u1wL6YEYUsHcic3VPPkxr5TVtanHZ","poolSigner":"5c2htTEJpaZqUwStRUejNTf9EdeGtwxQF6gMvGiQzBu2","poolSignerNonce":255,"authority":"BqSGA2WdiQXA2cC1EdGDnVD615A4nYEAq49K3fz2hNBo","initializerAccount":"BqSGA2WdiQXA2cC1EdGDnVD615A4nYEAq49K3fz2hNBo","feeBaseAccount":"A6EdrY9YgN8e539e39cdhzP9GcQe6SaVsyojBmsGWooJ","feeQuoteAccount":"HPiFzkMafAchWZs3JtgEFrw5Crfvm2pJgQMKEWYvYrB","feePoolTokenAccount":"8c7nuauhn1wq9m9Uv8MbxM5bdHC569rQ2mTbQ9hneecU","tokens":{"G9tt98aYSznRk7jWsfuz9FnTdokxS6Brohdo9hSmjTRB":{"tag":"","name":"","mint":"G9tt98aYSznRk7jWsfuz9FnTdokxS6Brohdo9hSmjTRB","addr":"J6Yhn6BQRKZiShjNukth3e43GoE8zFdBPgC3ejSjxYvz","scale":9},"EPjFWdd5AufqSSqeM2qN1xzybapC8G4wEGGkZwyTDt1v":{"tag":"","name":"","mint":"EPjFWdd5AufqSSqeM2qN1xzybapC8G4wEGGkZwyTDt1v","addr":"9vTbm7fvX78vxpDJxaGxyoL7Drboq9s64zPPJnBa2s3U","scale":6}},"tokenIds":["G9tt98aYSznRk7jWsfuz9FnTdokxS6Brohdo9hSmjTRB","EPjFWdd5AufqSSqeM2qN1xzybapC8G4wEGGkZwyTDt1v"],"fees":{"traderFee":{"numerator":20,"denominator":10000},"ownerFee":{"numerator":10,"denominator":10000}},"curveType":0,"curve":"3rCQfDL8eg78KWwkCbFWF9M7ZzS1k2asXSRdVd8yZyk8","poolPublicKey":"2ozfF94ZmTaAqXdoaqekzhM2VX5ZdNA1pEeLAkPWu4Lx","poolVersion":1}