{"lpTokenFreezeVault":"DiDYrzHtCWKFkg8pLRTqZhQRGTBQo6uiJ8JqvKoUzXsn","poolMint":"q9fuR5wSr5z3a5NVfgL9ES8FE5sF8Hb88i7iSkWLhgA","poolSigner":"5BFGwFaCQCfv5f4vaLpqi85FYNgr6NHwnnRCE4rVC8E7","poolSignerNonce":254,"authority":"BqSGA2WdiQXA2cC1EdGDnVD615A4nYEAq49K3fz2hNBo","initializerAccount":"9Ed5Ft1C8sYVgEteyKzDVf7bgQWmeJjThH4TpthgnwTU","feeBaseAccount":"8PyBfyohFZwELsGekWXJzFuhwaUDyrg3khzkBd8Szwbh","feeQuoteAccount":"8T4U2Dj3i2d7BJEqRu8c1e8n3CqFAFTzHpVLxhzPBCpi","feePoolTokenAccount":"DSFi71g5pWq1FBU5crf65tEsNc85H3UAJj7963mxMuU3","tokens":{"GV3MjuGin8aTG6Rhc1vR1QFYp8gq5vW39jnNPLrbzmPi":{"tag":"","name":"","mint":"GV3MjuGin8aTG6Rhc1vR1QFYp8gq5vW39jnNPLrbzmPi","addr":"B9bQCwPYSn28e5b2pkcyA1PUCu76shB2NSWWvn49ERRW","scale":6},"EPjFWdd5AufqSSqeM2qN1xzybapC8G4wEGGkZwyTDt1v":{"tag":"","name":"","mint":"EPjFWdd5AufqSSqeM2qN1xzybapC8G4wEGGkZwyTDt1v","addr":"GWZobZBFDs7V7CSnAy9jpBmRoRgQboCPoXWKQe6UMQ4S","scale":6}},"tokenIds":["GV3MjuGin8aTG6Rhc1vR1QFYp8gq5vW39jnNPLrbzmPi","EPjFWdd5AufqSSqeM2qN1xzybapC8G4wEGGkZwyTDt1v"],"fees":{"traderFee":{"numerator":20,"denominator":10000},"ownerFee":{"numerator":10,"denominator":10000}},"curveType":0,"curve":"EJQB2S8mhSoS7KGz3bM1aFEkpWYYjQGtsorCjzLQ1MVr","poolPublicKey":"2xwzb59oRYZ3WQna7kjxezAmbc2hQn6xXohqZpxdm5dY","poolVersion":2}