{"lpTokenFreezeVault":"D1XuBKDtKqHKm5tgu2mUPQfPB6r52bTui8NgnfJQosPQ","poolMint":"3K2S5WPRDDJ3NSvYyjwt71rRdnZFv3oDJHLUs2Lnc1fv","poolSigner":"3Frqnx6SSvbfHkRDvqh7BL5vp7gLGQPUKvaoe5yY781K","poolSignerNonce":255,"authority":"BqSGA2WdiQXA2cC1EdGDnVD615A4nYEAq49K3fz2hNBo","initializerAccount":"BqSGA2WdiQXA2cC1EdGDnVD615A4nYEAq49K3fz2hNBo","feeBaseAccount":"C255Z8YcVXZYd7sAk9zwEQTi3JyT2HsfDGUpUer18jKY","feeQuoteAccount":"5Q3W2TeHXdPdH1DtiPwDdsLEWViFDh9Mv2tHDCXgh9AF","feePoolTokenAccount":"J76TKrsXcWN9wYHWYcDm4UqLRRBW2UcXC2BvA9cGj86c","tokens":{"Uuc6hiKT9Y6ASoqs2phonGGw2LAtecfJu9yEohppzWH":{"tag":"","name":"","mint":"Uuc6hiKT9Y6ASoqs2phonGGw2LAtecfJu9yEohppzWH","addr":"38GdJotkZH55BMuzqVMHiUgdrmiMij64ZSMoLYAV31a3","scale":9},"EPjFWdd5AufqSSqeM2qN1xzybapC8G4wEGGkZwyTDt1v":{"tag":"","name":"","mint":"EPjFWdd5AufqSSqeM2qN1xzybapC8G4wEGGkZwyTDt1v","addr":"62HRkTskR8ZbNiWcsph88aM2kaXTDEj4QgNJPXrzgKRg","scale":6}},"tokenIds":["Uuc6hiKT9Y6ASoqs2phonGGw2LAtecfJu9yEohppzWH","EPjFWdd5AufqSSqeM2qN1xzybapC8G4wEGGkZwyTDt1v"],"fees":{"traderFee":{"numerator":20,"denominator":10000},"ownerFee":{"numerator":10,"denominator":10000}},"curveType":0,"curve":"H8c6A6Q9QpJmabxEDN6SSRqwyno4FdSZidwELCC5kw9b","poolPublicKey":"3s5MnHpfMQE5yYaLWfPiKWWEeKuHejgTXyD4PWAPNzvM","poolVersion":1}