{"lpTokenFreezeVault":"693KreX9v8NaUMv9QnRQfMCBLpH5x8GVCGZep4LJ84tT","poolMint":"9X5EdjWCXsnu41EQBFbrpWvfjjftwFR2SVB1YRMEt1sF","poolSigner":"J2Pr2vahGVf2LkQdGut3wGpaB6orRqDg2q7yUjZcnpJN","poolSignerNonce":255,"authority":"BqSGA2WdiQXA2cC1EdGDnVD615A4nYEAq49K3fz2hNBo","initializerAccount":"BqSGA2WdiQXA2cC1EdGDnVD615A4nYEAq49K3fz2hNBo","feeBaseAccount":"J9AsTTVeDibDuyPVk2weQcjUjEpUActNSoEVSuHHR7uE","feeQuoteAccount":"9xg7NeJhxawdH6SrGFyFt1UPLfXHaxZUrSKVfuwgUcPJ","feePoolTokenAccount":"BSULg1JovLiJ7vUFft12TXPpogoqfH3roxtZ7JfTWxfM","tokens":{"Lrxqnh6ZHKbGy3dcrCED43nsoLkM1LTzU2jRfWe8qUC":{"tag":"","name":"","mint":"Lrxqnh6ZHKbGy3dcrCED43nsoLkM1LTzU2jRfWe8qUC","addr":"2DByjmqChVBtLi6rbQRMbfRbddNSgJ7BodtgCBvTbd7d","scale":6},"mSoLzYCxHdYgdzU16g5QSh3i5K3z3KZK7ytfqcJm7So":{"tag":"","name":"","mint":"mSoLzYCxHdYgdzU16g5QSh3i5K3z3KZK7ytfqcJm7So","addr":"3FcohJaEgNrR3WQF8Da7k4yPzANSBoEjiEJkj2kzB5st","scale":9}},"tokenIds":["Lrxqnh6ZHKbGy3dcrCED43nsoLkM1LTzU2jRfWe8qUC","mSoLzYCxHdYgdzU16g5QSh3i5K3z3KZK7ytfqcJm7So"],"fees":{"traderFee":{"numerator":20,"denominator":10000},"ownerFee":{"numerator":10,"denominator":10000}},"curveType":0,"curve":"DA2gs1o8L6gHG3bMFCM4rqGUv8s9Lmhwt5kDc1mccijT","poolPublicKey":"3taPGAR6qVnDNtaRXvuWQUfiQCGFVpiDLNuCkYLqrv9N","poolVersion":1}