{"lpTokenFreezeVault":"GxKZ3hT14DnjG2zgyEoA49M7FQySwtPyeaEFmk33psE8","poolMint":"2o83TXtZrgzub691p3tKnyFC67qVnQN8yCCW925WuBs6","poolSigner":"Cw3R6PjK4GdNgvkkwoLhtnEYKsfkHK7ptXppDwXZYymj","poolSignerNonce":253,"authority":"BqSGA2WdiQXA2cC1EdGDnVD615A4nYEAq49K3fz2hNBo","initializerAccount":"vSKUeRdjawKaEBZTD7tg6DzgD4agwfyPqEtRxBdfApb","feeBaseAccount":"DCGVB5fySph4NDSxkacQZhBTFQ8kyHbcknTEQoHd4Wyp","feeQuoteAccount":"7dC3Mag1CQrAMA9VRnpHye8MnxanSwzNbmJF3Rmh6fvj","feePoolTokenAccount":"Cxo2swAFuHuVf9tRPWwhaea2WJ7LKptHtrqGijmg4TAv","tokens":{"EPjFWdd5AufqSSqeM2qN1xzybapC8G4wEGGkZwyTDt1v":{"tag":"","name":"","mint":"EPjFWdd5AufqSSqeM2qN1xzybapC8G4wEGGkZwyTDt1v","addr":"2jmbKwqVJnwV5zqFNAiVSTAqzuYXj3KJuKMNboXVa2EY","scale":6},"Es9vMFrzaCERmJfrF4H2FYD4KCoNkY11McCe8BenwNYB":{"tag":"","name":"","mint":"Es9vMFrzaCERmJfrF4H2FYD4KCoNkY11McCe8BenwNYB","addr":"CHWKoACMrbjAk2YuY54EL5GxQvVEoqioFHvYpKQotX67","scale":6}},"tokenIds":["EPjFWdd5AufqSSqeM2qN1xzybapC8G4wEGGkZwyTDt1v","Es9vMFrzaCERmJfrF4H2FYD4KCoNkY11McCe8BenwNYB"],"fees":{"traderFee":{"numerator":30,"denominator":100000},"ownerFee":{"numerator":8,"denominator":100000}},"curveType":1,"curve":"2SwkV75HXB4kgEUZn9LkaASaagoUvX5NfvbLxdQLBnX6","poolPublicKey":"3wpyb9CnJ9tcMHrUvwFqsPzdUhAtYZU8F4bxJRr2qd1P","poolVersion":2}