{"lpTokenFreezeVault":"GhGpJBST1APx7b4WukHgVMJGXxkxQFFwWm28AEVZBSzx","poolMint":"BefMiScishov2KtnwdPnNt9H692Y8TScqqDrQo8aecUC","poolSigner":"2gFdCK4yFhHEZhvyY1e7sPtmkLVYf34Y849UdXofnM1N","poolSignerNonce":255,"authority":"BqSGA2WdiQXA2cC1EdGDnVD615A4nYEAq49K3fz2hNBo","initializerAccount":"BqSGA2WdiQXA2cC1EdGDnVD615A4nYEAq49K3fz2hNBo","feeBaseAccount":"A9sMAP5rf3KqCtoQerLT5FSxVv3TsRe8jK6hECWosLKd","feeQuoteAccount":"AeQrPuBUzfD55fbQX6o1fcJWoYqY7NGnY8JUUUrAswhy","feePoolTokenAccount":"ExRc2yZ2m9x2oYQf5Qm7Urjq4GFQZFqdUuDC5hgiSwpE","tokens":{"7dHbWXmci3dT8UFYWYZweBLXgycu7Y3iL6trKn1Y7ARj":{"tag":"","name":"","mint":"7dHbWXmci3dT8UFYWYZweBLXgycu7Y3iL6trKn1Y7ARj","addr":"7ETCRhvj6eWNiY5QNoUWyrEFXDru4yQErSzGJJwA5DEc","scale":9},"9n4nbM75f5Ui33ZbPYXn59EwSgE8CGsHtAeTH5YFeJ9E":{"tag":"","name":"","mint":"9n4nbM75f5Ui33ZbPYXn59EwSgE8CGsHtAeTH5YFeJ9E","addr":"HSqHFh5iTmknBpWR1vywi4KdBuTZy4er5vpGyTu42VTD","scale":6}},"tokenIds":["7dHbWXmci3dT8UFYWYZweBLXgycu7Y3iL6trKn1Y7ARj","9n4nbM75f5Ui33ZbPYXn59EwSgE8CGsHtAeTH5YFeJ9E"],"fees":{"traderFee":{"numerator":20,"denominator":10000},"ownerFee":{"numerator":10,"denominator":10000}},"curveType":0,"curve":"H6WYvDo7Zm2xN8CckxKD58wDLjUvokXwy1kgxmBcNLcy","poolPublicKey":"3WVFJ8xJCEocGVrhnmxDRrf3mDVTNc6VwgRJNyAKXNkv","poolVersion":2}