{"lpTokenFreezeVault":"Ebe5GnkctyjShxy3LnmKUchwssPpXGxquoamU9uXTaDY","poolMint":"3sbMDzGtyHAzJqzxE7DPdLMhrsxQASYoKLkHMYJPuWkp","poolSigner":"7Zi96LCCjSEEd5yyFik8XvAhfJsdUGzLPMprjKKrdaCA","poolSignerNonce":249,"authority":"BqSGA2WdiQXA2cC1EdGDnVD615A4nYEAq49K3fz2hNBo","initializerAccount":"vSKUeRdjawKaEBZTD7tg6DzgD4agwfyPqEtRxBdfApb","feeBaseAccount":"3GDyjWfXmhsgKd4dQEmtVq67YjU71ERqqLqGx9njqkDh","feeQuoteAccount":"B223rJ4d5r3w5hvLQUqujaLEAADoLgKUe9zGp2K7j39q","feePoolTokenAccount":"DuoYmMoZBy2MyGP8xa3LiWyURjmpfbZbfwRmoPvYKmr6","tokens":{"So11111111111111111111111111111111111111112":{"tag":"","name":"","mint":"So11111111111111111111111111111111111111112","addr":"CLt1DtCioiByTizqLhxLAXweXr2g9D4ZEAStibACBg4L","scale":9},"EPjFWdd5AufqSSqeM2qN1xzybapC8G4wEGGkZwyTDt1v":{"tag":"","name":"","mint":"EPjFWdd5AufqSSqeM2qN1xzybapC8G4wEGGkZwyTDt1v","addr":"2M1JTZsc71V6FhRNjCDSttcs17HewC4KNNNkkc81L3gB","scale":6}},"tokenIds":["So11111111111111111111111111111111111111112","EPjFWdd5AufqSSqeM2qN1xzybapC8G4wEGGkZwyTDt1v"],"fees":{"traderFee":{"numerator":20,"denominator":10000},"ownerFee":{"numerator":10,"denominator":10000}},"curveType":0,"curve":"4jYjR92yTPzndcEY6KNVUq17ByKZNP13KQh2YVQGuXw9","poolPublicKey":"4GUniSDrCAZR3sKtLa1AWC8oyYubZeKJQ8KraQmy3Wt5","poolVersion":1}