{"lpTokenFreezeVault":"D54m64uQPVsWGCBGPBWw4n1kfXPiHrzBkX24KErG1R4P","poolMint":"31FqCrUCjjzW9oDstyNVSKTkRTAQzVkXtLzokU2YLELK","poolSigner":"Cg8xqfdtDGaf4Y7YN679j82vs4fG2mrP9YiLmEqMEzrJ","poolSignerNonce":254,"authority":"BqSGA2WdiQXA2cC1EdGDnVD615A4nYEAq49K3fz2hNBo","initializerAccount":"4dKSgRptpvveQ73kJvzw88gF7YPs4hoWfrJnzBhbmi1i","feeBaseAccount":"HJEC3BSN4wokkeMBRaZ16CbBmfAD1VkJMZ7V5Sz9g8nc","feeQuoteAccount":"DpR4ruTUoK5eTnPsXh4KEGZAa6UcAy6pNRno2JvJybte","feePoolTokenAccount":"DXZ7XZtnhnUX6ay2H2c2X9SXhUgnYegY4jFNem2NLyxZ","tokens":{"BgeRyFWWGHeVouqfHfcXUxmvfkgekhrXYVqQWf63kpJB":{"tag":"","name":"","mint":"BgeRyFWWGHeVouqfHfcXUxmvfkgekhrXYVqQWf63kpJB","addr":"2Vkfezx1cETTJTtbsFZhNN3gKbeosnHAHbwpgVaYfvqk","scale":9},"EPjFWdd5AufqSSqeM2qN1xzybapC8G4wEGGkZwyTDt1v":{"tag":"","name":"","mint":"EPjFWdd5AufqSSqeM2qN1xzybapC8G4wEGGkZwyTDt1v","addr":"7VugpPKL9ASb9xBxrtRaGCAPPfpjeWVunP4sE7TLvdoy","scale":6}},"tokenIds":["BgeRyFWWGHeVouqfHfcXUxmvfkgekhrXYVqQWf63kpJB","EPjFWdd5AufqSSqeM2qN1xzybapC8G4wEGGkZwyTDt1v"],"fees":{"traderFee":{"numerator":20,"denominator":10000},"ownerFee":{"numerator":10,"denominator":10000}},"curveType":0,"curve":"7qcGLwBJGwXxtAx5muouBL61fbREmVnZDi6XoSALJS3B","poolPublicKey":"4SdJRZTdM5ayJZArMkd5uP4cafSVgYKLCosCqbbtMagm","poolVersion":2}