{"lpTokenFreezeVault":"HJZWhTPkxGuFdBAQBVNdppxkWNeAmw4m1Dh8x7isFVs1","poolMint":"BFZRSaZtdDpRHAMEj51JYqew7huAMJXM1ztgWMqm7f6k","poolSigner":"FQCq3tfRbEM1RTHeHXVQSQnoFGeZYpPAiv4NTWo1Rm8s","poolSignerNonce":251,"authority":"BqSGA2WdiQXA2cC1EdGDnVD615A4nYEAq49K3fz2hNBo","initializerAccount":"EpJVFvUw2pt9S2NHGG3RNaeF6a5sGbxquKVZBLfPRWqn","feeBaseAccount":"3V5xGUGthNetTBgWE2KuNMJa4pVzYdQLi4XA8Yf828V6","feeQuoteAccount":"F5vuDGWiGKj9ATWVtd5TTodhCEF9J7xDQVNTEDia98ab","feePoolTokenAccount":"6JjhXDMcV7hJnkNo8kfeBpifH13PU9j6NBP9utSqxbo","tokens":{"xxxxa1sKNGwFtw2kFn8XauW9xq8hBZ5kVtcSesTT9fW":{"tag":"","name":"","mint":"xxxxa1sKNGwFtw2kFn8XauW9xq8hBZ5kVtcSesTT9fW","addr":"9QBjVL12gib7V5TwG3sF4gMc17r7mwka9Gfj7EsQwPRv","scale":6},"EPjFWdd5AufqSSqeM2qN1xzybapC8G4wEGGkZwyTDt1v":{"tag":"","name":"","mint":"EPjFWdd5AufqSSqeM2qN1xzybapC8G4wEGGkZwyTDt1v","addr":"DTxzQa9RCeCpCXC2A1RooNHp6kKiWESvJSq9s8WZ6357","scale":6}},"tokenIds":["xxxxa1sKNGwFtw2kFn8XauW9xq8hBZ5kVtcSesTT9fW","EPjFWdd5AufqSSqeM2qN1xzybapC8G4wEGGkZwyTDt1v"],"fees":{"traderFee":{"numerator":20,"denominator":10000},"ownerFee":{"numerator":10,"denominator":10000}},"curveType":0,"curve":"GpV3sVyajFgjoQU4c5tRMwGh8VbZQNr59YwuoLdWcij5","poolPublicKey":"58oQ93zpu6kzm4cUypH6QTnUvLjdVe8qJCey5RPinjn6","poolVersion":2}