{"lpTokenFreezeVault":"Eb1pJAjJNEq5W42wNn2JG8p1gF8gC6nK2WCSMCTuecAG","poolMint":"6WUbTTb8nzKDjZm691bxmM7nhPDEdQeUypj99XW12NcM","poolSigner":"GZa5GjttYT1TvnsQHhhd25xhwmnRZy6uXRJ1hG7qMuUq","poolSignerNonce":255,"authority":"BqSGA2WdiQXA2cC1EdGDnVD615A4nYEAq49K3fz2hNBo","initializerAccount":"B4WMyWAuTsXnYPNMyzoWXHKUihNPbaYTm5hpzEJsmtmy","feeBaseAccount":"87YMmMeDYYrZCiiGo2nW6RMzjg921FGHcb48ujjoWj6D","feeQuoteAccount":"B1iEzbUNQfVW3nJq17mMxNzWeL2qng7bB1H9dv2hfEDD","feePoolTokenAccount":"Cktgcj1oz5Y94yffNuB1N9JVZLmiDMpK5p56ns4wWRQp","tokens":{"7dHbWXmci3dT8UFYWYZweBLXgycu7Y3iL6trKn1Y7ARj":{"tag":"","name":"","mint":"7dHbWXmci3dT8UFYWYZweBLXgycu7Y3iL6trKn1Y7ARj","addr":"9hEAKLGWot6SzavBuSeXP6751AJuwvFNopsH7d7pgSab","scale":9},"E5ndSkaB17Dm7CsD22dvcjfrYSDLCxFcMd6z8ddCk5wp":{"tag":"","name":"","mint":"E5ndSkaB17Dm7CsD22dvcjfrYSDLCxFcMd6z8ddCk5wp","addr":"Cex6MNcoci2XVFsJxz39YFPeYxgh1NgnQSju23h9TnZJ","scale":9}},"tokenIds":["7dHbWXmci3dT8UFYWYZweBLXgycu7Y3iL6trKn1Y7ARj","E5ndSkaB17Dm7CsD22dvcjfrYSDLCxFcMd6z8ddCk5wp"],"fees":{"traderFee":{"numerator":20,"denominator":10000},"ownerFee":{"numerator":10,"denominator":10000}},"curveType":0,"curve":"FTn846e8w5zDFUCj9xnUTR7KoGvwNLqXfboGAej2hT7o","poolPublicKey":"5DT59Z58ufVbicRXuNkykhS8kmmH1jXqnuknCNcgkb1i","poolVersion":2}