{"lpTokenFreezeVault":"HTYw8RTL3mNgf6jnHBq43ygf9E6ipk96psMqWxbG5D4X","poolMint":"2ZMdBWE9uB8iFGQCkQWVuw6tgQdfGXtvCiYEwfxViFhh","poolSigner":"CbAByVde6D3KxBZZScXonetsd7wXJechrwEyQ1FY3FQ9","poolSignerNonce":248,"authority":"BqSGA2WdiQXA2cC1EdGDnVD615A4nYEAq49K3fz2hNBo","initializerAccount":"AhJp6iPSwKvn3bvfYjV2TzHkpkJa7RmeTxN1wqBk6D8w","feeBaseAccount":"E8ykraYotKkB51vXntQkT99FbQQ9BqpR7Gio6RJ5g1iw","feeQuoteAccount":"8fZGG6W1JHb3cAwPGeNhVDFiJxBmPWsVQQVGVnFZnTkY","feePoolTokenAccount":"BM9JeR8pHFxRLm2G6ERPkXmyYcjh1CdYiGBd4daUbhMC","tokens":{"8fd5eUPMNHuyKRshFbfmKRAm2gowJ75m8WjT7tLio6J3":{"tag":"","name":"","mint":"8fd5eUPMNHuyKRshFbfmKRAm2gowJ75m8WjT7tLio6J3","addr":"8tV2asXquGuQWsRXfFBtBwRrjxv4HLznhaGeaqQrpR5B","scale":9},"E5ndSkaB17Dm7CsD22dvcjfrYSDLCxFcMd6z8ddCk5wp":{"tag":"","name":"","mint":"E5ndSkaB17Dm7CsD22dvcjfrYSDLCxFcMd6z8ddCk5wp","addr":"Fkaa6Kt3nuUiomkMMrv3zevxtWQfS3jDXafjinrJPyHL","scale":9}},"tokenIds":["8fd5eUPMNHuyKRshFbfmKRAm2gowJ75m8WjT7tLio6J3","E5ndSkaB17Dm7CsD22dvcjfrYSDLCxFcMd6z8ddCk5wp"],"fees":{"traderFee":{"numerator":20,"denominator":10000},"ownerFee":{"numerator":10,"denominator":10000}},"curveType":0,"curve":"8exSipdiw8LkikyZQQPE9Hq27kk3hNnCwP8saBZJ5Bd1","poolPublicKey":"5fG34HcW21roXMgxTyES14GLLTgBfrtb9e6mfFbcgWBH","poolVersion":2}