{"lpTokenFreezeVault":"9VgmuVbGQqFhjsgVM6WwU2DDMNjoowWzSKYqb4oBgHPk","poolMint":"5oeschB7aah6hPdTPPdWCqgcpSYNNHqwxvQwp4dAVSn7","poolSigner":"tcpDBKGiV3b97b5Kfnw2AMfq7AeqixUJrUb3VFM8xEA","poolSignerNonce":252,"authority":"BqSGA2WdiQXA2cC1EdGDnVD615A4nYEAq49K3fz2hNBo","initializerAccount":"2YzVq5RrQW91SzRjWjXoXcXaghjA2FzhBk9sKuBfNSDC","feeBaseAccount":"4XxLiojKtgxTWaKaJnZPa9sprT2b3B3JL5qNKvjQJwgX","feeQuoteAccount":"HTHsztY77J3MEgc8REFjLRvnvKGLPDweQG5RHGUGGcgW","feePoolTokenAccount":"27m2ZAsT2kSKS2Knzv3DXzpsKrDunNWLfMeTVxnxSfoU","tokens":{"EZF2sPJRe26e8iyXaCrmEefrGVBkqqNGv9UPGG9EnTQz":{"tag":"","name":"","mint":"EZF2sPJRe26e8iyXaCrmEefrGVBkqqNGv9UPGG9EnTQz","addr":"DjWJ7ezbGe8ppTeEyynr4vJf9gxw4AXK1begTeigrg46","scale":9},"9vMJfxuKxXBoEa7rM12mYLMwTacLMLDJqHozw96WQL8i":{"tag":"","name":"","mint":"9vMJfxuKxXBoEa7rM12mYLMwTacLMLDJqHozw96WQL8i","addr":"EBTeaK7wS9QQsvdu17ZBNqizLqBU7fFJUYXz3JhaNCNB","scale":6}},"tokenIds":["EZF2sPJRe26e8iyXaCrmEefrGVBkqqNGv9UPGG9EnTQz","9vMJfxuKxXBoEa7rM12mYLMwTacLMLDJqHozw96WQL8i"],"fees":{"traderFee":{"numerator":20,"denominator":10000},"ownerFee":{"numerator":10,"denominator":10000}},"curveType":0,"curve":"6PK3DEQbJA74zVgkDL9RCJmaFkY7MqhRBc7Yb5dgSB9B","poolPublicKey":"5gSmdoCDcWCXwnG93ZVHrC5VeG7f9pVUFFQi41As7gbe","poolVersion":2}