{"lpTokenFreezeVault":"BLTpNb9VNtP9TW6DrbsXCUDpEVjRpmSTMnRtvBjgNsSs","poolMint":"C8brpX2n8Peuhpts1Cpo55HvHdFsnXbU26F1yn9WGnuC","poolSigner":"HhjWm4uNzkuRqw88AQcq57KxWQ2fFVwT6HSdSd7eyvkj","poolSignerNonce":255,"authority":"BqSGA2WdiQXA2cC1EdGDnVD615A4nYEAq49K3fz2hNBo","initializerAccount":"BhuQM31ifrVaYmM7f5jBojXAznuTvxbJKj1erBAES5W7","feeBaseAccount":"E1Qk1EQAT1hgqUCjasZAMJX13Yg9R3DVCdLUyuBoAPjg","feeQuoteAccount":"581i2RBDDN5ut2YsDgi7Sh9rbGpiwZUu9whTbJgGatic","feePoolTokenAccount":"DgK6PSMduoyPwKMRHYfFUDrbHvZQbpcrzheQ87fGfc5d","tokens":{"FYfQ9uaRaYvRiaEGUmct45F9WKam3BYXArTrotnTNFXF":{"tag":"","name":"","mint":"FYfQ9uaRaYvRiaEGUmct45F9WKam3BYXArTrotnTNFXF","addr":"FoRPexeBMC9dAKPBHD465FhnvXUMugVwK3MNYuEZPAUp","scale":9},"EPjFWdd5AufqSSqeM2qN1xzybapC8G4wEGGkZwyTDt1v":{"tag":"","name":"","mint":"EPjFWdd5AufqSSqeM2qN1xzybapC8G4wEGGkZwyTDt1v","addr":"9fgf4JeyXUNof7BJEr49eDvF8m1TVHkKTFYbg6rSmpfC","scale":6}},"tokenIds":["FYfQ9uaRaYvRiaEGUmct45F9WKam3BYXArTrotnTNFXF","EPjFWdd5AufqSSqeM2qN1xzybapC8G4wEGGkZwyTDt1v"],"fees":{"traderFee":{"numerator":20,"denominator":10000},"ownerFee":{"numerator":10,"denominator":10000}},"curveType":0,"curve":"7HVf95mWddqWenDyXK43ZEh6XHzxLGqz65sapHHCZzaW","poolPublicKey":"5qEkhwFvymhSzbQR6Qqns6rAS9SXS79g7a4FtRxTXts2","poolVersion":2}