{"lpTokenFreezeVault":"CKhcRq2bQR1ZNPq7nbFdvXRkSqPMWv94PL2Vzn6q7VyQ","poolMint":"9bCjWxNQ2WQFuQzsV7g5S3m8qCQ8ub6pd13nWUoXz2eh","poolSigner":"AHg3tWsG997RtJo49sv4oUH6sTmmhgvBVzhthxX49DtX","poolSignerNonce":255,"authority":"BqSGA2WdiQXA2cC1EdGDnVD615A4nYEAq49K3fz2hNBo","initializerAccount":"BqSGA2WdiQXA2cC1EdGDnVD615A4nYEAq49K3fz2hNBo","feeBaseAccount":"6qVVfqjtZ44LPY7PCXqxAPhyLGT4faToswVF7fL66JUU","feeQuoteAccount":"9fJMCSEVHNV8p7ohJNPsopDpREjKJ4W81boideYSpiAe","feePoolTokenAccount":"pcb46dJKp5YLn4bfm7NMkjfPimDaoTLEqj7MhZn46nZ","tokens":{"7dHbWXmci3dT8UFYWYZweBLXgycu7Y3iL6trKn1Y7ARj":{"tag":"","name":"","mint":"7dHbWXmci3dT8UFYWYZweBLXgycu7Y3iL6trKn1Y7ARj","addr":"4MT4B4UxfAYPmrpKvmPczBLDPBzTBApaX5qQqyUk5n9K","scale":9},"EPjFWdd5AufqSSqeM2qN1xzybapC8G4wEGGkZwyTDt1v":{"tag":"","name":"","mint":"EPjFWdd5AufqSSqeM2qN1xzybapC8G4wEGGkZwyTDt1v","addr":"7xi4XDMRaj5JxtjA8kWmdAbfsYymsQvzsHLj2wMkzwwn","scale":6}},"tokenIds":["7dHbWXmci3dT8UFYWYZweBLXgycu7Y3iL6trKn1Y7ARj","EPjFWdd5AufqSSqeM2qN1xzybapC8G4wEGGkZwyTDt1v"],"fees":{"traderFee":{"numerator":20,"denominator":10000},"ownerFee":{"numerator":10,"denominator":10000}},"curveType":0,"curve":"FrMdZqhPZZ2tfQWHiihBx8aMaQu7g9zdU3mqnqJ3yGoL","poolPublicKey":"5T5T3WHmXDZqM7E1Hi9PNCBFN33Baxvd64jdEPidmYPr","poolVersion":2}