{"lpTokenFreezeVault":"CJzVc4tZeLSYViMwxWTPg2FWmVnzAuxB6QxRchyhKhRn","poolMint":"6NJkkrgT24D9Fe6B343LT2suQoL9Smhq5NhaYbH3MiSb","poolSigner":"Dq8Ayso2ffPLHZx87FYdEXhFBx7D3PcnEhBtdmUKfwWu","poolSignerNonce":254,"authority":"BqSGA2WdiQXA2cC1EdGDnVD615A4nYEAq49K3fz2hNBo","initializerAccount":"9xYAc7yJ2iKPjGLkHgFnPFQ8ti34gBM4rHSJCNrFuYFJ","feeBaseAccount":"4Sria9goEWRNFWfzLVpiJz86Y4BS9AMop3SoW95v5K5R","feeQuoteAccount":"7ityVYDoaqP28BPc9E1SDWbS83W4Sqdw8NQQWZqyZ2eT","feePoolTokenAccount":"F3vyZqXTX3EuzwNhoe5ZMrH81c3EeAAfYYhxSUJDAixk","tokens":{"7sWMHQaJJPn1rkeizq41iPiW5gG7Ry7PXYAVHaUwY4qu":{"tag":"","name":"","mint":"7sWMHQaJJPn1rkeizq41iPiW5gG7Ry7PXYAVHaUwY4qu","addr":"DoP6JoNsyXQVtmxRoazjUFRrZ7Xx6QMMhAztUQHUzcHr","scale":9},"EPjFWdd5AufqSSqeM2qN1xzybapC8G4wEGGkZwyTDt1v":{"tag":"","name":"","mint":"EPjFWdd5AufqSSqeM2qN1xzybapC8G4wEGGkZwyTDt1v","addr":"Hxd1xmQGiTcBG3UXikGE48ec3GSz6LLCwp43M6jzVCjy","scale":6}},"tokenIds":["7sWMHQaJJPn1rkeizq41iPiW5gG7Ry7PXYAVHaUwY4qu","EPjFWdd5AufqSSqeM2qN1xzybapC8G4wEGGkZwyTDt1v"],"fees":{"traderFee":{"numerator":20,"denominator":10000},"ownerFee":{"numerator":10,"denominator":10000}},"curveType":0,"curve":"CUBPWi18cib4T3PcC7rYymsESoDByPSWAmzBjVE6c262","poolPublicKey":"69B8wQyd4EZ6c6uDcqBWytDcTxS3x2MaUuctq88cBEKo","poolVersion":2}