{"lpTokenFreezeVault":"JBRi8Hajw6QKXi321VXgPt135TsKLwUFtj6rQYBS4JzC","poolMint":"CqAJCFcBr9ye1mHGRUBqmHtBz7282kU2DuQBVsWfq8k3","poolSigner":"5FZdHnUsQ4Les7H5KrnmTXiP2y5ppBMc94gUMRasv2sz","poolSignerNonce":253,"authority":"BqSGA2WdiQXA2cC1EdGDnVD615A4nYEAq49K3fz2hNBo","initializerAccount":"BqSGA2WdiQXA2cC1EdGDnVD615A4nYEAq49K3fz2hNBo","feeBaseAccount":"BeGwpamBG1ztKYXtEGJUBvM6Nq1Bsdk9Bovqh8gm2ePN","feeQuoteAccount":"HztuVvp379TCYYaBYgCkf9AySAe5x3Y2HWA1ESkd5jKy","feePoolTokenAccount":"8W6EkvpFBKzgsruQuAypXNr7WA8bimSPuKs1nbJEgATM","tokens":{"7dHbWXmci3dT8UFYWYZweBLXgycu7Y3iL6trKn1Y7ARj":{"tag":"","name":"","mint":"7dHbWXmci3dT8UFYWYZweBLXgycu7Y3iL6trKn1Y7ARj","addr":"9nYrdeJrp1MRMPXoaz1vf3a6xUYWK2tPgjFnHoNufLHJ","scale":9},"2FPyTwcZLUg1MDrwsyoP4D6s1tM7hAkHYRjkNb5w6Pxk":{"tag":"","name":"","mint":"2FPyTwcZLUg1MDrwsyoP4D6s1tM7hAkHYRjkNb5w6Pxk","addr":"4Ykg6YbHVmeyvjtm8i5bXpMSb4BUetUSU9v14v2Tuuxm","scale":6}},"tokenIds":["7dHbWXmci3dT8UFYWYZweBLXgycu7Y3iL6trKn1Y7ARj","2FPyTwcZLUg1MDrwsyoP4D6s1tM7hAkHYRjkNb5w6Pxk"],"fees":{"traderFee":{"numerator":20,"denominator":10000},"ownerFee":{"numerator":10,"denominator":10000}},"curveType":0,"curve":"43iZ8HUPGvznEmRgircNUAt5gyE54RtjxmvUDhg5eHNa","poolPublicKey":"6aZ4nKFhYp3KFm2TuWUMmgHcy7anyUBpWznyDk6UGAe2","poolVersion":2}