{"lpTokenFreezeVault":"EpSqtz7Y5hCeiLSKEXBbUxmANyvZUaok1bwsVwDuu2dX","poolMint":"46EsyeSzs6tBoTRmFiGfDzGQe13LP337C7mMtdNMkgcU","poolSigner":"7tgER55fvLbCHNn9hLwnZmYcnndk5n8TmzWkqKWapij1","poolSignerNonce":253,"authority":"BqSGA2WdiQXA2cC1EdGDnVD615A4nYEAq49K3fz2hNBo","initializerAccount":"vSKUeRdjawKaEBZTD7tg6DzgD4agwfyPqEtRxBdfApb","feeBaseAccount":"8euUjKAEcup42spY1UqLZ9uYsK8rrcpwKoXFrxWjrn3z","feeQuoteAccount":"92G5U6Ra8xLBj9csouBfkypfWwFmgQR2ym1Ach4fN8G6","feePoolTokenAccount":"A1xgWfsSYf9YmV2SVSUjPvmAtygBBtMGDPeRUkQBBY5k","tokens":{"H7Qc9APCWWGDVxGD5fJHmLTmdEgT9GFatAKFNg6sHh8A":{"tag":"","name":"","mint":"H7Qc9APCWWGDVxGD5fJHmLTmdEgT9GFatAKFNg6sHh8A","addr":"8fJUjr1o5i48R4URoQXDVbXmjrAUcRZWFkc2U2TMvgEd","scale":9},"EPjFWdd5AufqSSqeM2qN1xzybapC8G4wEGGkZwyTDt1v":{"tag":"","name":"","mint":"EPjFWdd5AufqSSqeM2qN1xzybapC8G4wEGGkZwyTDt1v","addr":"AdgHaAavPxwjBVw966dZPA9h9MbkbYXAXViGiQRBXMNJ","scale":6}},"tokenIds":["H7Qc9APCWWGDVxGD5fJHmLTmdEgT9GFatAKFNg6sHh8A","EPjFWdd5AufqSSqeM2qN1xzybapC8G4wEGGkZwyTDt1v"],"fees":{"traderFee":{"numerator":20,"denominator":10000},"ownerFee":{"numerator":10,"denominator":10000}},"curveType":0,"curve":"5C2nPfYPGpVR2dH8gd8s7Gmh5dKxVQ56Pqz3hAfgYhrY","poolPublicKey":"6sKC96Z35vCNcDmA3ZbBd9Syx5gnTJdyNKVEdzpBE5uX","poolVersion":1}