{"lpTokenFreezeVault":"4pKDh4dZk7bFuppJSpGCSUeu2SCTpcfCY39Svp7Hxwak","poolMint":"48kU4q8NfeULaZcgVbGytHqh9wbrKcEw1PXQbjQXxUPA","poolSigner":"H374LtCB47QJHPmxvoa3gJR6sx6TDK1Hnj2jo7WKVuLo","poolSignerNonce":254,"authority":"BqSGA2WdiQXA2cC1EdGDnVD615A4nYEAq49K3fz2hNBo","initializerAccount":"CEBABL6EiN2CvCPzisYYVfCWETnKaaFrf9xta4rLg6yj","feeBaseAccount":"D4m64eBgRmupnNtR7TsQKQkxXirVjd6hVAoFtKiZzCFH","feeQuoteAccount":"AXZ2h8s8krKANHi5CPk83Ayog9MMKC8gn6FqSN9vBZc","feePoolTokenAccount":"DJJfio4oziV8aoiNnYsi6kSj2HbQs7scsUqCawBpoyWV","tokens":{"Fse2oFDfbwT89CqtuoFaHCBnGTMFLartDYDjPLZyc7e":{"tag":"","name":"","mint":"Fse2oFDfbwT89CqtuoFaHCBnGTMFLartDYDjPLZyc7e","addr":"GJn1ZQB75vFxYUSkE3JgptGWhbWcH2W62zRyRZjsX3dT","scale":6},"EPjFWdd5AufqSSqeM2qN1xzybapC8G4wEGGkZwyTDt1v":{"tag":"","name":"","mint":"EPjFWdd5AufqSSqeM2qN1xzybapC8G4wEGGkZwyTDt1v","addr":"8DamGMF1SJ2KbGX6DiEyfW3VAtRkhicSM1ju8qfgAfrh","scale":6}},"tokenIds":["Fse2oFDfbwT89CqtuoFaHCBnGTMFLartDYDjPLZyc7e","EPjFWdd5AufqSSqeM2qN1xzybapC8G4wEGGkZwyTDt1v"],"fees":{"traderFee":{"numerator":20,"denominator":10000},"ownerFee":{"numerator":10,"denominator":10000}},"curveType":0,"curve":"9N9k34TfdFhSkfKAriMNXDrTBcNPrgwocmYzVUY9YvpP","poolPublicKey":"6W6tDb36tG2XsAqSKtTEVLFmWNmJmiDtaH8Hh5Sg45i6","poolVersion":2}