{"lpTokenFreezeVault":"BzHcv8hrTWovwVpcWPcuNgeKrhSMZvS5gvzboRER9sqN","poolMint":"FSi8unv4cvQvoJi534h1B2CzspiSBVRewVrGQJKuZ3iT","poolSigner":"8BY3CFgF2QQavcdgr79fmdy8v2FmagqCnd1yxYcPJtEt","poolSignerNonce":251,"authority":"BqSGA2WdiQXA2cC1EdGDnVD615A4nYEAq49K3fz2hNBo","initializerAccount":"3UMzN4qLwfcg1MqpnSn6oLZudxmrbjeMkWr3Qh6hFjgG","feeBaseAccount":"3KHpzBynnxV5gCP4qaDbnfB8uSPVVyzsZi1fnqGZHUEp","feeQuoteAccount":"CHF49TiRju12MHAmTYCSZdrbdWhdsogzqZMQbiTDZvfF","feePoolTokenAccount":"HqGmD36AFCCuLTUYUfpP6NnVgVqxnJj9v3wMdM4vEc5j","tokens":{"mCaKentpBgRwisk5zUtx6dfRYkCqMyTKDjjqSDp97mk":{"tag":"","name":"","mint":"mCaKentpBgRwisk5zUtx6dfRYkCqMyTKDjjqSDp97mk","addr":"E3KzwKoR1eExgWgEzLVSmhdKaAZ29ogWMy47pp4Rjid","scale":6},"So11111111111111111111111111111111111111112":{"tag":"","name":"","mint":"So11111111111111111111111111111111111111112","addr":"64C6aq36vuMdvW9Pwr7U4Pd1gBmsPmuJkrFjyXtEQETo","scale":9}},"tokenIds":["mCaKentpBgRwisk5zUtx6dfRYkCqMyTKDjjqSDp97mk","So11111111111111111111111111111111111111112"],"fees":{"traderFee":{"numerator":20,"denominator":10000},"ownerFee":{"numerator":10,"denominator":10000}},"curveType":0,"curve":"EVd7b4Z98h7ddoRZnTfDq5sRtJ8XQSeQA7zXCmGHMWP2","poolPublicKey":"6Ycrsmj2e2gq9BKNhqQXFMs9FFG2tzZwmocmHEJNJXyq","poolVersion":2}