{"lpTokenFreezeVault":"3XEQBpfZtC5HTFvP1EMPNMT5vY3rUk3CyVfdJQ2rhdTd","poolMint":"85jnNHw8k86DFxwykRx9CRwCG9L2dZgcjMRwvxn3JgRG","poolSigner":"8o8nX78UWdsB74jPpmsUZgv5mnsv78m4QAqbwJnyq4E2","poolSignerNonce":254,"authority":"BqSGA2WdiQXA2cC1EdGDnVD615A4nYEAq49K3fz2hNBo","initializerAccount":"6aCbevcGwq3CjkrvxDxYtrA43ma7LZ3jnTLyd1wpJsZ3","feeBaseAccount":"6g41xte4UhgkCy81EM2JJnBDYpPXs1TrhHDEKZP5K8bJ","feeQuoteAccount":"9JNmzYCzrTUHHrmZSCmzKFookUpXRBa6VeYuKmosDQxC","feePoolTokenAccount":"6B8eaxC75Ks6odHbfmdABpX9AWRwYGUR5NYprsfEj4Pn","tokens":{"4ckMuvhiqeLAmVh9cCP8M8M3sNomv9MAzTZxAD4ZNARJ":{"tag":"","name":"","mint":"4ckMuvhiqeLAmVh9cCP8M8M3sNomv9MAzTZxAD4ZNARJ","addr":"AwnJ4eNujVrXoaCJXSU1VgTD8bjn8icpRTeKnC5DsJY3","scale":4},"So11111111111111111111111111111111111111112":{"tag":"","name":"","mint":"So11111111111111111111111111111111111111112","addr":"BuqvYaWhLFdQ8foeeAWYybTv5Tb9txtj3wNhmwnuYkdX","scale":9}},"tokenIds":["4ckMuvhiqeLAmVh9cCP8M8M3sNomv9MAzTZxAD4ZNARJ","So11111111111111111111111111111111111111112"],"fees":{"traderFee":{"numerator":20,"denominator":10000},"ownerFee":{"numerator":10,"denominator":10000}},"curveType":0,"curve":"DBXhZueXENVBjekEESuwaTwLUK2ho7TKbcxCRymddFBr","poolPublicKey":"74UyYWUBHfs2zvJ3oGBBiFLatWyjFg7MT8BCdMZheYFT","poolVersion":2}