{"lpTokenFreezeVault":"8MzM4QXQdwWjiK6oS14dCafddtn1G1pr8Eiy8LZjRD2U","poolMint":"2Y19qD53tn85ZAwbsxJeAD1H2DDq4SzzuVjcruiAhri2","poolSigner":"7as6JQGfrj5zD4ZHVnvC9kKDQrvfYXLVxzQKxjLjB4v9","poolSignerNonce":255,"authority":"BqSGA2WdiQXA2cC1EdGDnVD615A4nYEAq49K3fz2hNBo","initializerAccount":"E8f3kZYCzsxhyYzCw9uJ7oSMsgrt6uKRc3HXp6bLoGSZ","feeBaseAccount":"2PnXSFLW61K4VpZQSQqrTiX426fwhYowckiYFLw9e6sx","feeQuoteAccount":"8DDAW3MTzDSMd8LU5hZZvMuZ1cCvV2nF85pCLTxU51LB","feePoolTokenAccount":"D8bwvJf7W1EASKPEbpwz5T3YtVViD9Cz5p6A6UU7NkmM","tokens":{"frtnaScfGPuo56uyPGmij1QTc64SBdjnXC3RXmcVmxw":{"tag":"","name":"","mint":"frtnaScfGPuo56uyPGmij1QTc64SBdjnXC3RXmcVmxw","addr":"BLguJq8QS542PRMCu71zp9LFhMvZzRH2i6xTrVcaxZT2","scale":9},"EPjFWdd5AufqSSqeM2qN1xzybapC8G4wEGGkZwyTDt1v":{"tag":"","name":"","mint":"EPjFWdd5AufqSSqeM2qN1xzybapC8G4wEGGkZwyTDt1v","addr":"A9QhKLed9krPPumn3X6PKXSQAUSy9tkCRCqgc1gvbj7E","scale":6}},"tokenIds":["frtnaScfGPuo56uyPGmij1QTc64SBdjnXC3RXmcVmxw","EPjFWdd5AufqSSqeM2qN1xzybapC8G4wEGGkZwyTDt1v"],"fees":{"traderFee":{"numerator":20,"denominator":10000},"ownerFee":{"numerator":10,"denominator":10000}},"curveType":0,"curve":"2cUQrKKE6NBq4r8bgjJ2rfWHoNqTDqDxR2pZfbaYdP2B","poolPublicKey":"7i4q9TYCShD5EkuEz8mis7vnjQ3dCjMUF8XnoG7K5ZTX","poolVersion":2}