{"lpTokenFreezeVault":"4RXYsEeb8gZdFU4Cucf7qWFtMSEMReh25T4b5kUgFGvS","poolMint":"6sPyQ7hMHaLpq9L7NUxjS5z3u6UcZK9qtoYD3yvForfp","poolSigner":"85s2TG1y5R48C7Jk3j7WMdKok5xAm4UZkDNUERvD2oTb","poolSignerNonce":255,"authority":"BqSGA2WdiQXA2cC1EdGDnVD615A4nYEAq49K3fz2hNBo","initializerAccount":"2cZbi7384y7s7suVkZ5DbyPKH28jkaeMBGDryxgNjieu","feeBaseAccount":"D859Ldkp6f6xkrp3sv4mheveLzaGToD8WgQ1e4DqLdcJ","feeQuoteAccount":"EF4RXh2SVV2GoGnhXu2MPiiM215GmdA8wnHGp7yZw7of","feePoolTokenAccount":"yPfG31hE83sAEKUuYtuqNauAPtpXtdgbwZnJNt32yCD","tokens":{"4tUUpzPsSCzSasdRueA3J2phAvLD9cqRbzFCCNQAJpt4":{"tag":"","name":"","mint":"4tUUpzPsSCzSasdRueA3J2phAvLD9cqRbzFCCNQAJpt4","addr":"G2rR4iGWm6eqbPABPS5bxbW8NodV2818Gbc28mxAKbrK","scale":9},"So11111111111111111111111111111111111111112":{"tag":"","name":"","mint":"So11111111111111111111111111111111111111112","addr":"9SDbj2unBbC5jYJP6oniurkXzuVafauaB1ay7F3kQXoc","scale":9}},"tokenIds":["4tUUpzPsSCzSasdRueA3J2phAvLD9cqRbzFCCNQAJpt4","So11111111111111111111111111111111111111112"],"fees":{"traderFee":{"numerator":20,"denominator":10000},"ownerFee":{"numerator":10,"denominator":10000}},"curveType":0,"curve":"H5pg4FCHpMdw7HjJSW98MmSko6Xp7apeMZuyP3oepZvV","poolPublicKey":"7LtsGXCQCBwWsFLxAs6iyCuPsBjMaJxJ9hXsWj9FqXwN","poolVersion":2}