{"lpTokenFreezeVault":"HNR9reBv3VpvvgVM7NP5Kg1KoqgARBP9nE5h2PLc6dwr","poolMint":"HFNv9CeUtKFKm7gPoX1QG1NnrPnDhA5W6xqHGxmV6kxX","poolSigner":"Ez5wZeEN2LPYS4wejkuzdvWkvzk55FDiHZutsp9cnybh","poolSignerNonce":255,"authority":"BqSGA2WdiQXA2cC1EdGDnVD615A4nYEAq49K3fz2hNBo","initializerAccount":"vSKUeRdjawKaEBZTD7tg6DzgD4agwfyPqEtRxBdfApb","feeBaseAccount":"HWyKvK3sQk7GrVcC5TwQmK6P9NCPvyP2di4k2srM2VKn","feeQuoteAccount":"HsHtL2WaFoQAtrLUhuibMXKdz7Kfmtu8niqwVot1HECk","feePoolTokenAccount":"CJRnpz6ZhqzDNTrLy9pySotRAttXq6UXv3aGeDGiMpUE","tokens":{"E5ndSkaB17Dm7CsD22dvcjfrYSDLCxFcMd6z8ddCk5wp":{"tag":"","name":"","mint":"E5ndSkaB17Dm7CsD22dvcjfrYSDLCxFcMd6z8ddCk5wp","addr":"3reyueV93V8CxXakMk4FF96uqBibDS9Di7zWgjxhkqt7","scale":9},"So11111111111111111111111111111111111111112":{"tag":"","name":"","mint":"So11111111111111111111111111111111111111112","addr":"3LX2NHkUux6gGjiQXY2nMCnLTr9QuCjguqh7KTwaupV5","scale":9}},"tokenIds":["E5ndSkaB17Dm7CsD22dvcjfrYSDLCxFcMd6z8ddCk5wp","So11111111111111111111111111111111111111112"],"fees":{"traderFee":{"numerator":20,"denominator":10000},"ownerFee":{"numerator":10,"denominator":10000}},"curveType":0,"curve":"3dY1bhvk2MvPyCYeozvuPT4gTFwxJCVP1PwfxDmys2Wz","poolPublicKey":"7nrkzur3LUxgfxr3TBj9GpUsiABCwMgzwtNhHKG4hPYz","poolVersion":1}