{"lpTokenFreezeVault":"68fktHgFUBFzF5zrbV6BiMLHnvpfoRK1QK3G8Fbx9yMK","poolMint":"EMTBwmVTD7o81VBLykStDb2xzgLfCBEjbUtPk2aJp35q","poolSigner":"3S6DPpKiMGoeGprnMbnZPmcPdaSqCvnamfUVrAPfu2NS","poolSignerNonce":255,"authority":"BqSGA2WdiQXA2cC1EdGDnVD615A4nYEAq49K3fz2hNBo","initializerAccount":"7MB5eCGy1DQ25tFfNGBmk3MBmifbZZbdgVtwfudxHcci","feeBaseAccount":"J7LvuMAy26fKJu1MtgRFWUiMvA2S33wJDyZn4J3b35Qe","feeQuoteAccount":"6ojPo6F34kVC7PWi8e5qBmaSwwyo9q3DbHQTzuYTkZdS","feePoolTokenAccount":"H6vL5omTqXZabuw22pSZ9roKwYKse9NP72KPkYNwSeXs","tokens":{"FanJWA4yEVUJj1r83tR7XybxmDGF6bNH8M81ag9aeUbF":{"tag":"","name":"","mint":"FanJWA4yEVUJj1r83tR7XybxmDGF6bNH8M81ag9aeUbF","addr":"Gj2aJZG7mEg1hth5jtE9QF6bjhpN9WPMAWNCaM2PL3u1","scale":9},"EPjFWdd5AufqSSqeM2qN1xzybapC8G4wEGGkZwyTDt1v":{"tag":"","name":"","mint":"EPjFWdd5AufqSSqeM2qN1xzybapC8G4wEGGkZwyTDt1v","addr":"BjEeZNykAdzabyRtp23D8rV9fdZ8HYKfGZ4iSKLSkbij","scale":6}},"tokenIds":["FanJWA4yEVUJj1r83tR7XybxmDGF6bNH8M81ag9aeUbF","EPjFWdd5AufqSSqeM2qN1xzybapC8G4wEGGkZwyTDt1v"],"fees":{"traderFee":{"numerator":20,"denominator":10000},"ownerFee":{"numerator":10,"denominator":10000}},"curveType":0,"curve":"CP4bqokcuG6PePsBJYsmtkCH8vS3C9jdm98p8fLKPxLa","poolPublicKey":"7Uoj7Kn3bhwqMaDVVkjHuk5sbXCqi1X8N9fSNonLr62K","poolVersion":2}