{"lpTokenFreezeVault":"6CV7j7vhAkD7K3zSQqGhTZKcbVkZhoCHUinNKPnqHz8b","poolMint":"8iUje3hRZeG91Nzr4mRBZaKCiAtg34T3H3ZMko5Jci7P","poolSigner":"4E5wTjeXhrQQSpisX6W6XkabMjPkKspnYLHBFt7vocJ9","poolSignerNonce":255,"authority":"BqSGA2WdiQXA2cC1EdGDnVD615A4nYEAq49K3fz2hNBo","initializerAccount":"FE5oHviw75uuMuZZfRP5tYQ1NCMmSvpmB3yiz6ULums5","feeBaseAccount":"3ecGTLbfX1Sb4BfReNcnrDkaNBvWicBz3aoNA9Mbr99y","feeQuoteAccount":"D4p8sTw3S4K1KqH6kE5hcpNWDK4kjdnheoKkHGfqQcpp","feePoolTokenAccount":"Fux4f5TxurKH8R6n3TnAxhMs57xvQo6h3vR62Y5DhWRd","tokens":{"4tUUpzPsSCzSasdRueA3J2phAvLD9cqRbzFCCNQAJpt4":{"tag":"","name":"","mint":"4tUUpzPsSCzSasdRueA3J2phAvLD9cqRbzFCCNQAJpt4","addr":"CMkGz6v1C3yCWm7KS1AKpFH2CGPZsQZtCDEhqcYALodQ","scale":9},"EPjFWdd5AufqSSqeM2qN1xzybapC8G4wEGGkZwyTDt1v":{"tag":"","name":"","mint":"EPjFWdd5AufqSSqeM2qN1xzybapC8G4wEGGkZwyTDt1v","addr":"12i1PbGciWaSVk3p1Q1Vh2rMiDDcnqk1EALC6V6SaNSD","scale":6}},"tokenIds":["4tUUpzPsSCzSasdRueA3J2phAvLD9cqRbzFCCNQAJpt4","EPjFWdd5AufqSSqeM2qN1xzybapC8G4wEGGkZwyTDt1v"],"fees":{"traderFee":{"numerator":20,"denominator":10000},"ownerFee":{"numerator":10,"denominator":10000}},"curveType":0,"curve":"14h7m8jWFC97uEEiG82VjcreGerCZFqUnHvQMbUWMrwo","poolPublicKey":"8Dh2GQsC6kx1atPdKqL2T1neMhf4ugFvDW7hJgXpBczW","poolVersion":2}