{"lpTokenFreezeVault":"9pbzhKUUrcQFMvHV7scBE5cjGdDYTTY2qzYHvBsWxFeo","poolMint":"74V3bg385Rmbmz7UuQHxiu14rB43X6Wx6cBLfEW7oXzJ","poolSigner":"8kN1D4rCT5KCGHjvPkwPNSw5EKnTqHMDGBrDsSz6HMkK","poolSignerNonce":255,"authority":"BqSGA2WdiQXA2cC1EdGDnVD615A4nYEAq49K3fz2hNBo","initializerAccount":"F54nHD2Ri63F25iy4Vf1YPLBo7oBEZTzXH9aRZzsnVh8","feeBaseAccount":"2Ko9U4Ld4bSSB5nUoY6tyuD3CoBvv5qnW3ScXSzvGgL6","feeQuoteAccount":"4EagVkLCoqBQeGmouQf9mJKJaDjrxbkNsZb5Y1dFwKsV","feePoolTokenAccount":"BsfGq32zWze2d8rxxQoiGJYFA7cKPgwWrp9XT3E6TQvb","tokens":{"5BY9wMqpvmTJrzUHt9BAmaQwave833DyHZh33rCXFEQ2":{"tag":"","name":"","mint":"5BY9wMqpvmTJrzUHt9BAmaQwave833DyHZh33rCXFEQ2","addr":"ruBSNFQUEH4dxwha6GLv1dpq86tKBVM27Lxi7LEqEnB","scale":9},"So11111111111111111111111111111111111111112":{"tag":"","name":"","mint":"So11111111111111111111111111111111111111112","addr":"EnyJ98NUCKFjPdCnwsxvSfng9t9fAQrFpaFDXVAtQwCd","scale":9}},"tokenIds":["5BY9wMqpvmTJrzUHt9BAmaQwave833DyHZh33rCXFEQ2","So11111111111111111111111111111111111111112"],"fees":{"traderFee":{"numerator":20,"denominator":10000},"ownerFee":{"numerator":10,"denominator":10000}},"curveType":0,"curve":"CV8k2ZXk5iQzLqwRr1eQFnVgfd5rPTihbor6dUzvtU2s","poolPublicKey":"8g5judjcmKzEZgX3x8zrZJ1e2LnPHyKCyibxw6DPEY51","poolVersion":2}