{"lpTokenFreezeVault":"DRkMufiFkWQicfD2aoXJkVAoqfzSpdBFQAxRzoQAmrQA","poolMint":"EfBLj8ngL5LEJqyU43vK1Mxh5FURj5jWSNpQETLx6aSo","poolSigner":"3vNoSpfQU6UsUFz99mNy9kwEmf3wccoqs7ZLJhQRjeLg","poolSignerNonce":254,"authority":"BqSGA2WdiQXA2cC1EdGDnVD615A4nYEAq49K3fz2hNBo","initializerAccount":"3UMzN4qLwfcg1MqpnSn6oLZudxmrbjeMkWr3Qh6hFjgG","feeBaseAccount":"8Fa6Hgu2zBGKRwpxzpzfcfgzATJp1hBwNeK1s2ues9bj","feeQuoteAccount":"9bpz6WaWEmZH6EwwPdkALM2z3RCGUsmYg8sJBU9w74Ar","feePoolTokenAccount":"EjXbknPYxXLMikPcNk13cHy1KBuk3jUwWPz9QNH7Ekri","tokens":{"ASHTTPcMddo7RsYHEyTv3nutMWvK8S4wgFUy3seAohja":{"tag":"","name":"","mint":"ASHTTPcMddo7RsYHEyTv3nutMWvK8S4wgFUy3seAohja","addr":"42XMSA5vKHPRSgThH4iafZww1AzMQTxZb2RugsPADGFX","scale":0},"So11111111111111111111111111111111111111112":{"tag":"","name":"","mint":"So11111111111111111111111111111111111111112","addr":"4CXG96v3UYLSZn6PvKihtF31xL8xJDkC5VbdFCkoRhkZ","scale":9}},"tokenIds":["ASHTTPcMddo7RsYHEyTv3nutMWvK8S4wgFUy3seAohja","So11111111111111111111111111111111111111112"],"fees":{"traderFee":{"numerator":20,"denominator":10000},"ownerFee":{"numerator":10,"denominator":10000}},"curveType":0,"curve":"5RkZjzxeP3ocFuM4ZqCVZT4jjNJzWiTzXebATjgAEv3V","poolPublicKey":"8ysWL3griLmYSjXiEPSgFYp2SJeqWQtEm9MJCTVQgUaX","poolVersion":2}