{"lpTokenFreezeVault":"2UGBJmshCEkbK4nZjdfL7mcJYmMVDWszDZGtrxBLCjaM","poolMint":"6C1pvoUvDrcT114pcczjjh99jvFprsctC53cGxMcv4Qa","poolSigner":"AbJSk5JNZb9L4vRVh6V8qkW4ora3FVu4BCRBzUgo6Ndh","poolSignerNonce":247,"authority":"BqSGA2WdiQXA2cC1EdGDnVD615A4nYEAq49K3fz2hNBo","initializerAccount":"TrsY39eT1tzB74KTyDJdFYagDFXXvrWZvGR7nUDV514","feeBaseAccount":"GnnxMUWwwU2asJMsFr1nF5rWdB2z6oedezNAmX4En4wX","feeQuoteAccount":"2naTH5sFxKqGhrHAGYUcbMgo5ZpkAhm6ESbbvLF6D5Dc","feePoolTokenAccount":"3rNXCZA12p4xzgPB7veSn6xzUnZCv9eQ1ShkkHKoxezD","tokens":{"THCBB791xLFhRhxPHMDVN9m5KDeBBjwh6dfBbnTuPe9":{"tag":"","name":"","mint":"THCBB791xLFhRhxPHMDVN9m5KDeBBjwh6dfBbnTuPe9","addr":"BCD4Vpb8jDXjE6nrFoM16Cwp6KLGon76vwvK6yGnYmPs","scale":6},"EPjFWdd5AufqSSqeM2qN1xzybapC8G4wEGGkZwyTDt1v":{"tag":"","name":"","mint":"EPjFWdd5AufqSSqeM2qN1xzybapC8G4wEGGkZwyTDt1v","addr":"99VRTd8LRV3UfCqofEjr72vc5dmnBFBK5134tnBMuje3","scale":6}},"tokenIds":["THCBB791xLFhRhxPHMDVN9m5KDeBBjwh6dfBbnTuPe9","EPjFWdd5AufqSSqeM2qN1xzybapC8G4wEGGkZwyTDt1v"],"fees":{"traderFee":{"numerator":20,"denominator":10000},"ownerFee":{"numerator":10,"denominator":10000}},"curveType":0,"curve":"2vP7joQsYkhkcfDrfB7xD7XydBEVtxzgaogTZiLkFGqL","poolPublicKey":"9FypLnCdSorq3SrYSaaxNwoPT3ycodJsPN8SGSgywcFu","poolVersion":2}