{"lpTokenFreezeVault":"8FsA95xLqF1GBnxMWpm9KRPhiGr5spHABGfz2XbchGzX","poolMint":"E4fjvEHxU9bR429DvwALrU5wVskjgnm1PGwqNVvh3kqp","poolSigner":"A3rGa4LdJUe8BPBJ6bUPyM1Kh58cwBj9UmB4D9oA7AAo","poolSignerNonce":253,"authority":"BqSGA2WdiQXA2cC1EdGDnVD615A4nYEAq49K3fz2hNBo","initializerAccount":"2cdv15mgCd3Jt1ka7Jz58fEweXMToqPmb1VYZ1g3oYQ5","feeBaseAccount":"3WkbgPFDZwWT8nshWb2F2QbEdqFKmbqDsxRFpxhMJyf8","feeQuoteAccount":"Fm2xinQu8TDyyEmERXFwSn5L4kJT2aPyYW2QjBxy4D5n","feePoolTokenAccount":"zh62TW6F5UGJvPrN1fLPrYnaE7azHXi2QGgftwoErUc","tokens":{"PHnyhLEnsD9SiP9tk9kHHKiCxCTPFnymzPspDqAicMe":{"tag":"","name":"","mint":"PHnyhLEnsD9SiP9tk9kHHKiCxCTPFnymzPspDqAicMe","addr":"DDv6Ted1vinjX1BJT75ReRqpZX3SBWai9xWmYQwV4Ffj","scale":6},"So11111111111111111111111111111111111111112":{"tag":"","name":"","mint":"So11111111111111111111111111111111111111112","addr":"DExpkYfLZup6M2hrnhomvonfKcgLGkFVGNYjdmy94GDj","scale":9}},"tokenIds":["PHnyhLEnsD9SiP9tk9kHHKiCxCTPFnymzPspDqAicMe","So11111111111111111111111111111111111111112"],"fees":{"traderFee":{"numerator":20,"denominator":10000},"ownerFee":{"numerator":10,"denominator":10000}},"curveType":0,"curve":"EFu2dZQLNC7HnHjXSGpwvbMpjcLzp9i8GgA8fS4nTtUN","poolPublicKey":"9kG4XVw5EQKvNXdxBP5RQWpJzJU9i6o22VAhdvHrywYK","poolVersion":2}