{"lpTokenFreezeVault":"6aQJ3FRis5HNHxfdUWr451yhzbavPw41jPqjRa79BRE7","poolMint":"CCopFEPDEgRZ51m3cwhp2g9WuyrHkBGXRFXSaoY395ym","poolSigner":"GQTXKANeCK9xnerAewvBR5fgVcEx9jEeu2K17XevRjjc","poolSignerNonce":255,"authority":"BqSGA2WdiQXA2cC1EdGDnVD615A4nYEAq49K3fz2hNBo","initializerAccount":"E8f3kZYCzsxhyYzCw9uJ7oSMsgrt6uKRc3HXp6bLoGSZ","feeBaseAccount":"FWYZ5WsumowfSJUNhpqLFzhLyk9m4DisBSE4BU1DHCga","feeQuoteAccount":"HF2UudZAgnEBJHg5RqkLTPqh9Mu6SoNm1uYgAchhJkdE","feePoolTokenAccount":"7ZSHn4HJZdeeVPSPE2kc4FoRMMPD9HRG2E6jqiMNCdxv","tokens":{"8s9FCz99Wcr3dHpiauFRi6bLXzshXfcGTfgQE7UEopVx":{"tag":"","name":"","mint":"8s9FCz99Wcr3dHpiauFRi6bLXzshXfcGTfgQE7UEopVx","addr":"13zaVEUxLi1iHQpTj5eWyK7mqatxfwbiY8uz1wNmUNGQ","scale":6},"EPjFWdd5AufqSSqeM2qN1xzybapC8G4wEGGkZwyTDt1v":{"tag":"","name":"","mint":"EPjFWdd5AufqSSqeM2qN1xzybapC8G4wEGGkZwyTDt1v","addr":"86QcZAv9UC4TE6Ab2jr1iWEkgFEU4LZWW7NJseewDDHC","scale":6}},"tokenIds":["8s9FCz99Wcr3dHpiauFRi6bLXzshXfcGTfgQE7UEopVx","EPjFWdd5AufqSSqeM2qN1xzybapC8G4wEGGkZwyTDt1v"],"fees":{"traderFee":{"numerator":20,"denominator":10000},"ownerFee":{"numerator":10,"denominator":10000}},"curveType":0,"curve":"E257PARWp8FGELnwteqgbam1jm51qhggp5b6MWGuUkgo","poolPublicKey":"9MvoZpcEPUUYKZrQiYv7F2GEXLAK3xuZGXTHV7dTiRdB","poolVersion":2}