{"lpTokenFreezeVault":"B2GyF8KyCniynTnAmB6BUgycosLV8xpXsuLzhEFxj7HF","poolMint":"EufS4F27HudL7rc8mBSUJCSZHVPDPLMo51MAVbSUvKZV","poolSigner":"5LA5EesaqNveUKquW1syYTxdVF8qXsEy8uD4vTZ491CE","poolSignerNonce":251,"authority":"BqSGA2WdiQXA2cC1EdGDnVD615A4nYEAq49K3fz2hNBo","initializerAccount":"BqSGA2WdiQXA2cC1EdGDnVD615A4nYEAq49K3fz2hNBo","feeBaseAccount":"zrW9YPRZt8qskE4wHPHvHJBgeoEHwQvXUBPMujHhegr","feeQuoteAccount":"8c3tnweuzf2Av5EYPU9xSMh6WCpnu8yS8W1P1b7kSY73","feePoolTokenAccount":"6YzAnKg3qAu1wudWhHxtCgiq2c4zJyGYZCEmsyBB2yEm","tokens":{"HZRCwxP2Vq9PCpPXooayhJ2bxTpo5xfpQrwB1svh332p":{"tag":"","name":"","mint":"HZRCwxP2Vq9PCpPXooayhJ2bxTpo5xfpQrwB1svh332p","addr":"FWJusJswgsnAUnh6qG5MVwpBJ9dbEEeQThHWmRc63N2A","scale":8},"7dHbWXmci3dT8UFYWYZweBLXgycu7Y3iL6trKn1Y7ARj":{"tag":"","name":"","mint":"7dHbWXmci3dT8UFYWYZweBLXgycu7Y3iL6trKn1Y7ARj","addr":"7S3J1bPiK6AbiEQPEfQ9CAu1m4xb5ddrwZrHNPesL6Y5","scale":9}},"tokenIds":["HZRCwxP2Vq9PCpPXooayhJ2bxTpo5xfpQrwB1svh332p","7dHbWXmci3dT8UFYWYZweBLXgycu7Y3iL6trKn1Y7ARj"],"fees":{"traderFee":{"numerator":20,"denominator":10000},"ownerFee":{"numerator":10,"denominator":10000}},"curveType":0,"curve":"DfAUcPRcrLLGqQXLmushhzPyFu8HrSKgfT6ibFU2rxzR","poolPublicKey":"9XNN2yrrXvpAyvMx8xZHrF7jyGYghXxtRQLdM3hHvADN","poolVersion":2}