{"lpTokenFreezeVault":"4bt4Zbn3bZuJ3v7x6ebGtetmZ9ca7eP3zyUZCZG5wuoa","poolMint":"3yYcE878pgwwZd5JDvmG3EHRCLHbA8hu746tS9gLE1CN","poolSigner":"E2DtFtgheLSSMKSS3cZvm3FgdNM7GRizEVnxnwpm6QYd","poolSignerNonce":255,"authority":"BqSGA2WdiQXA2cC1EdGDnVD615A4nYEAq49K3fz2hNBo","initializerAccount":"E8f3kZYCzsxhyYzCw9uJ7oSMsgrt6uKRc3HXp6bLoGSZ","feeBaseAccount":"Dhu1wVEw94QWMD7X292JvLBma8K3qyohbXuEaY5jQW64","feeQuoteAccount":"GCZQLsqQ5dhYaaH5oJdWJDLtNDfhje21a65pQKYL2piJ","feePoolTokenAccount":"7M3K9Yr8CXVyRT4C6SbCPrxxqXr65gVYwt4bgnTm6TLb","tokens":{"82T8CwKpjuJpop2im4C87zGZSvXL8Vu3M7Bcvg4YhPsq":{"tag":"","name":"","mint":"82T8CwKpjuJpop2im4C87zGZSvXL8Vu3M7Bcvg4YhPsq","addr":"Cdd4bQrRXAP3usNkaagqLE5qExXy6ZWTTKvKXMneXEG","scale":6},"EPjFWdd5AufqSSqeM2qN1xzybapC8G4wEGGkZwyTDt1v":{"tag":"","name":"","mint":"EPjFWdd5AufqSSqeM2qN1xzybapC8G4wEGGkZwyTDt1v","addr":"DLVfVcUFKcus3hkQmN94nQo2KPGceuu7jB15sUEEpmZL","scale":6}},"tokenIds":["82T8CwKpjuJpop2im4C87zGZSvXL8Vu3M7Bcvg4YhPsq","EPjFWdd5AufqSSqeM2qN1xzybapC8G4wEGGkZwyTDt1v"],"fees":{"traderFee":{"numerator":20,"denominator":10000},"ownerFee":{"numerator":10,"denominator":10000}},"curveType":0,"curve":"4vUhQyVTaD9eBnGqx7KpesiWvEDnN6WEAmSbK7Jgybno","poolPublicKey":"A6vbRWkuvdgzxcMvttGupYhwrih31KJxrkLHDSxCc4ZS","poolVersion":2}