{"lpTokenFreezeVault":"7DLme1958mPfYk6KbhGmaaCFSueweiv6eefdygLFYgFb","poolMint":"H37kHxy82uLoF8t86wK414KzpVJy7uVJ9Kvt5wYsTGPh","poolSigner":"5Uj8o9HF7Ge96rKZRAVETXny4dHoCtxq1vQzsS97t3WJ","poolSignerNonce":255,"authority":"BqSGA2WdiQXA2cC1EdGDnVD615A4nYEAq49K3fz2hNBo","initializerAccount":"vSKUeRdjawKaEBZTD7tg6DzgD4agwfyPqEtRxBdfApb","feeBaseAccount":"84WrezCfdS2mJrpf6xS2GNsB5dUSYGeXgTB24WzcomdG","feeQuoteAccount":"22giHAsaP5vWa3CpkfPFcrMZvbDQQtojYgsQ3TKonc3M","feePoolTokenAccount":"7HEzzg4oXqXPVKG48zzjPmpFPraxoELzY4bxm57i7kVj","tokens":{"mSoLzYCxHdYgdzU16g5QSh3i5K3z3KZK7ytfqcJm7So":{"tag":"","name":"","mint":"mSoLzYCxHdYgdzU16g5QSh3i5K3z3KZK7ytfqcJm7So","addr":"BEPiCaDinG2uLSBKjiVGAdDV32dwiemANKJYejtpbT2h","scale":9},"EPjFWdd5AufqSSqeM2qN1xzybapC8G4wEGGkZwyTDt1v":{"tag":"","name":"","mint":"EPjFWdd5AufqSSqeM2qN1xzybapC8G4wEGGkZwyTDt1v","addr":"9CDfE5NfRcQomM7bZ2fCBLe9XKebmu8QY5tBHzojS8d8","scale":6}},"tokenIds":["mSoLzYCxHdYgdzU16g5QSh3i5K3z3KZK7ytfqcJm7So","EPjFWdd5AufqSSqeM2qN1xzybapC8G4wEGGkZwyTDt1v"],"fees":{"traderFee":{"numerator":20,"denominator":10000},"ownerFee":{"numerator":10,"denominator":10000}},"curveType":0,"curve":"3FiMTWtALzGgcsDQ2PYNS8mkddNS6MWSME77xfM1hDVQ","poolPublicKey":"Af4TpzGpo8Yc61bCNwactPKH9F951tHPzp8XGxWRLNE1","poolVersion":1}