{"lpTokenFreezeVault":"B3BfTufHYu6kXU1tzJrmo3iqSs4AuLua2jx3fDEwnscb","poolMint":"FKQX91BgH633Ww72Jpeq2g11MC3MTP97k4Nd2bk2W2Vn","poolSigner":"EZxhM27okKnE1nGuzByhbU34cFpYB5TNCm367qLqJokU","poolSignerNonce":255,"authority":"BqSGA2WdiQXA2cC1EdGDnVD615A4nYEAq49K3fz2hNBo","initializerAccount":"WHiTERKtMPxry2ASjqESdMCPyRz2DTzjxuUdtRLGssY","feeBaseAccount":"2WJAu2tkJAiQYy4RLkhTr7Tdo656n7Achcw432DHc4B2","feeQuoteAccount":"2Xdih1hK2vUKa3ekKfamY7eYv5pYrCLqCqzdeezmYRKd","feePoolTokenAccount":"4yyu1zUQGb3dDcjDVDQGoYJUtMcsSfLHPZmRziSBF41T","tokens":{"AymKzSDznoLT7Vhsb4wSRnCj1gjcG3zkgYFY8fxsHHer":{"tag":"","name":"","mint":"AymKzSDznoLT7Vhsb4wSRnCj1gjcG3zkgYFY8fxsHHer","addr":"6hEZrVBkpNt7xCZCFquDNcammi4hy5TDLrsDcnZP53zv","scale":8},"EPjFWdd5AufqSSqeM2qN1xzybapC8G4wEGGkZwyTDt1v":{"tag":"","name":"","mint":"EPjFWdd5AufqSSqeM2qN1xzybapC8G4wEGGkZwyTDt1v","addr":"4C9gL7KJkriRR3UqRLgZMJ2R4MR9A3qLJ8LBDwdNzGae","scale":6}},"tokenIds":["AymKzSDznoLT7Vhsb4wSRnCj1gjcG3zkgYFY8fxsHHer","EPjFWdd5AufqSSqeM2qN1xzybapC8G4wEGGkZwyTDt1v"],"fees":{"traderFee":{"numerator":20,"denominator":10000},"ownerFee":{"numerator":10,"denominator":10000}},"curveType":0,"curve":"BEB9isDBZuAR53yy3Ycpi5evm3YP3wZhNfDPxqKot2Qu","poolPublicKey":"AFu6fk1de2XbmvS16m3E2zA1zANR6Zwg9TBDmo8xDpDu","poolVersion":2}