{"lpTokenFreezeVault":"ckQQR8qiBHYMuwBfBNXYvTbK9axiQ5vQ15tPZwBLVZn","poolMint":"4xwjGCGCFPy6mQ18GHTMVjiTi2uadFNtPZhusxn1K3Y5","poolSigner":"7itPfpeMWSWX4j2fy8XiUKapfed57bA1uWddXCYUMRMa","poolSignerNonce":255,"authority":"BqSGA2WdiQXA2cC1EdGDnVD615A4nYEAq49K3fz2hNBo","initializerAccount":"7kaUyu6eQVAAs9Sy4S1yMxLgq6CK8X3ZwY2muPDzJusq","feeBaseAccount":"9n4XG4MBYQFjuSePJNWBKJhWLZN3jmXUNwdJsm3CY1Ew","feeQuoteAccount":"DnRambviFPYvfDcyjQafK8wGNJJ8fSLWX3zKiY8Tv1Vx","feePoolTokenAccount":"4ciBYcW6G5QQpRZearKgyZfjzTvgHXa19uoRgmebRfyf","tokens":{"7udMmYXh6cuWVY6qQVCd9b429wDVn2J71r5BdxHkQADY":{"tag":"","name":"","mint":"7udMmYXh6cuWVY6qQVCd9b429wDVn2J71r5BdxHkQADY","addr":"HcmECbucRR85aGw5za5aPaW9t6ZVcwLX6jnLQKujigFa","scale":3},"EPjFWdd5AufqSSqeM2qN1xzybapC8G4wEGGkZwyTDt1v":{"tag":"","name":"","mint":"EPjFWdd5AufqSSqeM2qN1xzybapC8G4wEGGkZwyTDt1v","addr":"HiayZxnrJRJ4kzXPrTQwwJrp2RBfvkDX29zSCTYksNrK","scale":6}},"tokenIds":["7udMmYXh6cuWVY6qQVCd9b429wDVn2J71r5BdxHkQADY","EPjFWdd5AufqSSqeM2qN1xzybapC8G4wEGGkZwyTDt1v"],"fees":{"traderFee":{"numerator":20,"denominator":10000},"ownerFee":{"numerator":10,"denominator":10000}},"curveType":0,"curve":"AdNMAZBWvkT4NVfPW1LosHdspWiwiaLLeMLJLDoCrVuz","poolPublicKey":"AyPRyLBnwYnsLU9c51JJgk9Vvpgj2hcxWD7Yp9S5SWcB","poolVersion":2}