{"lpTokenFreezeVault":"4w5MqUPEzRWKgSCzSpfdaohpuWKsVqFT5xXw8oK4WNig","poolMint":"F8caiu7pwDYaK6S1BUtuxB9d5hicn7bQV5SMt9zPzog","poolSigner":"HBETdfR18ZpaaSsknvcpzYWFPPW5ngW7mA3N1X3efK62","poolSignerNonce":255,"authority":"BqSGA2WdiQXA2cC1EdGDnVD615A4nYEAq49K3fz2hNBo","initializerAccount":"BqSGA2WdiQXA2cC1EdGDnVD615A4nYEAq49K3fz2hNBo","feeBaseAccount":"EQm1sXBJaibkkkff3NYereL7q8smuBBNpYpZuwtc7KqV","feeQuoteAccount":"6RqtVPPPVToUhSpvjCK32yguKkMaBMrYdx7Do6YKurM5","feePoolTokenAccount":"CAqpeaGXJ9EjXDs9FymQju4vuECqrYELbSoe6VggsFCU","tokens":{"7dHbWXmci3dT8UFYWYZweBLXgycu7Y3iL6trKn1Y7ARj":{"tag":"","name":"","mint":"7dHbWXmci3dT8UFYWYZweBLXgycu7Y3iL6trKn1Y7ARj","addr":"FQGiS3zKkBEPyC9xzcKEHEuJJ12rwMcAwKPHZfgr9vwq","scale":9},"So11111111111111111111111111111111111111112":{"tag":"","name":"","mint":"So11111111111111111111111111111111111111112","addr":"dyPZGrAsWjzmbzX4nXBZXLDWWFGooynhTQWDSZ81WHy","scale":9}},"tokenIds":["7dHbWXmci3dT8UFYWYZweBLXgycu7Y3iL6trKn1Y7ARj","So11111111111111111111111111111111111111112"],"fees":{"traderFee":{"numerator":30,"denominator":100000},"ownerFee":{"numerator":8,"denominator":100000}},"curveType":1,"curve":"Ch1gQrr7xTG9NRjZsZCuAR9NXHXoTqkLohwjUZ28vv5a","poolPublicKey":"B7ckp2dXhA8V8kE4bwMXWvuS4mwxCM2NCZbTu1bYoKPA","poolVersion":2}