{"lpTokenFreezeVault":"CpkrgM72zfGCtQ2GECEUNf3sdwySm1bTvfkxWowWsgfy","poolMint":"AUdpYSs6XjbjfPvm1qbZECv8gKPMQBrwLVAv758ihCTh","poolSigner":"3tA959pUA3LYZ2rxFw4fyg5g6R5bHAUZdjDzJgyBe1oj","poolSignerNonce":250,"authority":"BqSGA2WdiQXA2cC1EdGDnVD615A4nYEAq49K3fz2hNBo","initializerAccount":"6tnVfKV1dzXFXXQmjZqiBpaqm5jiB9Td7P8yF865UH6r","feeBaseAccount":"FQVPUwW8Uvy4tPpjsSpG2r3mEvemgFYii6Cz5N6CTJpS","feeQuoteAccount":"RPjpPLdBmKQwv6TENViz9z42XTryg4YckmAz8fPgTpj","feePoolTokenAccount":"FTYhyrvXUGosUpCUqPW7zegcbPUdhnxFav71W29k96ge","tokens":{"m6XGr58ATHSS7BvThRCDkqnsAeXLhpammhCrDo1amxq":{"tag":"","name":"","mint":"m6XGr58ATHSS7BvThRCDkqnsAeXLhpammhCrDo1amxq","addr":"BCX3Zb2VwDWNCrCBVR5YCiyVNU13XsKqzsaDhAc8yKcV","scale":9},"EPjFWdd5AufqSSqeM2qN1xzybapC8G4wEGGkZwyTDt1v":{"tag":"","name":"","mint":"EPjFWdd5AufqSSqeM2qN1xzybapC8G4wEGGkZwyTDt1v","addr":"7HwWjPVkWNBYgyS25VLCS1FW4TyZBijLoSjHNT7aT7Bj","scale":6}},"tokenIds":["m6XGr58ATHSS7BvThRCDkqnsAeXLhpammhCrDo1amxq","EPjFWdd5AufqSSqeM2qN1xzybapC8G4wEGGkZwyTDt1v"],"fees":{"traderFee":{"numerator":20,"denominator":10000},"ownerFee":{"numerator":10,"denominator":10000}},"curveType":0,"curve":"3zydpWwY26PtCeHMnXL6Q9vazDGUUnqtqvvcTdsvK746","poolPublicKey":"Bd2t3K5Gzrv6ZYtSowyrH4tcX9XdpgZ5WVzDPTZ42hEx","poolVersion":2}