{"lpTokenFreezeVault":"HFYPL89Px3bXcUenyjEgsWBfjW5e8kQMpoT6FzrQKmht","poolMint":"8eA3Ltpkgew7CkL48bZNjRf2y2utXbEKHLR2JDWtUqC6","poolSigner":"9w5cMgj1DY55pESTchgWBbtGtGRV9bsrcNyUXXsggGrS","poolSignerNonce":255,"authority":"BqSGA2WdiQXA2cC1EdGDnVD615A4nYEAq49K3fz2hNBo","initializerAccount":"CSRRcExejntrbSEpXQsMr9BQfV52KM3R4fqH4eYxBe5n","feeBaseAccount":"HUScrmLyNtv6byNQLMQMTioH2URoLyCAcjN9uEEi7ANq","feeQuoteAccount":"393SSkvTsuoJUhF7Sha7GXKr9fsvkm35WvsYLA8REaqC","feePoolTokenAccount":"BE7YAYS49ofAhzq8npW1Fd873hq1FhqPA1oMJ15VNuvh","tokens":{"FMJotGUW16AzexRD3vXJQ94AL71cwrhtFaCTGtK1QHXm":{"tag":"","name":"","mint":"FMJotGUW16AzexRD3vXJQ94AL71cwrhtFaCTGtK1QHXm","addr":"CKaq4c2j1hs2NUEYJwLfnbTdzbqpHT2bxiBaE83V7LSk","scale":9},"EPjFWdd5AufqSSqeM2qN1xzybapC8G4wEGGkZwyTDt1v":{"tag":"","name":"","mint":"EPjFWdd5AufqSSqeM2qN1xzybapC8G4wEGGkZwyTDt1v","addr":"PoHxK2Bu3wA8CNdTY8zqu3QoEQLRkFTs5JyWGpUHaof","scale":6}},"tokenIds":["FMJotGUW16AzexRD3vXJQ94AL71cwrhtFaCTGtK1QHXm","EPjFWdd5AufqSSqeM2qN1xzybapC8G4wEGGkZwyTDt1v"],"fees":{"traderFee":{"numerator":20,"denominator":10000},"ownerFee":{"numerator":10,"denominator":10000}},"curveType":0,"curve":"36wKzy4D8EbGbnUzwZDM4xmTBUuBdEK4nLSrfFDdDJpt","poolPublicKey":"BLym42bGx7z7e2kpiVzjeG4HHap4puTRLhuNkmA7Gqqs","poolVersion":2}