{"lpTokenFreezeVault":"3xnsEbmNdymA9ZEVFbDEbWeLsD9PNtErUZh1Heva3sLm","poolMint":"ASYi4aikR4dP2jWmpb575nHSW4hmPfUAiv1eidM9nzKU","poolSigner":"HDpmY8zvg99bSzeZexNvybvS9TiSA2W7HkNpL2ZS1EBi","poolSignerNonce":255,"authority":"BqSGA2WdiQXA2cC1EdGDnVD615A4nYEAq49K3fz2hNBo","initializerAccount":"BqSGA2WdiQXA2cC1EdGDnVD615A4nYEAq49K3fz2hNBo","feeBaseAccount":"AYnybo4BMP2DwoD6cRf9fa5D3oDBdqyLzfLJFgGShFYN","feeQuoteAccount":"GyoZK9rkGo768C7x2BJciwH4YSpSB1QaFkHGWNTF8SE5","feePoolTokenAccount":"3V2AiBKBQZJpkNS9Z1EGFycWXpSJ1sR2mdG4qcb6KsQf","tokens":{"ErGB9xa24Szxbk1M28u2Tx8rKPqzL6BroNkkzk5rG4zj":{"tag":"","name":"","mint":"ErGB9xa24Szxbk1M28u2Tx8rKPqzL6BroNkkzk5rG4zj","addr":"2kM1zWSACLZgsTAM7tEW1Dz8SEKakr2UrMBuyUWcnSG9","scale":8},"EPjFWdd5AufqSSqeM2qN1xzybapC8G4wEGGkZwyTDt1v":{"tag":"","name":"","mint":"EPjFWdd5AufqSSqeM2qN1xzybapC8G4wEGGkZwyTDt1v","addr":"E9oQn3najh7rPHgfj4ziXFV5EiFto9XxiWbNjf93Z8oY","scale":6}},"tokenIds":["ErGB9xa24Szxbk1M28u2Tx8rKPqzL6BroNkkzk5rG4zj","EPjFWdd5AufqSSqeM2qN1xzybapC8G4wEGGkZwyTDt1v"],"fees":{"traderFee":{"numerator":20,"denominator":10000},"ownerFee":{"numerator":10,"denominator":10000}},"curveType":0,"curve":"FMtHZCmtqtYUHbviqY9RGGufYUZAshS92ch3BJyf6JYS","poolPublicKey":"BY6uQWjWopCcTjWvSMutiEBqY6r8Ny1rMnXyDP441NNw","poolVersion":1}