{"lpTokenFreezeVault":"ARv4ccYozczqbbVzTR9A9xqfCdkqvNfb3iyrDLwE8bVb","poolMint":"3eVRfwNAVsJPEX6AKc9nz4fsPbCSwWLFhR7UbTwxNsQV","poolSigner":"Dh7aS8azN6k9BbfFnEGBudEdNpyb78nYycsssNBm2Q9w","poolSignerNonce":255,"authority":"BqSGA2WdiQXA2cC1EdGDnVD615A4nYEAq49K3fz2hNBo","initializerAccount":"BqSGA2WdiQXA2cC1EdGDnVD615A4nYEAq49K3fz2hNBo","feeBaseAccount":"7EXoNzs6d2bYk8jzNWnBkG9hJjHew2j651DUY1zXAuCh","feeQuoteAccount":"Aoq4Umy455dPHPLcAqdqpMbuBVmx2nRMD4yJrVLoDWkT","feePoolTokenAccount":"5jmmiareDdZV7xQfef2xFo14oNHDxtVsyxPCLTJd7hFi","tokens":{"CJCP3V7SXYstwvqvhybosUgxJotZisAa2RuHVctFxQUf":{"tag":"","name":"","mint":"CJCP3V7SXYstwvqvhybosUgxJotZisAa2RuHVctFxQUf","addr":"82uvyr1x54cAZBURvDK89YY7s2tNr3RQE1EqpEghZYge","scale":4},"EPjFWdd5AufqSSqeM2qN1xzybapC8G4wEGGkZwyTDt1v":{"tag":"","name":"","mint":"EPjFWdd5AufqSSqeM2qN1xzybapC8G4wEGGkZwyTDt1v","addr":"FcAo5m1nKSRe7mcqGQgvfHGEEPzfbC6SH15vgQWBhqY7","scale":6}},"tokenIds":["CJCP3V7SXYstwvqvhybosUgxJotZisAa2RuHVctFxQUf","EPjFWdd5AufqSSqeM2qN1xzybapC8G4wEGGkZwyTDt1v"],"fees":{"traderFee":{"numerator":20,"denominator":10000},"ownerFee":{"numerator":10,"denominator":10000}},"curveType":0,"curve":"5WfUZv2sqJKYJWMuZCSuqjh773jGRA4gy1EjunPM7W3L","poolPublicKey":"C1ZyqeefJTN4u9aCrtUNn9xGeqRLENdUuoUz15YAGYBW","poolVersion":1}