{"lpTokenFreezeVault":"4Jrqqrte14JyWYMaPAn8DiqZzDNy42SvCkCmebXynH6E","poolMint":"EotLYRsnRVqR3euN24P9PMXCqJv1WLsV8kJxR9o1y4U7","poolSigner":"9DUrd1qRCvDKFDurh57mYwwU6YAKFyEbBubdNwzqhqZB","poolSignerNonce":253,"authority":"BqSGA2WdiQXA2cC1EdGDnVD615A4nYEAq49K3fz2hNBo","initializerAccount":"vSKUeRdjawKaEBZTD7tg6DzgD4agwfyPqEtRxBdfApb","feeBaseAccount":"8aSsFSWknBdMkxnyS6htUqnhfStjcKFpFRv1dZbjS3BN","feeQuoteAccount":"6sg2b38LxAT3c4LXtToNPQvkGUB71xB6vY7NKC3aZJfv","feePoolTokenAccount":"5B7GChioxf7VqDydQDLwabpfL1gajKySyEfG8eUHKmLu","tokens":{"mSoLzYCxHdYgdzU16g5QSh3i5K3z3KZK7ytfqcJm7So":{"tag":"","name":"","mint":"mSoLzYCxHdYgdzU16g5QSh3i5K3z3KZK7ytfqcJm7So","addr":"FE3PR8sbojxrxWoTzuLHhDX5hAXfPocS9wCruSJ2y7BF","scale":9},"MangoCzJ36AjZyKwVj3VnYU4GTonjfVEnJmvvWaxLac":{"tag":"","name":"","mint":"MangoCzJ36AjZyKwVj3VnYU4GTonjfVEnJmvvWaxLac","addr":"CJzgYvbf2pv6HiTu13ymSVDSRmVQFoF8rkFYvwDNWVJL","scale":6}},"tokenIds":["mSoLzYCxHdYgdzU16g5QSh3i5K3z3KZK7ytfqcJm7So","MangoCzJ36AjZyKwVj3VnYU4GTonjfVEnJmvvWaxLac"],"fees":{"traderFee":{"numerator":20,"denominator":10000},"ownerFee":{"numerator":10,"denominator":10000}},"curveType":0,"curve":"6MsqjMHX2zJT7qi3fVtwHJuMpaQcmVJQwwTW4KaDWm2h","poolPublicKey":"CAHchWN1xoxNvXmqmmj6U834ip585rXZbh9NkvE9vTea","poolVersion":1}