{"lpTokenFreezeVault":"BWsNRUsjyBEX6dwaDYbU8W5ey9RN5Dnaocmqw2JBjXQ6","poolMint":"AGjEUwBVwKn5D5N55cB91pMJoQVGbrHwQoWhLFsCfiLb","poolSigner":"2aFd1kLFg4emKcHBuVMdks82fbyhigao29xmTAWeyYnQ","poolSignerNonce":255,"authority":"BqSGA2WdiQXA2cC1EdGDnVD615A4nYEAq49K3fz2hNBo","initializerAccount":"3UMzN4qLwfcg1MqpnSn6oLZudxmrbjeMkWr3Qh6hFjgG","feeBaseAccount":"BusqLm76CmjKd9GVjKfa6eRpWKecsxvmX9Z2ScfFwpyZ","feeQuoteAccount":"5CievDx6fyMWmcpXxAg7cJavpDuD6ywSdSyS1hZMVxQV","feePoolTokenAccount":"D3vnqMvNfnN6zu1DHxPymgutamBKAE49rZ5WF6FCKp65","tokens":{"BQTN97PwrQGkbNepQxjvcYfRPYbPNgd5PqoioYwBt4qX":{"tag":"","name":"","mint":"BQTN97PwrQGkbNepQxjvcYfRPYbPNgd5PqoioYwBt4qX","addr":"EsDmT6iEgdpWNz77qc1rE1wAaYvgjj7DBkZYvzWhVdk1","scale":9},"So11111111111111111111111111111111111111112":{"tag":"","name":"","mint":"So11111111111111111111111111111111111111112","addr":"9qYAjFhpb2FmX7Dy27mb8a8wy8agtuRyMUcpiDoeQKRa","scale":9}},"tokenIds":["BQTN97PwrQGkbNepQxjvcYfRPYbPNgd5PqoioYwBt4qX","So11111111111111111111111111111111111111112"],"fees":{"traderFee":{"numerator":20,"denominator":10000},"ownerFee":{"numerator":10,"denominator":10000}},"curveType":0,"curve":"3HtDC9yWYPKZpf4pExNvoGPmKEMMA7Nwsx65hoqco1G7","poolPublicKey":"CcGdTfpZt6GrjSGaxRrLWsN2Y7jjMU8ETk7VaA1wihiy","poolVersion":2}