{"lpTokenFreezeVault":"BadKvRGV5gfrAFvMUvdczraETn1MsswDxVUbjitwef8x","poolMint":"CXQ8eqrcijTj2e6E3vHguVneVQ8K1TKEkh3gEi8DpTby","poolSigner":"7KvcUqq2HXkh7V81DJdorz2SXBhcjyP3zqENf8FLGxiP","poolSignerNonce":255,"authority":"BqSGA2WdiQXA2cC1EdGDnVD615A4nYEAq49K3fz2hNBo","initializerAccount":"APipLFSda8yjUaSMk69m8yA1KT6RE5MR1Ltso4ciirzW","feeBaseAccount":"WJEFs5RiJHHN9hZHZ2Q534Qs7ZH7d9gra65jE1yp94y","feeQuoteAccount":"2Hm2H8825wcsEuHzoMrps4D93r3CiQMwatLQyA3SBxcb","feePoolTokenAccount":"Aj4R98H7PRLQgbUq5M2PMd8HVaVoVYpxngDrtE1WUV8s","tokens":{"So11111111111111111111111111111111111111112":{"tag":"","name":"","mint":"So11111111111111111111111111111111111111112","addr":"6nFeDwH5LnaXg6KgfeY9inzvJcipiiyD8qkt8qyLGvNs","scale":9},"cPQm9UM1ekMeAgRcYGLfNcBC65SLA8o2BVTaBUA7kTg":{"tag":"","name":"","mint":"cPQm9UM1ekMeAgRcYGLfNcBC65SLA8o2BVTaBUA7kTg","addr":"AzqkiNoNC8ZhCsGiw2QpPQdjgLJZpKDy2biXs9wkSW1j","scale":9}},"tokenIds":["So11111111111111111111111111111111111111112","cPQm9UM1ekMeAgRcYGLfNcBC65SLA8o2BVTaBUA7kTg"],"fees":{"traderFee":{"numerator":20,"denominator":10000},"ownerFee":{"numerator":10,"denominator":10000}},"curveType":0,"curve":"bUf7NrYf8YKZL2vC5CAkXYuYDJNkB4H75kcywN58HSj","poolPublicKey":"CEiPR7Pwt3W75BEHJbyY9pTSjZKpWSPqK8v2Yag7jteq","poolVersion":2}