{"lpTokenFreezeVault":"5tKqaLfkwMCMqYQpFM2sCAsUmqFQNUK5bAFS9Yr15HqA","poolMint":"ADkd9NtJZu9r47JThmQfYRH6ZNT93RbfDQJAps8q6gu8","poolSigner":"EAyZjoYgufKbsWZfXKTJ3RKtEADmNgiopqzk89eznY4L","poolSignerNonce":255,"authority":"BqSGA2WdiQXA2cC1EdGDnVD615A4nYEAq49K3fz2hNBo","initializerAccount":"F54nHD2Ri63F25iy4Vf1YPLBo7oBEZTzXH9aRZzsnVh8","feeBaseAccount":"HEgQMZJNG88XrxusJbxCDMujzYGBoGLbyK1akZQqcubR","feeQuoteAccount":"Cjyn16AgY1gtQMZyEhp73CFRGMJELZqaxW1G935hJag","feePoolTokenAccount":"5jyyAb9weHh6Kua88obHDEezoQgSBA8d39E7ksoRe1rZ","tokens":{"7ScYHk4VDgSRnQngAUtQk4Eyf7fGat8P4wXq6e2dkzLj":{"tag":"","name":"","mint":"7ScYHk4VDgSRnQngAUtQk4Eyf7fGat8P4wXq6e2dkzLj","addr":"8HxNEgAQWZ64ombeCuvn39GgGj6EkJzrM74b7Abcz5UM","scale":9},"So11111111111111111111111111111111111111112":{"tag":"","name":"","mint":"So11111111111111111111111111111111111111112","addr":"8xptwh5ToFZGqfCUMPrmbPkxpFeGMX4a33VdMUjHvrEb","scale":9}},"tokenIds":["7ScYHk4VDgSRnQngAUtQk4Eyf7fGat8P4wXq6e2dkzLj","So11111111111111111111111111111111111111112"],"fees":{"traderFee":{"numerator":20,"denominator":10000},"ownerFee":{"numerator":10,"denominator":10000}},"curveType":0,"curve":"7NiPvyAahTv9KhC9bVGFwD1Ueyu5gFtttLx1HrijaAYu","poolPublicKey":"CJUaR3jguwqctj3BN3DZETwjaXFpRzrRMVhAAFjrHAP1","poolVersion":2}