{"lpTokenFreezeVault":"8KxAe3Bn1F83LvgnESvErz4YqRig2doC4JMbzh8hPDJM","poolMint":"BjpGBvu9N6Lym34oxK7yje29H4yyD1jZyMtd2VopojNM","poolSigner":"4rEFqmTGZRT8iTnnvcZoZck28FcycfGkhmWMr4dUXPDh","poolSignerNonce":255,"authority":"BqSGA2WdiQXA2cC1EdGDnVD615A4nYEAq49K3fz2hNBo","initializerAccount":"GQB7rFfWqbPLkkbfZEnPppmL8EJEFQ3qvwyGcH8dnS3U","feeBaseAccount":"Pkd9PRW9MQ7TNVcfhuqBBagazNRpM18t64KVjN4aA9N","feeQuoteAccount":"82a2hFkNx6MWmKBGvCK62RsV3rZ6nngKR93RbukfyUmm","feePoolTokenAccount":"2436DKQUMv6Y7qMhCv8Bn5xyADHoB6WPryxwYkwPs9qC","tokens":{"DK6PWMyuZ4NMjsm9AWNCTMKrajQYrtfMjMJ3QauX2UH5":{"tag":"","name":"","mint":"DK6PWMyuZ4NMjsm9AWNCTMKrajQYrtfMjMJ3QauX2UH5","addr":"J1rBUqiqhSyD53GkMoudyvMowYiSYdTtfucn7BLKAPvv","scale":9},"EPjFWdd5AufqSSqeM2qN1xzybapC8G4wEGGkZwyTDt1v":{"tag":"","name":"","mint":"EPjFWdd5AufqSSqeM2qN1xzybapC8G4wEGGkZwyTDt1v","addr":"At2WeZ81XNPJjpzu7mhjNsqJzQ9q9ormU8pGiqMStFr5","scale":6}},"tokenIds":["DK6PWMyuZ4NMjsm9AWNCTMKrajQYrtfMjMJ3QauX2UH5","EPjFWdd5AufqSSqeM2qN1xzybapC8G4wEGGkZwyTDt1v"],"fees":{"traderFee":{"numerator":20,"denominator":10000},"ownerFee":{"numerator":10,"denominator":10000}},"curveType":0,"curve":"9yzjgMPfC8hfU5Euii19QbfD61WRg7jamVEdpNEJoGHc","poolPublicKey":"CoQRLyNLkvKCMeEmcEieFw3QqK3Fudc6VfvJNvVkbLtQ","poolVersion":2}