{"lpTokenFreezeVault":"HtHnJ8zK7qnJ1GnZH1feLAxWVWLAia9uSJRgjfGM6Y9w","poolMint":"7bDRyQyvsfjXy9kPvj6fj2W6bX6cgEH5gCPa9Ln5fCKU","poolSigner":"Gitrw1jCqgVVSU2QMceQUgPkeq7eceaFz6kTHrSsdwkK","poolSignerNonce":255,"authority":"BqSGA2WdiQXA2cC1EdGDnVD615A4nYEAq49K3fz2hNBo","initializerAccount":"BqSGA2WdiQXA2cC1EdGDnVD615A4nYEAq49K3fz2hNBo","feeBaseAccount":"Etz6xvfL4GBtWmzBkcGSpvjWcGSEvv5jJJ5dtmhiT7io","feeQuoteAccount":"8D9TdLa1TaUneY14K6PuR7WEQ94JXsTSwXzStpwSv8rs","feePoolTokenAccount":"AA3q8K2r3Xw7RDHGsFW9WKJngFK8PBL4uCg8LbR4fgzR","tokens":{"72hgmvS5zFxaFJfMizq6Gp4gjBqXjTPyX9GDP38krorQ":{"tag":"","name":"","mint":"72hgmvS5zFxaFJfMizq6Gp4gjBqXjTPyX9GDP38krorQ","addr":"B28c5qZBhLMy3PKMNfbWGjYNfi2C9fEPXyUQzFmmj6hR","scale":9},"EPjFWdd5AufqSSqeM2qN1xzybapC8G4wEGGkZwyTDt1v":{"tag":"","name":"","mint":"EPjFWdd5AufqSSqeM2qN1xzybapC8G4wEGGkZwyTDt1v","addr":"4vUZ5eQPqvKMjr1SevQjBi5mwp8MHxsKozKYJ7uwmbs3","scale":6}},"tokenIds":["72hgmvS5zFxaFJfMizq6Gp4gjBqXjTPyX9GDP38krorQ","EPjFWdd5AufqSSqeM2qN1xzybapC8G4wEGGkZwyTDt1v"],"fees":{"traderFee":{"numerator":20,"denominator":10000},"ownerFee":{"numerator":10,"denominator":10000}},"curveType":0,"curve":"6TaiWLH9qA6tQyzdqxUz4D7YYXuxKsQMbLu1mLZFheZf","poolPublicKey":"DyoosXiS4F1ujmY4XX6t5i1EzXQ3vtuqXfKp4atrSCqR","poolVersion":1}