{"lpTokenFreezeVault":"D1BaMTkzj63nGCz1K9capoduKCw2siYuZ49pf7yNaVpW","poolMint":"BE7eTJ8DB7xTu6sKsch4gWDCXbD48PLGesRLx7E1Qce4","poolSigner":"Ehg4rNRFdUqBPChphJwVLrftTTmimiTwRyQCAVpoRJKc","poolSignerNonce":255,"authority":"BqSGA2WdiQXA2cC1EdGDnVD615A4nYEAq49K3fz2hNBo","initializerAccount":"vSKUeRdjawKaEBZTD7tg6DzgD4agwfyPqEtRxBdfApb","feeBaseAccount":"HwM9kyaaEmYKs656hYFaJ3gkopEWc6btpSyFopobsEib","feeQuoteAccount":"97mPccRaRL8zURNWAy4yDPQo3maqiaZM5L1XZ4iZWrbz","feePoolTokenAccount":"5BaSDGgKtpQmjhc5Bc2HBqkvLPo5LBFTrWSKAwKRh9y3","tokens":{"mSoLzYCxHdYgdzU16g5QSh3i5K3z3KZK7ytfqcJm7So":{"tag":"","name":"","mint":"mSoLzYCxHdYgdzU16g5QSh3i5K3z3KZK7ytfqcJm7So","addr":"29jNBEn9VEvM5ppVLGThrGc7ExnT3WyNhYyqbizpyNFK","scale":9},"9vMJfxuKxXBoEa7rM12mYLMwTacLMLDJqHozw96WQL8i":{"tag":"","name":"","mint":"9vMJfxuKxXBoEa7rM12mYLMwTacLMLDJqHozw96WQL8i","addr":"6RmiUpwLquyQWVMeYx4oktQvtCuUH48fzRMwbC5kUa4h","scale":6}},"tokenIds":["mSoLzYCxHdYgdzU16g5QSh3i5K3z3KZK7ytfqcJm7So","9vMJfxuKxXBoEa7rM12mYLMwTacLMLDJqHozw96WQL8i"],"fees":{"traderFee":{"numerator":20,"denominator":10000},"ownerFee":{"numerator":10,"denominator":10000}},"curveType":0,"curve":"An5iobiWTubreGL8WQCRZ12ZTdfbtUQzbczig23EJyRY","poolPublicKey":"EnKhda5n5LYbZjPv7d7WChkSXzo5RgV8eSVVkGCXsQUn","poolVersion":1}