{"lpTokenFreezeVault":"69tySj8aNz15v6L7FQrdkJovV49pSZypL8ZuKFeHReGf","poolMint":"3gigDvmgCuz2gWRhr6iSxH1gCd1k4LpYoUsxEjLWJcLB","poolSigner":"L1fxoccpJmnqwewtmJWxD4kR9UeQFtUviAFbKhSpby3","poolSignerNonce":255,"authority":"BqSGA2WdiQXA2cC1EdGDnVD615A4nYEAq49K3fz2hNBo","initializerAccount":"BqSGA2WdiQXA2cC1EdGDnVD615A4nYEAq49K3fz2hNBo","feeBaseAccount":"GoJVjJXtfUTcFfVYEuq8mc7TPbk8djeoR1QRhaDamMR6","feeQuoteAccount":"2dR2x5qZa49tdCokQYJUeaCTKc22kAfQ62N4c47NV482","feePoolTokenAccount":"6Xa3FCMqHoaSrw9a4mdoXiJQDFwtcgokmtDpw2XwdqDv","tokens":{"Ce3PSQfkxT5ua4r2JqCoWYrMwKWC5hEzwsrT9Hb7mAz9":{"tag":"","name":"","mint":"Ce3PSQfkxT5ua4r2JqCoWYrMwKWC5hEzwsrT9Hb7mAz9","addr":"A9FRb9MyAipfzEwkbF5euJ2dE7Bcj1GHBhdSdN8KBkoE","scale":9},"EPjFWdd5AufqSSqeM2qN1xzybapC8G4wEGGkZwyTDt1v":{"tag":"","name":"","mint":"EPjFWdd5AufqSSqeM2qN1xzybapC8G4wEGGkZwyTDt1v","addr":"EVdVfqSEhumJmL3adAs4qCpEGGBGUoTdqG1krqMDboi4","scale":6}},"tokenIds":["Ce3PSQfkxT5ua4r2JqCoWYrMwKWC5hEzwsrT9Hb7mAz9","EPjFWdd5AufqSSqeM2qN1xzybapC8G4wEGGkZwyTDt1v"],"fees":{"traderFee":{"numerator":20,"denominator":10000},"ownerFee":{"numerator":10,"denominator":10000}},"curveType":0,"curve":"9d4X9oYw8dt9Ym7n53YB5Rnuf6ujSkrPwV6jdvpSdHvK","poolPublicKey":"F5MWosWE681D32N5QHbWWaJrXaMAD2PHhDsEr2Sac56X","poolVersion":1}