{"lpTokenFreezeVault":"EsqbYRs2w2M9pEGPn18Rxxbpq5MetEjwJQE94VB26SnN","poolMint":"CVzqCTmb9yJqQyjLBgpUEpZsXZe8gUibrkcCNfX67B7T","poolSigner":"9vyUu4p6SpQLf7uVDXNv1Qf4MWy1vaoHr1hnfMMFj8P3","poolSignerNonce":255,"authority":"BqSGA2WdiQXA2cC1EdGDnVD615A4nYEAq49K3fz2hNBo","initializerAccount":"Ar9GD9kKQtRkNdGCpsMtdQ6e1TUkaAaW9W2TXoKvGsag","feeBaseAccount":"8AEEDRDezYsUV5UJeTceDPoJzoW7bj8HRhWG1VMDqECw","feeQuoteAccount":"AcSfrJ6tmZzr2WaqdEeEgEj16UXHHUTaYwqg7UtyhJB3","feePoolTokenAccount":"AsA2zsNX4oVvyHmngRAqzXVYFjd7yXRiFxxeuF4yb1bY","tokens":{"nYDqQVEaQxLYLh8B8oAFXziMT1bcGrAVigZPL1s3dKc":{"tag":"","name":"","mint":"nYDqQVEaQxLYLh8B8oAFXziMT1bcGrAVigZPL1s3dKc","addr":"GiKpVSLemKfNRNyzmBdMd37cByPHMZhwtG3Tqmck7tWb","scale":9},"So11111111111111111111111111111111111111112":{"tag":"","name":"","mint":"So11111111111111111111111111111111111111112","addr":"H7TTEPJ89Ak36kFhCKBN3fPb2LJjPaMbYje2nTK9VXJt","scale":9}},"tokenIds":["nYDqQVEaQxLYLh8B8oAFXziMT1bcGrAVigZPL1s3dKc","So11111111111111111111111111111111111111112"],"fees":{"traderFee":{"numerator":20,"denominator":10000},"ownerFee":{"numerator":10,"denominator":10000}},"curveType":0,"curve":"FcUwk5Kz282HaJyiLTbyWMFqhiDwnPFLu6dDGoHNJW9W","poolPublicKey":"F75Kq26UWrVukEeRbDNs5ebQpXz8nqGf7qfqgkSssFmh","poolVersion":2}