{"lpTokenFreezeVault":"8NXpcWyxzw7X5z3rJ3evu9aduJy5nugE8JhGCscCei9r","poolMint":"77qHkg6TEe4FuZAr35bthTEadmT4ueWe1xomFFZkwiGQ","poolSigner":"DDaam4p6qWNHA4dzzTA2oXWRFg7URmMsifiLyk6ZeszX","poolSignerNonce":253,"authority":"BqSGA2WdiQXA2cC1EdGDnVD615A4nYEAq49K3fz2hNBo","initializerAccount":"vSKUeRdjawKaEBZTD7tg6DzgD4agwfyPqEtRxBdfApb","feeBaseAccount":"DnS9BFHycrqR6WP5u5xHvM5SVVVEwLDcQkoVPzjqaWvV","feeQuoteAccount":"Cv7JdsSABBdg1N6ywRHw3TG5GSViALdzFuy74PoHTroW","feePoolTokenAccount":"7Ez9ksf7wkT8NfCBqXBEJmMyRraee9hTexLjL1gNjB8J","tokens":{"mSoLzYCxHdYgdzU16g5QSh3i5K3z3KZK7ytfqcJm7So":{"tag":"","name":"","mint":"mSoLzYCxHdYgdzU16g5QSh3i5K3z3KZK7ytfqcJm7So","addr":"4aiKnDHFmNnLsopVsDyRBh8sbVohZYgdGzh3P9orpqNB","scale":9},"Es9vMFrzaCERmJfrF4H2FYD4KCoNkY11McCe8BenwNYB":{"tag":"","name":"","mint":"Es9vMFrzaCERmJfrF4H2FYD4KCoNkY11McCe8BenwNYB","addr":"HFHGsYQyni5gFMGudaHWpRzN5CejNpHr42PfQ4D6aGZM","scale":6}},"tokenIds":["mSoLzYCxHdYgdzU16g5QSh3i5K3z3KZK7ytfqcJm7So","Es9vMFrzaCERmJfrF4H2FYD4KCoNkY11McCe8BenwNYB"],"fees":{"traderFee":{"numerator":20,"denominator":10000},"ownerFee":{"numerator":10,"denominator":10000}},"curveType":0,"curve":"8v72VuXqyZC4z2CyXcA342yG2yx57veBfcJDcahd7A6J","poolPublicKey":"FC4sYMpsMvdsq8hHMEtmWA8xN25W71t2c7RycU5juX35","poolVersion":1}