{"lpTokenFreezeVault":"5aUrig1nynWhaE55rHZthiesdfVEtJuh96F8RDC3EBzy","poolMint":"2aNqyHAHXVTv6N5dTLejy1ZZQL9wAw56DJncbkFkPxAt","poolSigner":"APQdmcXy55zYKJ7S4m3iKi4UYKcmY94WBUTc79gApZ1U","poolSignerNonce":255,"authority":"BqSGA2WdiQXA2cC1EdGDnVD615A4nYEAq49K3fz2hNBo","initializerAccount":"BHXGRMVzUoAoaHmxXmoKe7SYq1N5uDcxHprj7utL5MbM","feeBaseAccount":"A6EG4cvX4XQBxhhLWy7tsQirDWPE5HjNzDde7eY1Y2At","feeQuoteAccount":"EkSkjGhy68y1MdUPsA4xKpYGQCN28Qh9HFZWk1ggrvwH","feePoolTokenAccount":"EEBuqNxHLK6ya7tJyp1GFwfYUCQAQEKdrDmbwYLiUgkS","tokens":{"EZF2sPJRe26e8iyXaCrmEefrGVBkqqNGv9UPGG9EnTQz":{"tag":"","name":"","mint":"EZF2sPJRe26e8iyXaCrmEefrGVBkqqNGv9UPGG9EnTQz","addr":"4JRZXA2sveECnwo8e4WGdqqRPZFREfmXwpXuryaFyfBD","scale":9},"Es9vMFrzaCERmJfrF4H2FYD4KCoNkY11McCe8BenwNYB":{"tag":"","name":"","mint":"Es9vMFrzaCERmJfrF4H2FYD4KCoNkY11McCe8BenwNYB","addr":"EcJ6nJ2314Y861D6Rm88MK3vSyt5VjgYo5A2LXjw88Mu","scale":6}},"tokenIds":["EZF2sPJRe26e8iyXaCrmEefrGVBkqqNGv9UPGG9EnTQz","Es9vMFrzaCERmJfrF4H2FYD4KCoNkY11McCe8BenwNYB"],"fees":{"traderFee":{"numerator":20,"denominator":10000},"ownerFee":{"numerator":10,"denominator":10000}},"curveType":0,"curve":"864yhDN19YZNnGHroXEhFSFHYD7cYBDS6ZribDCLLQZn","poolPublicKey":"Fg2oYC9a91S4BXuWnCPGhAheusK9fsjf5HspMbfRvpaE","poolVersion":2}