{"lpTokenFreezeVault":"7Rixc34J4ZGzvH4MGJotPvtePVdRDSiQH8819piWHj1A","poolMint":"2Zo5eAHzspkctYRWc92PNtudiotmV3yFnwmM62dt7qm4","poolSigner":"Ets13PQXrRX5p7ePLSe2CNEEsLRRd8kehfQ3wHK46uca","poolSignerNonce":253,"authority":"BqSGA2WdiQXA2cC1EdGDnVD615A4nYEAq49K3fz2hNBo","initializerAccount":"UbikUUbtoiqhFja1HYgEWT14nBacq6YwQSpestvRKQQ","feeBaseAccount":"EFceVpkAiQsGWo8Cw9dmDXzGkaPnFqTaHqm1YDFQgrkX","feeQuoteAccount":"FMWAAgwrT3KAVyWhKKfu2XuiP286vco7cAotoWGtJ1os","feePoolTokenAccount":"HTadoWtdX52N96xLjBU57DUpgXKV8yDan1x7a9TzbsF9","tokens":{"9iz45n44TQUPyoRymdZXEunqvZUksZyhzS6zQ7sLMadj":{"tag":"","name":"","mint":"9iz45n44TQUPyoRymdZXEunqvZUksZyhzS6zQ7sLMadj","addr":"Hzky8TSXYNwUzX2e6Apjhw4NmJ4GM1VP63r8bGjzZjGE","scale":9},"So11111111111111111111111111111111111111112":{"tag":"","name":"","mint":"So11111111111111111111111111111111111111112","addr":"28R7Brwq9AHrEWDaXYkNVmEZ7f3gnZRS7Pvd85iBCZNh","scale":9}},"tokenIds":["9iz45n44TQUPyoRymdZXEunqvZUksZyhzS6zQ7sLMadj","So11111111111111111111111111111111111111112"],"fees":{"traderFee":{"numerator":20,"denominator":10000},"ownerFee":{"numerator":10,"denominator":10000}},"curveType":0,"curve":"GjXgwBeK4GV5798YnPXUzi6jYvmknBbAv9HvnE6XgVZR","poolPublicKey":"FyaQLLLegdxDxqAM8TJrJ2XjRDEdo7a5xf2hB2jBra6n","poolVersion":2}