{"lpTokenFreezeVault":"9z7gUd914xjwqCgrJBjnPFrN7MNRzyPkASW16yV9EC12","poolMint":"Gh6fJUuWsHsJvn2L11z2gBwXw5iHdvXhkrvfMcikD7YA","poolSigner":"58Y2NsKmTwLQNuf1vr5LwTi1Fm3ovMEJSYJp7VziomGJ","poolSignerNonce":255,"authority":"BqSGA2WdiQXA2cC1EdGDnVD615A4nYEAq49K3fz2hNBo","initializerAccount":"4eQvnqXw82BZ2rx1AhdZ3JdwboA6Q7TNkbL34M4p6oMH","feeBaseAccount":"2cCRwokNHTNEEh3XrTg3cr8efYo63vDcUio42dvs7qji","feeQuoteAccount":"3QbemLe1yKQX1Vn3yGZ7Yn2jD9D3enAgEVZRagaNkDSd","feePoolTokenAccount":"7eZ54Tjgif2K32DpJTsdCoDozd3c1WE8bD2koWk1E7Pi","tokens":{"DiWunPY8GfsFthdDAwiRRtCgKCB5AEcFx9edDpxZoTyo":{"tag":"","name":"","mint":"DiWunPY8GfsFthdDAwiRRtCgKCB5AEcFx9edDpxZoTyo","addr":"61rVgHBuK29jaEukPvayQyfMjN6cvMzYiQjVgWLRSAK4","scale":9},"EPjFWdd5AufqSSqeM2qN1xzybapC8G4wEGGkZwyTDt1v":{"tag":"","name":"","mint":"EPjFWdd5AufqSSqeM2qN1xzybapC8G4wEGGkZwyTDt1v","addr":"94b1FiVmr3QUmVh8DwUm7SHienwVDsW7BhyzPtwct5Zh","scale":6}},"tokenIds":["DiWunPY8GfsFthdDAwiRRtCgKCB5AEcFx9edDpxZoTyo","EPjFWdd5AufqSSqeM2qN1xzybapC8G4wEGGkZwyTDt1v"],"fees":{"traderFee":{"numerator":20,"denominator":10000},"ownerFee":{"numerator":10,"denominator":10000}},"curveType":0,"curve":"vg3sjTrckpRwcdANVf81Ary6BFD3chSrWPdvasbpmwU","poolPublicKey":"FZKYeYPqyJcjLdLEoUR3UrVpSzR46LB2Lop5dcNV2WZR","poolVersion":2}