{"lpTokenFreezeVault":"9C5eCybyT56tmM5US8cUgDT26Y7KD42TxwngvkobWRXo","poolMint":"9R54sad1FfayTr7rHwmMgg2ijC9H8rp1QC69Tb5LTtas","poolSigner":"77vPEdqjumePwzrRv6CA6keGBc7gGZmdi3DwfGYsdnag","poolSignerNonce":255,"authority":"BqSGA2WdiQXA2cC1EdGDnVD615A4nYEAq49K3fz2hNBo","initializerAccount":"AhJp6iPSwKvn3bvfYjV2TzHkpkJa7RmeTxN1wqBk6D8w","feeBaseAccount":"8Q14oFpu7SEHtG1B2UqgN77e9Wuwz84tfFWmCzRkuD4t","feeQuoteAccount":"HUh41WmxBU68kdJ6aDJpNkh1JirhSJSy3eaewFFtPE1q","feePoolTokenAccount":"6o9PhHWa2DiYgQN5ckwg5x7cq6TbuFpHGC5khLFgyp1v","tokens":{"8fd5eUPMNHuyKRshFbfmKRAm2gowJ75m8WjT7tLio6J3":{"tag":"","name":"","mint":"8fd5eUPMNHuyKRshFbfmKRAm2gowJ75m8WjT7tLio6J3","addr":"2Y4Sh7fR18B6zqg4hK5zGPYWpCrSFyoDas1ghVUvFGJo","scale":9},"EPjFWdd5AufqSSqeM2qN1xzybapC8G4wEGGkZwyTDt1v":{"tag":"","name":"","mint":"EPjFWdd5AufqSSqeM2qN1xzybapC8G4wEGGkZwyTDt1v","addr":"HHKnuTgzoLbDHLVp39CxAXvFonWn3RJDXx86ndfNQou6","scale":6}},"tokenIds":["8fd5eUPMNHuyKRshFbfmKRAm2gowJ75m8WjT7tLio6J3","EPjFWdd5AufqSSqeM2qN1xzybapC8G4wEGGkZwyTDt1v"],"fees":{"traderFee":{"numerator":20,"denominator":10000},"ownerFee":{"numerator":10,"denominator":10000}},"curveType":0,"curve":"G4qpEMBWKVpqVpSJfwR4nwzHAJmLaBStXCQ4DDvKSBb9","poolPublicKey":"GLBEk15TbEiY89U7K5hac5aRob26ai2cqgqCjLabnkBN","poolVersion":2}