{"lpTokenFreezeVault":"5bW9p7bm3xfgwuNoHEkJfaCWpTjpsomD5yjDSZUzwMyn","poolMint":"9eaLJfp4Kkw2h4fmZMBTn6PBj31rDDvgKBguansxYZso","poolSigner":"EmoH2RxCAZXnFNUYG2VQP76fTLbLfoy9nFsd2w8xhPqm","poolSignerNonce":254,"authority":"BqSGA2WdiQXA2cC1EdGDnVD615A4nYEAq49K3fz2hNBo","initializerAccount":"6YmJ2gKaYQNVTVTUVjtrYYeW22hvdo7AvVg9xAWwUGWe","feeBaseAccount":"AZy24fMDrn6JTJrLf9HEEmP1tMjdFZnsxDnp3XSpjqV3","feeQuoteAccount":"HpCV4cHjWPk36dMS62f9eUBTqwrGaU2Na3z4Cmj49UGi","feePoolTokenAccount":"EecLCYpjJaESddM4rQhQQowKs8PXDQ9oVoMCESfMFQ9U","tokens":{"5S2uwGaiCYX4tXq9wfSH44SbXTQUF2n2sanJJ2o1djXr":{"tag":"","name":"","mint":"5S2uwGaiCYX4tXq9wfSH44SbXTQUF2n2sanJJ2o1djXr","addr":"5sNHCJLrDCLpi5fjHMLqnrrhdjd7Qfcp5BoSoLU9ihCG","scale":9},"So11111111111111111111111111111111111111112":{"tag":"","name":"","mint":"So11111111111111111111111111111111111111112","addr":"ApX9mMfmWm3DaoFca12tq5S15UM2CsF4aSCwDBGoFyYX","scale":9}},"tokenIds":["5S2uwGaiCYX4tXq9wfSH44SbXTQUF2n2sanJJ2o1djXr","So11111111111111111111111111111111111111112"],"fees":{"traderFee":{"numerator":20,"denominator":10000},"ownerFee":{"numerator":10,"denominator":10000}},"curveType":0,"curve":"B35Genbt3U4sXC1or5mJ421jZFegAkvbrfgiudsCGbMn","poolPublicKey":"GLHTSb4gjeBybEQ36NWGhnB48MmdppmVVUqc3SH7rYzN","poolVersion":2}