{"lpTokenFreezeVault":"FmN7a6K2YsP68nsSbbajGmt2sxYxYiFVv3b7on23K2MZ","poolMint":"5Q2j4GxY4Q4Ek2EkNFDk8ffeQkCdYRDVmbQ9rLvw8b2v","poolSigner":"3ztDZxLiLio1xhhKwJZo7GCUVuN32dingnZDxnxRxXtC","poolSignerNonce":254,"authority":"BqSGA2WdiQXA2cC1EdGDnVD615A4nYEAq49K3fz2hNBo","initializerAccount":"FUj13QZHBbgy1B3vXKw151pVvDB1GDxJ2QQGHSxqp2J7","feeBaseAccount":"BHvQ8gxpCugGuUBegWyxDwDiLUyTDwvxUanxzR8Vbovm","feeQuoteAccount":"6TJUhfb73fMsqdNXDCwSfCYc4BZEVyfnA9Ph7qXhmGLD","feePoolTokenAccount":"84Cz8v1kbxfcH3N4f1jhfR5hE47CuEWDSfoMikzTDWWh","tokens":{"boomh1LQnwDnHtKxWTFgxcbdRjPypRSjdwxkAEJkFSH":{"tag":"","name":"","mint":"boomh1LQnwDnHtKxWTFgxcbdRjPypRSjdwxkAEJkFSH","addr":"6EAwznt7ptZWimkLafAeiwWp7oH8FiHqzkyon1cXKtLa","scale":9},"EPjFWdd5AufqSSqeM2qN1xzybapC8G4wEGGkZwyTDt1v":{"tag":"","name":"","mint":"EPjFWdd5AufqSSqeM2qN1xzybapC8G4wEGGkZwyTDt1v","addr":"6goo9hhQtZtTcnsV7zJpPfCZucEX8jAH4WPpnju9F4tJ","scale":6}},"tokenIds":["boomh1LQnwDnHtKxWTFgxcbdRjPypRSjdwxkAEJkFSH","EPjFWdd5AufqSSqeM2qN1xzybapC8G4wEGGkZwyTDt1v"],"fees":{"traderFee":{"numerator":20,"denominator":10000},"ownerFee":{"numerator":10,"denominator":10000}},"curveType":0,"curve":"C7SGsFCvSdWacQnwNosJf19yQ4HGNVNLvVbKRLzKb379","poolPublicKey":"GPEuwLtSX3VgBsfcjMJaM7XrVGoEwhSzrWB6m3qEmX2y","poolVersion":2}