{"lpTokenFreezeVault":"ERMstpiFX8U64WttKkouMfKVMje7HYfL4YVGkEvhAqcY","poolMint":"9kUXaJvZMqTAcX9qiug9KstYpA2PJv41d9Mxz8nuD44n","poolSigner":"D64jKdq1FaRuSarGZsYWNwdq1AvPxKEjMB1QqQ7AaTsk","poolSignerNonce":254,"authority":"BqSGA2WdiQXA2cC1EdGDnVD615A4nYEAq49K3fz2hNBo","initializerAccount":"E8f3kZYCzsxhyYzCw9uJ7oSMsgrt6uKRc3HXp6bLoGSZ","feeBaseAccount":"3gnjBde6hmGXArt8kjzubzDqGjVJSpL2U8h1keLiuby8","feeQuoteAccount":"JERFRKUaK3Yq6QXKTUcwJyqeMnjWYBMgaTsTgEEmsCq","feePoolTokenAccount":"Aq35jvpCXb1ruzKQnBh1tK7NRcNMTXBChGLp7f4ugcNP","tokens":{"D6dC2EUKzCxc9Hpo1V9EL3Zej3aBR6syTeXGVySNjQHm":{"tag":"","name":"","mint":"D6dC2EUKzCxc9Hpo1V9EL3Zej3aBR6syTeXGVySNjQHm","addr":"9k9nybm7TcYepSbyVn24hNd8YLfVQPY8KqJgqCKWzfNj","scale":8},"EPjFWdd5AufqSSqeM2qN1xzybapC8G4wEGGkZwyTDt1v":{"tag":"","name":"","mint":"EPjFWdd5AufqSSqeM2qN1xzybapC8G4wEGGkZwyTDt1v","addr":"J1NHmVs5pHA4Bwe8Ew97BTc3r7KXWupCcJV3EEEBu4sP","scale":6}},"tokenIds":["D6dC2EUKzCxc9Hpo1V9EL3Zej3aBR6syTeXGVySNjQHm","EPjFWdd5AufqSSqeM2qN1xzybapC8G4wEGGkZwyTDt1v"],"fees":{"traderFee":{"numerator":20,"denominator":10000},"ownerFee":{"numerator":10,"denominator":10000}},"curveType":0,"curve":"8uhxXMddSJzehmswMsUncyRjrDcCP5gbUkMRR38GR9JQ","poolPublicKey":"GSoVeHhspDoazdkVRgYKC6KpX1PxkaJgJQ6TdgGVZYLm","poolVersion":2}