{"lpTokenFreezeVault":"EGhCdED55vVcYGAaKXMeb3WAgY1SNQRwJdV97zWAGnUG","poolMint":"Gathk79qZfJ4G36M7hiL3Ef1P5SDt7Xhm2C1vPhtWkrw","poolSigner":"Am3uR54kpN4jhqSD6FdZ766EumXjw6BgHk6jTyjebZDJ","poolSignerNonce":250,"authority":"BqSGA2WdiQXA2cC1EdGDnVD615A4nYEAq49K3fz2hNBo","initializerAccount":"vSKUeRdjawKaEBZTD7tg6DzgD4agwfyPqEtRxBdfApb","feeBaseAccount":"BiGYVLd5pWF2eEFTaAwoqM6D16Ci6QCayDXJb6a3zijf","feeQuoteAccount":"7kYYKH5PeJjbT7aTYY2ePKs6Ubu4sCb1URbw7pRQkFEt","feePoolTokenAccount":"4gRcWzqpdwuqMDJ13bfuXdW2pscQDggN2YTytyxWuuoX","tokens":{"E5ndSkaB17Dm7CsD22dvcjfrYSDLCxFcMd6z8ddCk5wp":{"tag":"","name":"","mint":"E5ndSkaB17Dm7CsD22dvcjfrYSDLCxFcMd6z8ddCk5wp","addr":"8YuEKfvSwcfNKvdoHijzrUAgEeevj4529m8SddSYQ8FV","scale":9},"EPjFWdd5AufqSSqeM2qN1xzybapC8G4wEGGkZwyTDt1v":{"tag":"","name":"","mint":"EPjFWdd5AufqSSqeM2qN1xzybapC8G4wEGGkZwyTDt1v","addr":"5P7J5sPvJmdnNX4JuhGDsNRnTihVMY8q4dHHbbmQUouJ","scale":6}},"tokenIds":["E5ndSkaB17Dm7CsD22dvcjfrYSDLCxFcMd6z8ddCk5wp","EPjFWdd5AufqSSqeM2qN1xzybapC8G4wEGGkZwyTDt1v"],"fees":{"traderFee":{"numerator":20,"denominator":10000},"ownerFee":{"numerator":10,"denominator":10000}},"curveType":0,"curve":"B4DV7wbGEKYuTqFG9j9czUHuxoViYcKHnKY7Lg8cEWvr","poolPublicKey":"Gubmyfw5Ekdp4pkXk9be5yNckSgCdgd7JEThx8SFzCQQ","poolVersion":1}