{"lpTokenFreezeVault":"8QMzuydYLmYvHvYZnHEWuwzSnpKTUaSM1WigXU5Mkeow","poolMint":"CbbkTLzWk366JrPcPz3kQshSGukAEgb6YWaxG9sGj7bd","poolSigner":"8ErLbNG3GZJLerx1CAzWnMLgxfbaa5m9ixHYR3SkqS4s","poolSignerNonce":254,"authority":"BqSGA2WdiQXA2cC1EdGDnVD615A4nYEAq49K3fz2hNBo","initializerAccount":"8VgfiXWzPjXUWzikdUc1R9WuYw6v6Ab3vCZXXUbhfPf1","feeBaseAccount":"DN35Qd1dMTZPWmDFtV7G5f4AQuG7eZWVKULyfrdASq1j","feeQuoteAccount":"Bd3qZNXYMCSMohfx2vitsESF1z3yy7k9pg3eQPwysCXq","feePoolTokenAccount":"Ars5Pvkgsodc5tePUza5YrKrZCphuZJ7AsS9oS4t2zx7","tokens":{"3m7A2A8HHdqmiDrjAfaddj7Hxd88FrBHA1KSoqjoELtu":{"tag":"","name":"","mint":"3m7A2A8HHdqmiDrjAfaddj7Hxd88FrBHA1KSoqjoELtu","addr":"3rCAt3eErL8fJGKTdAXqvi7Fi1GKGtULh4QkvPUbesbZ","scale":6},"EPjFWdd5AufqSSqeM2qN1xzybapC8G4wEGGkZwyTDt1v":{"tag":"","name":"","mint":"EPjFWdd5AufqSSqeM2qN1xzybapC8G4wEGGkZwyTDt1v","addr":"2TX1cMbHhpFgtiXk398B741w3XkgAT527tUNiQv4oZcM","scale":6}},"tokenIds":["3m7A2A8HHdqmiDrjAfaddj7Hxd88FrBHA1KSoqjoELtu","EPjFWdd5AufqSSqeM2qN1xzybapC8G4wEGGkZwyTDt1v"],"fees":{"traderFee":{"numerator":20,"denominator":10000},"ownerFee":{"numerator":10,"denominator":10000}},"curveType":0,"curve":"o8nuMGne1hT3XwZRbGXhtSNpDUbVDBpyL2witqTb5Sd","poolPublicKey":"GuuJ9vfwpCuA3ZuxKSvpZqQaPUULE86u3yKWEit8RKGf","poolVersion":2}