{"lpTokenFreezeVault":"8T6KCYAY7RmCsToCAdRupJWkpgLeBgQkuaFjbcmaGJ1d","poolMint":"HxdeeyNXMbSQj63apwTj97Gnhq1MrGhi72eQKXdJajU6","poolSigner":"DcCUfFCXXs2YUWku35F5YBjKWuUxaBdcukNs8eN6eV6k","poolSignerNonce":251,"authority":"BqSGA2WdiQXA2cC1EdGDnVD615A4nYEAq49K3fz2hNBo","initializerAccount":"3UMzN4qLwfcg1MqpnSn6oLZudxmrbjeMkWr3Qh6hFjgG","feeBaseAccount":"HMntUXy7DNJV6TjHVURvgMx3ktKYd9KohKeTpB9qvLVM","feeQuoteAccount":"FavLPCUtcnEadLPW2GZuW9kxXZiWtTAySvbmuo8VtMVR","feePoolTokenAccount":"C76dtNU3jA99Y9QagkEXWgPdP6qnKDk3MU8EXvPPQSEG","tokens":{"6vVD6QjoFjghKhXQtSc2yTSQaGTBxcUGnWfjnzbeeENK":{"tag":"","name":"","mint":"6vVD6QjoFjghKhXQtSc2yTSQaGTBxcUGnWfjnzbeeENK","addr":"4tSkj5abjAqTT3F4mDZyBdbSMErMWDiiYL9o7iU7SQ4m","scale":6},"So11111111111111111111111111111111111111112":{"tag":"","name":"","mint":"So11111111111111111111111111111111111111112","addr":"7WLXLDdcfYareqzME1LeiPtcD73L9gDv2QJu6jxbCPvs","scale":9}},"tokenIds":["6vVD6QjoFjghKhXQtSc2yTSQaGTBxcUGnWfjnzbeeENK","So11111111111111111111111111111111111111112"],"fees":{"traderFee":{"numerator":20,"denominator":10000},"ownerFee":{"numerator":10,"denominator":10000}},"curveType":0,"curve":"3yuDy2UkTFj7X3kQp75cTtuqGNN99pszKoEpLXhdpK6t","poolPublicKey":"H3av58eyiWsBA8Bya3vaNYTWkDdjoEfUZLqi7BBuVAhq","poolVersion":2}