{"lpTokenFreezeVault":"5UQ8Axai3k8a97Ah7916gG2LZLbA9FGiP1cdKwSV7K26","poolMint":"4yCgUXz6VEBZnSqCJXoLMuwDxpEijfrokcjZYciDGncz","poolSigner":"9BNpVMNmMswA2TYasBCyta7Dd8FXx2Ts8Ga4H6vBtzVa","poolSignerNonce":255,"authority":"BqSGA2WdiQXA2cC1EdGDnVD615A4nYEAq49K3fz2hNBo","initializerAccount":"HHFSk9rNgYWdGXa3wdwj6crYu3iBYhLYey8heZx3yyGd","feeBaseAccount":"EUZ3aWP2yiDAbWLmvdnuDrLUCinQihcY7BBWfwR3jcWP","feeQuoteAccount":"Gv5Aw5pK1VDESUSmEh13mKRirKMBCBEnMEkF5N9wTy7t","feePoolTokenAccount":"3JaUeb88Tq4768rTABCszHdBTnbUj2XUZhEQte4ApHyA","tokens":{"4ZMwr188nAyRiJYsHLL5TBswXTU7aAmVio6SMP1mcdsJ":{"tag":"","name":"","mint":"4ZMwr188nAyRiJYsHLL5TBswXTU7aAmVio6SMP1mcdsJ","addr":"2R4CLxCUvFSBtsEuhfdt2u4AWqjgVgmYv2yszs3ney9j","scale":9},"EPjFWdd5AufqSSqeM2qN1xzybapC8G4wEGGkZwyTDt1v":{"tag":"","name":"","mint":"EPjFWdd5AufqSSqeM2qN1xzybapC8G4wEGGkZwyTDt1v","addr":"Ez2ZdvZ7zjpwJuKPwW269shLWkPXe9asENqAuuFmJkkE","scale":6}},"tokenIds":["4ZMwr188nAyRiJYsHLL5TBswXTU7aAmVio6SMP1mcdsJ","EPjFWdd5AufqSSqeM2qN1xzybapC8G4wEGGkZwyTDt1v"],"fees":{"traderFee":{"numerator":20,"denominator":10000},"ownerFee":{"numerator":10,"denominator":10000}},"curveType":0,"curve":"4uUWAnZTXPRFDFXvAqktyRmu6e8GGsqJWQYau1AwVwwa","poolPublicKey":"HM2jBXBuWChTkUBkathCE2FASN37zCx4nmGJeLZCcqnT","poolVersion":2}