{"lpTokenFreezeVault":"HEAvymDK94aHMrvEMpfPNw5AbCtTC6FVYLqfS91xFbF9","poolMint":"CzvfR1W2s1me86rqJnnBFLtfeWGrrpgtusTM9dzhyUCh","poolSigner":"G5RifYbPVGjh7naUVhehDtXkmurLbcaeRoevwSWybTAp","poolSignerNonce":255,"authority":"BqSGA2WdiQXA2cC1EdGDnVD615A4nYEAq49K3fz2hNBo","initializerAccount":"B6i414VVxzsDNscMMQUX8B6MoGpyNHkgXQTPwPUpJeH8","feeBaseAccount":"6PLvcRJnnVm5ekxRhJKZFmSjXavc5zxJBExtV4tmZZDN","feeQuoteAccount":"2RLGqX6CbYGf7ozXxtwaXyBia89c9NKUkxxzz9MfGuFz","feePoolTokenAccount":"GZmcKZKuYy9eisYczPSunZf5917sr25sVjYPenBjenuJ","tokens":{"EPjFWdd5AufqSSqeM2qN1xzybapC8G4wEGGkZwyTDt1v":{"tag":"","name":"","mint":"EPjFWdd5AufqSSqeM2qN1xzybapC8G4wEGGkZwyTDt1v","addr":"5NTbAqifonoC4t7qVeBLu29Bonu4J2YbY4Rf686GRvWz","scale":6},"4pk3pf9nJDN1im1kNwWJN1ThjE8pCYCTexXYGyFjqKVf":{"tag":"","name":"","mint":"4pk3pf9nJDN1im1kNwWJN1ThjE8pCYCTexXYGyFjqKVf","addr":"Ewet4WunF4NsRDGsJfu5DbtTLmmHP2k2r2B1RX84E2Cu","scale":9}},"tokenIds":["EPjFWdd5AufqSSqeM2qN1xzybapC8G4wEGGkZwyTDt1v","4pk3pf9nJDN1im1kNwWJN1ThjE8pCYCTexXYGyFjqKVf"],"fees":{"traderFee":{"numerator":20,"denominator":10000},"ownerFee":{"numerator":10,"denominator":10000}},"curveType":0,"curve":"48ycdpigAPaZSKbPCtHXHDrfie6SYjXNyV5i1DkL8V1D","poolPublicKey":"HsVBko8DA29PTbVQwFqPzNwe4fiuyF1JF8b19cy1CcU9","poolVersion":2}