{"lpTokenFreezeVault":"6jKUWVuZ1raeevnih19UVn2cue9pEsrWFd8pqy6LvGHf","poolMint":"3ZFTVkCrnVvm7jqmVqYn1NupgG9k8BRqaui2BjMUMzwQ","poolSigner":"CKGWHdM3UDR38oSRJxGvgviBGpqnnEzXT6VuJM7ZH7qc","poolSignerNonce":254,"authority":"BqSGA2WdiQXA2cC1EdGDnVD615A4nYEAq49K3fz2hNBo","initializerAccount":"BHXGRMVzUoAoaHmxXmoKe7SYq1N5uDcxHprj7utL5MbM","feeBaseAccount":"8tBa9UYhoAriuHdE6UmXhP1dzAa8k9sN2wsMSrXGVGeQ","feeQuoteAccount":"2Ke2BnU1D28XiRpNpaEsP6QSc8JcpKBWBACHJSi6JU7i","feePoolTokenAccount":"E1rswN52JfWRX4xGfzL3JZ81FYuisvrRutoN2oUwxRzH","tokens":{"EZF2sPJRe26e8iyXaCrmEefrGVBkqqNGv9UPGG9EnTQz":{"tag":"","name":"","mint":"EZF2sPJRe26e8iyXaCrmEefrGVBkqqNGv9UPGG9EnTQz","addr":"GX2UoDCGh11GuQV59MDoHPNeSx1Qz49W2n3RiRpZ24Ww","scale":9},"EPjFWdd5AufqSSqeM2qN1xzybapC8G4wEGGkZwyTDt1v":{"tag":"","name":"","mint":"EPjFWdd5AufqSSqeM2qN1xzybapC8G4wEGGkZwyTDt1v","addr":"8TtkzA63RPmX777PGrcLRYdtWowA5E7pMr8dbPX3nfSU","scale":6}},"tokenIds":["EZF2sPJRe26e8iyXaCrmEefrGVBkqqNGv9UPGG9EnTQz","EPjFWdd5AufqSSqeM2qN1xzybapC8G4wEGGkZwyTDt1v"],"fees":{"traderFee":{"numerator":20,"denominator":10000},"ownerFee":{"numerator":10,"denominator":10000}},"curveType":0,"curve":"4YrCyUPJgkjYCuhbBo6LXe4DSTqJB87KffeWki7PGbJt","poolPublicKey":"HT7TQn9io3AwTt7hpBTJxBuzf27ugB1ZrD9G8UecUzbx","poolVersion":2}