{"lpTokenFreezeVault":"CsYSkm5VykbpuuyykCadXkEnw46iyTB3uxE9yaRSDTu2","poolMint":"E3XeF4QCTMMo8P5yrgqNMvoRJMyVPTNHhWkbRCgoeAfC","poolSigner":"65X63Wgkm5G4BseD6hGyDnraFmQTDi8ch1yku3p4A8c9","poolSignerNonce":255,"authority":"BqSGA2WdiQXA2cC1EdGDnVD615A4nYEAq49K3fz2hNBo","initializerAccount":"vSKUeRdjawKaEBZTD7tg6DzgD4agwfyPqEtRxBdfApb","feeBaseAccount":"4bHNeA83K9rFEkvFHVBoT2t4kzCJsPDZP52XA2oLyV11","feeQuoteAccount":"BZqgTWxcZNMT5wwXQNaurQ2ckgQaK5Lq56siLchw1fVd","feePoolTokenAccount":"JAApgN7igmm8UXWBQErWRLdrfKQJrMuWMg3JtxNBh9fS","tokens":{"AASdD9rAefJ4PP7iM89MYUsQEyCQwvBofhceZUGDh5HZ":{"tag":"","name":"","mint":"AASdD9rAefJ4PP7iM89MYUsQEyCQwvBofhceZUGDh5HZ","addr":"BWwtpKxkKJSe4Vv9Ha6iGxdgWwxvy2k6qwooE6WjwUhG","scale":9},"EPjFWdd5AufqSSqeM2qN1xzybapC8G4wEGGkZwyTDt1v":{"tag":"","name":"","mint":"EPjFWdd5AufqSSqeM2qN1xzybapC8G4wEGGkZwyTDt1v","addr":"EF9M6hDSSTZhwdSrpKvkHn33EafZfRtaFQ9rq6MfqALm","scale":6}},"tokenIds":["AASdD9rAefJ4PP7iM89MYUsQEyCQwvBofhceZUGDh5HZ","EPjFWdd5AufqSSqeM2qN1xzybapC8G4wEGGkZwyTDt1v"],"fees":{"traderFee":{"numerator":20,"denominator":10000},"ownerFee":{"numerator":10,"denominator":10000}},"curveType":0,"curve":"3jaemgFnJbrETk3CGSdKUbuJ7Gkcco1su8CwfAVEoXbK","poolPublicKey":"Hv5F48Br7dbZvUpKFuyxxuaC4v95C1uyDGhdkFFCc9Gf","poolVersion":1}