{"lpTokenFreezeVault":"91ZhLnWZawCPCWtyjRjhMBts7UzHguvsUqEMFTpSa7DW","poolMint":"5gpA85kbXyq6EwMftVgVVGWxoxwXu8Z8VvipNAqGPEpU","poolSigner":"CfcEFYUg5gU2fosYejP1HdD2FaqcP4e6VmteZGr1zo3J","poolSignerNonce":254,"authority":"BqSGA2WdiQXA2cC1EdGDnVD615A4nYEAq49K3fz2hNBo","initializerAccount":"vSKUeRdjawKaEBZTD7tg6DzgD4agwfyPqEtRxBdfApb","feeBaseAccount":"87qDSA86BuMzrDYHuFmQR9o6KuXqMyXXcywrftu7sJEz","feeQuoteAccount":"9cCACyn7SRGZqsZMXHY83iKUNSWJPJRbp26JyQaQe2M1","feePoolTokenAccount":"4inHRrbt4Z37Lb6ejkWaQjxSwpwgZAxHtsJFkD9dqH9x","tokens":{"MEANeD3XDdUmNMsRGjASkSWdC8prLYsoRJ61pPeHctD":{"tag":"","name":"","mint":"MEANeD3XDdUmNMsRGjASkSWdC8prLYsoRJ61pPeHctD","addr":"8acWiMKaRHgviDDWhym88TkWXaMJDUuBEYiSy58kazw","scale":6},"mSoLzYCxHdYgdzU16g5QSh3i5K3z3KZK7ytfqcJm7So":{"tag":"","name":"","mint":"mSoLzYCxHdYgdzU16g5QSh3i5K3z3KZK7ytfqcJm7So","addr":"8rdkCpqT2rZfUEwYQAGecVFJPjnQsUZjx4RB3LYXUCda","scale":9}},"tokenIds":["MEANeD3XDdUmNMsRGjASkSWdC8prLYsoRJ61pPeHctD","mSoLzYCxHdYgdzU16g5QSh3i5K3z3KZK7ytfqcJm7So"],"fees":{"traderFee":{"numerator":20,"denominator":10000},"ownerFee":{"numerator":10,"denominator":10000}},"curveType":0,"curve":"5Fg9APaZxDnUHwa2xiZM3SQe4jfAQFfrm491tscrv7dY","poolPublicKey":"jzE2xMiQgVT5ku2nyQqZExPrQHQP6pJ4i29JSw72HCf","poolVersion":1}