{"lpTokenFreezeVault":"HZ8DdkoHKpRM2RfWoFV4EHxYd57GQRLLy9RbaUkRY65Z","poolMint":"FStAWSK5x5Pr6tAsMwR5HJtHhDNYnfBf4PQ14pGdW1AP","poolSigner":"424YfgLqU4CDEWv1uKgw9PXZ5dTPumrH6SAYzh51qq2r","poolSignerNonce":255,"authority":"BqSGA2WdiQXA2cC1EdGDnVD615A4nYEAq49K3fz2hNBo","initializerAccount":"DPBuZSWra9WUX6jJ2sZP9jE3rR97zNR2vXg3ESq7VMxo","feeBaseAccount":"4ECJCgeW6pPN8bJvp7Rv2FjfbLNMSko7L7NGNVuk6uiS","feeQuoteAccount":"k6n4EvxXSe5Azm8YfjxcTXYxG8mKopqcfoW1ZtCtoE7","feePoolTokenAccount":"8maRYms4tT6bqeF8C7Q7CgM9pMJSyG9rWsbaoZmyT9pX","tokens":{"DK6PWMyuZ4NMjsm9AWNCTMKrajQYrtfMjMJ3QauX2UH5":{"tag":"","name":"","mint":"DK6PWMyuZ4NMjsm9AWNCTMKrajQYrtfMjMJ3QauX2UH5","addr":"9ATna1r5GZbv97yd7oVeT8tFmPVfzFFoGLZ8sP65KBHb","scale":9},"9vMJfxuKxXBoEa7rM12mYLMwTacLMLDJqHozw96WQL8i":{"tag":"","name":"","mint":"9vMJfxuKxXBoEa7rM12mYLMwTacLMLDJqHozw96WQL8i","addr":"8VLw5EYRsM7ryv55vP7vNdtE7juJbYRZge4v8UnRbTmC","scale":6}},"tokenIds":["DK6PWMyuZ4NMjsm9AWNCTMKrajQYrtfMjMJ3QauX2UH5","9vMJfxuKxXBoEa7rM12mYLMwTacLMLDJqHozw96WQL8i"],"fees":{"traderFee":{"numerator":20,"denominator":10000},"ownerFee":{"numerator":10,"denominator":10000}},"curveType":0,"curve":"Hy3bNyL81JcuyCGU22iDJuVaKTkTdzBdnorKm9c4qVMc","poolPublicKey":"msrXnFtp8k4A9cUbx2XTubX3YBdhZwZcoSyYtJvDr5G","poolVersion":2}