{"lpTokenFreezeVault":"FjrHG84uKSQ8wni5UCHqupgKtQM8WLLVufpNvjXWZ6Bh","poolMint":"Yu796hh26xfNDLteviUxMDtdu3ASqiB9A6tJBTB6We9","poolSigner":"AdU1KTXpdXer8owjGVdB31AbyfiK7YWjxcwNLNygnePD","poolSignerNonce":255,"authority":"BqSGA2WdiQXA2cC1EdGDnVD615A4nYEAq49K3fz2hNBo","initializerAccount":"E8f3kZYCzsxhyYzCw9uJ7oSMsgrt6uKRc3HXp6bLoGSZ","feeBaseAccount":"E2mRFVeXi8yofqA23KfPxgnWHP4gwMELjnVH7dKbSwYk","feeQuoteAccount":"2oyknAaW3HBBipAq783u3jdYsDrFnUd45zRRutGDgRWQ","feePoolTokenAccount":"8Z31UwFDzdpeY9PJeFgLiNimYPhJxnDgxdegSQ1CFpZM","tokens":{"FMxBD4p1iTj3Ks5MnoeSQGLuPPYxQ436YAG6tKRQguE1":{"tag":"","name":"","mint":"FMxBD4p1iTj3Ks5MnoeSQGLuPPYxQ436YAG6tKRQguE1","addr":"4L4h4a4E8LAVVLPC7ob8RkYyEfSNd1FjcnYCLVd1wxHS","scale":8},"EPjFWdd5AufqSSqeM2qN1xzybapC8G4wEGGkZwyTDt1v":{"tag":"","name":"","mint":"EPjFWdd5AufqSSqeM2qN1xzybapC8G4wEGGkZwyTDt1v","addr":"7esvNfa9N5HzcDujwKEpNyCDai1oryrhbyKdHZnwYsme","scale":6}},"tokenIds":["FMxBD4p1iTj3Ks5MnoeSQGLuPPYxQ436YAG6tKRQguE1","EPjFWdd5AufqSSqeM2qN1xzybapC8G4wEGGkZwyTDt1v"],"fees":{"traderFee":{"numerator":20,"denominator":10000},"ownerFee":{"numerator":10,"denominator":10000}},"curveType":0,"curve":"CSeSamqwC9GXaBbsSy8DU2XJx8U5fzHtTqV1PLX8A7ok","poolPublicKey":"NyJ2PKew53uZLdpDHcauTpUFRmBdpdPZyFTozi8xY22","poolVersion":2}