{"lpTokenFreezeVault":"8Rb5cN5H4HvWiwY69XJ8njj8iprhxatCEfTRp3k8Dhf3","poolMint":"GrEcSLH4faAoAA6VVSNN5x43KBbsSV3mdsRTdaFSxvqg","poolSigner":"Ft841DCS7MZmeUUirsQqQTVbE25cEzpPLEgr8xczyQ47","poolSignerNonce":251,"authority":"BqSGA2WdiQXA2cC1EdGDnVD615A4nYEAq49K3fz2hNBo","initializerAccount":"2WuL2SYFYQy5NfWn9bSc6joJar29CSDscpz6T7gK1Yer","feeBaseAccount":"2AvPnxJAGU7wHk3nRmz3AZKR4NPhbh1u4VJD9KzunjAX","feeQuoteAccount":"yP8YaboEKeKkJCPLnguj28Ww7ZQYrsz9iMmGkxpjmwH","feePoolTokenAccount":"JD1zckURoY1Z6YKmJa7vGrRVQ3U8DwWtaj69DfDGMfCd","tokens":{"CWbpKUJEdUGMcb93M6dqGPCtd3zYjPL6aLzCWoLerMQu":{"tag":"","name":"","mint":"CWbpKUJEdUGMcb93M6dqGPCtd3zYjPL6aLzCWoLerMQu","addr":"ACYZDMvzZ61ovVKpEsY2rEBTbddzDC7BoYra7JCTFexo","scale":9},"So11111111111111111111111111111111111111112":{"tag":"","name":"","mint":"So11111111111111111111111111111111111111112","addr":"BCWsVbSRuQnazhrE4GoT7zDc2bTBkp1xA9uTeHi2fmRU","scale":9}},"tokenIds":["CWbpKUJEdUGMcb93M6dqGPCtd3zYjPL6aLzCWoLerMQu","So11111111111111111111111111111111111111112"],"fees":{"traderFee":{"numerator":20,"denominator":10000},"ownerFee":{"numerator":10,"denominator":10000}},"curveType":0,"curve":"9S1mbsJaHG2CFBJvoqz3dMHDb3xyDBUbiMbrkzGD7gHq","poolPublicKey":"wV6tR9A8yKJH62C9hBhvc5T2Sx1UVWp96Uv5b4evFui","poolVersion":2}