{"lpTokenFreezeVault":"7wc1U376sr11eq9BmtsPLQUHY3J2MN1657r1y2MxK9Gb","poolMint":"84V5NmagXgAxeaZGmSNT54vdmuff2pvUh63Lgp4W2izz","poolSigner":"6xfpf7vHJtZg3MHhqJoS6FHdzMcWbPWChEqiYHB2wiej","poolSignerNonce":254,"authority":"BqSGA2WdiQXA2cC1EdGDnVD615A4nYEAq49K3fz2hNBo","initializerAccount":"6foEm3bCdAit5J9fyYnevS5FrMKd8c5D1LHDS5bvTnRw","feeBaseAccount":"J5PnNci8ZdZjivNetpzohMnn8dANVhwnCnSpx2zgZ5J3","feeQuoteAccount":"LA7dPuETxQ7aUKo1XVdrnTL8B3PahrjBsxKNMmfQdsv","feePoolTokenAccount":"3PkqMogSNK3699WzuZeYNQJcpLp54kFGmKT6xLPR6e4p","tokens":{"21jZ1ESEFYh9SBwjT5gqE3jHv3JnaGhgvypLTR96QXW9":{"tag":"","name":"","mint":"21jZ1ESEFYh9SBwjT5gqE3jHv3JnaGhgvypLTR96QXW9","addr":"F9NgEECbgsL3dnxpRu3Qfp3nvjqowNxrXhYkhssQEKLu","scale":9},"EPjFWdd5AufqSSqeM2qN1xzybapC8G4wEGGkZwyTDt1v":{"tag":"","name":"","mint":"EPjFWdd5AufqSSqeM2qN1xzybapC8G4wEGGkZwyTDt1v","addr":"6cu7B7pSXF97sKRgKEZvikyGkJ3ajTXVh1HHEfS9pC6s","scale":6}},"tokenIds":["21jZ1ESEFYh9SBwjT5gqE3jHv3JnaGhgvypLTR96QXW9","EPjFWdd5AufqSSqeM2qN1xzybapC8G4wEGGkZwyTDt1v"],"fees":{"traderFee":{"numerator":20,"denominator":10000},"ownerFee":{"numerator":10,"denominator":10000}},"curveType":0,"curve":"6xvxVJs2LPmk3BGxHpn9ZTtGAmPEXo1mfkgu96CwtXnC","poolPublicKey":"YkxYt1i9bMupZrmt7RzWCghA5xHKtiz8sot9oup4rxz","poolVersion":2}