{"lpTokenFreezeVault":"969mYQa4rXyeLKJrnBg8atbfRoSwaCQVW9m9A2FEyH1i","poolMint":"89MSBKMWUB8qwKNVF2LuAwoKiNqqPKwyZH9x3USALak8","poolSigner":"GUtFQc7KN7DnMz1vfdufwNkduV26WpRVpN7yWHNZnqqP","poolSignerNonce":254,"authority":"BqSGA2WdiQXA2cC1EdGDnVD615A4nYEAq49K3fz2hNBo","initializerAccount":"Cti5JujUcW52MdTuMNkzgSdRp8kddhZ1bLdyoQmJoCVe","feeBaseAccount":"5BKUVCfVEidUA43Jd4iKruevmvinhpjAp5v8Zub6pY8Y","feeQuoteAccount":"75jSNdqd57q1wg5L5Myum6Je4LLrRtozssAgYePiT3Fu","feePoolTokenAccount":"CntbhSfMWLL9EVfcrQAQR7m8D4U2bVfwMGVYyU1KLpvN","tokens":{"Gz3u6eJaKEviYpPC5AwUziz891kNX76PNdsmJrnaNNY4":{"tag":"","name":"","mint":"Gz3u6eJaKEviYpPC5AwUziz891kNX76PNdsmJrnaNNY4","addr":"Cwp75j1bfXP4rWqiHgh2azTj33wsjCCz9k1PRXPFKeKz","scale":9},"EPjFWdd5AufqSSqeM2qN1xzybapC8G4wEGGkZwyTDt1v":{"tag":"","name":"","mint":"EPjFWdd5AufqSSqeM2qN1xzybapC8G4wEGGkZwyTDt1v","addr":"EkBzuLfUsV2bJP8rF3GYUKxA9fveSzeuRjP1KMX6eRmp","scale":6}},"tokenIds":["Gz3u6eJaKEviYpPC5AwUziz891kNX76PNdsmJrnaNNY4","EPjFWdd5AufqSSqeM2qN1xzybapC8G4wEGGkZwyTDt1v"],"fees":{"traderFee":{"numerator":20,"denominator":10000},"ownerFee":{"numerator":10,"denominator":10000}},"curveType":0,"curve":"HsoMGs7nBErd9CxB8xwfGRkEbaeodDmVo9S1v3wC8fqD","poolPublicKey":"zbyUkk999LwQdSLMAvg3iAEU8DRvidvzxzinv35n2gW","poolVersion":2}