{"lpTokenFreezeVault":"CPvpWGN6ohTe4TcFffMNSrq4GmFE9qnFsScHyg4ALXHc","poolMint":"5pV2gstoMH2k91Lk7yY5qPQXCi12kQ9tugCSkSBzxa8W","poolSigner":"ERV3jgyJQQRMirVYoM8CLLHFZC6V9Wtqzph7aSFirRyy","poolSignerNonce":247,"authority":"BqSGA2WdiQXA2cC1EdGDnVD615A4nYEAq49K3fz2hNBo","initializerAccount":"6hjyc4QNEibiK4wXSVnv9L6ZoGFJQgWQfz17tGgPE5zx","feeBaseAccount":"3F4c1HGLrHnBGqNeUCadpNBJ4hMG9ayDAc1HSYNUVkkV","feeQuoteAccount":"7GWSUxaAaFcPzHTRza6aDGPMSeiswivaSfrmJhqVytR6","feePoolTokenAccount":"UFupCRcMuHkgigPhNeRNaZp5fCsZWMXSC6Bz7aMpT48","tokens":{"3EkHyexJLGCvSxzn5umbtd9N69GoT4p5pfdLTFqCNP9Y":{"tag":"","name":"","mint":"3EkHyexJLGCvSxzn5umbtd9N69GoT4p5pfdLTFqCNP9Y","addr":"3Ceabmz1EyhchwMFfr31GGkMSTAubkJKahVgQxLpjCgo","scale":9},"EPjFWdd5AufqSSqeM2qN1xzybapC8G4wEGGkZwyTDt1v":{"tag":"","name":"","mint":"EPjFWdd5AufqSSqeM2qN1xzybapC8G4wEGGkZwyTDt1v","addr":"FHV2BQJMYciWp1N9nrRXZVHy2Xp26aHurdo8BAKAiBDm","scale":6}},"tokenIds":["3EkHyexJLGCvSxzn5umbtd9N69GoT4p5pfdLTFqCNP9Y","EPjFWdd5AufqSSqeM2qN1xzybapC8G4wEGGkZwyTDt1v"],"fees":{"traderFee":{"numerator":20,"denominator":10000},"ownerFee":{"numerator":10,"denominator":10000}},"curveType":0,"curve":"5DcXkwrhhxiFGMvhUMXYQcRTXtA2vYvSmVRKTK49vSiH","poolPublicKey":"ZzkVEtbp2rT8VrhWXqe4vu2gxrHYtBhRgY7wh1zvegr","poolVersion":2}