{"ownAddress":"13SiVjqfxqfWZ3i2AbDZpiDmL7oxuf1wWfbqNcWBJ52S","baseMint":"ALKiRVrfLgzeAV2mCT7cJHKg3ZoPvsCRSV7VCRWnE8zQ","quoteMint":"EPjFWdd5AufqSSqeM2qN1xzybapC8G4wEGGkZwyTDt1v","baseScale":9,"quoteScale":6,"baseVault":"8pUnn7ZnvWEEBwxa63LD3KeULspF8pMsKfD4zuG2AuGd","quoteVault":"6a22aVRMXinbpviNxASRm57nwdf1BVawTaJCZtErim1j","requestQueue":"AR5xycPToPMWZPpxZrNH6JeLMXqrxm22uWdXvKZnE2zU","eventQueue":"A6UjhYZDatVJTgvM3cEyHXnQZdgT48LkGRFJtgY7NecF","bids":"DmDXLa5arESoJwmQukM2iSUqfw1FbfzBNAUBf4CAPGtb","asks":"DWSwP9tmDrMXvE51qhx3dNfTFrkr4SiC5bXQa6oPSPdd","vaultSigner":"DXj3Ye9nFMr7xtPsndfwDJmN29Ae6dJSGB3QU7BSWaLK","takerFeePct":0.0004}