{"ownAddress":"14swEM4G2dn7gXUgnqBcJ4ZSAjBEZgavPfbderkm38D7","baseMint":"4q5UBXJxE91BZKX548qhU8i5QBWvZdXzS3RZwfTgLQda","quoteMint":"EPjFWdd5AufqSSqeM2qN1xzybapC8G4wEGGkZwyTDt1v","baseScale":6,"quoteScale":6,"baseVault":"HKPDyfbKQ7b34Giq8bzvrhKUJi1Rs74oSdEg4y9um6NJ","quoteVault":"99eLDvwSLDrqw5nrAPfijz2ZF8ktyvGAFbvfZajdmp3G","requestQueue":"BK5qbtJDUF5SHCA2mMUGvcvt15U7y99C1pLXbZHLwGe3","eventQueue":"DutK8FSDsg6TNprUuBWPiypxangD1Gvo5QreMRHxrJz9","bids":"AUa1Adc24JkzXpJVT4eRkJET4RwY4umNHFnNvJkno3Bh","asks":"9n7xjHib2GsE88xHi4Wcq9PMauMscNVaSgHxq2BmcQaq","vaultSigner":"Ckbq8GKrmAfVHTcrotQHSVfE9ZQFk437Dd1x9ja575ri","takerFeePct":0.0004}