{"ownAddress":"22grAkQCHu3ZSggL1jh58aTbcEvhCRHQMZXwrx9jrG9k","baseMint":"Hrs8H2FfWLxUa7kFV53vXPE2RGx5uZuUPCrKSUNZ99yU","quoteMint":"EPjFWdd5AufqSSqeM2qN1xzybapC8G4wEGGkZwyTDt1v","baseScale":9,"quoteScale":6,"baseVault":"13JaiC5VqurfQ8cC5bZTk8sqd7fGdQYrAbPgSRMxfaZM","quoteVault":"AzhWGBkXvk2kpXtdnkdjZov5sgRiUK53FfGSstHMSRtN","requestQueue":"2KMFoGPiBhVnbNxiFSwe1LPbKEkHUpzYEDXJ3DcQYvnU","eventQueue":"J8obw1Z7oqUWZAdXktUoUy6k5zRHq6wkn9RHrZJRnGQ4","bids":"7BwdXtiqPd7Ki7SyCrFxquiy5sa2KVzy1hnYHsBQ6eqM","asks":"Ck8TowrrgqfQHx6dX98A3Q8pHepBTU2ypZvPNr8tkSCZ","vaultSigner":"GidZg3tbkXRdowsb6nnkFAFeEQ89HuZaGA7nSLXh1RAh","takerFeePct":0.0004}