{"ownAddress":"26ChMq6ebUvYs5zkHbphyz7sqL8R43NG4ymT1J53R56i","baseMint":"roCKojKezC7HhPxph5qb4UBasvmZJWgegCF57PvaV2f","quoteMint":"EPjFWdd5AufqSSqeM2qN1xzybapC8G4wEGGkZwyTDt1v","baseScale":6,"quoteScale":6,"baseVault":"4g5fC1JgFzSJfZ66YgYEGYzkKmiRJzctvjMZ8m79Zr1N","quoteVault":"8ccwVrgaHzpvGJivGMTqfbu4uTGz5RdggynEf4MWGquz","requestQueue":"ACuoSZtRxenegv5Za644jdD8Az7i4R2eLQEY8c48z69c","eventQueue":"G6nLGXqaDMBEg1cnm2gS7ZK5BGRtfmK9SRPVvobqrVTA","bids":"51ANun2i4LNvfQS77u2hAzuih3UEA8FMZMKGCevEcrky","asks":"722xvobhYkQGNon4bufr4iodeygBHEVwpwRVTEinWARq","vaultSigner":"BMFBZnhjVhVKgCAwBEPkctifrorWTtKtzjPybkscAFTH","takerFeePct":0.0004}