{"ownAddress":"27e1mB6UoPohbc3MmwMXu5QM7b2E3k5Mbhwv6JguwyXg","baseMint":"2ueY1bLcPHfuFzEJq7yN1V2Wrpu8nkun9xG2TVCE1mhD","quoteMint":"EPjFWdd5AufqSSqeM2qN1xzybapC8G4wEGGkZwyTDt1v","baseScale":8,"quoteScale":6,"baseVault":"FN8ddFUxT2knoKJbhgRoKfuHNxAuHzSkQJ2UZqhUjHkj","quoteVault":"B2DSqnzYJttt3Q4sTFg9fMeMzgcBgHr1YXoxpSPjroEm","requestQueue":"4uBWExBbBfSBTNGAu7tT5DmWXNTmeDgfDZHgEi73m1Hf","eventQueue":"CsKSM8cKTCsjDf2KpXyQA76KFQ8VwDYaNwwurfoctas","bids":"2gUiqN32HMtZ9ZZLWRiaAHvge2ynk8ZqdJS1kd9G6WX6","asks":"BAswYcgTzkMK2rM5D9rjKic7HvC8yT7gK7b22axmM9xs","vaultSigner":"4F5oKth9qG3oBUK29KYgmKcXaXFZ2MaE6zyW1VJEAc7k","takerFeePct":0.0004}