{"ownAddress":"2aDYzSM9y2kAoECWdPbBU8cpnjn196mEqBbDETZEKiNW","baseMint":"G7uYedVqFy97mzjygebnmmaMUVxWHFhNZotY6Zzsprvf","quoteMint":"Es9vMFrzaCERmJfrF4H2FYD4KCoNkY11McCe8BenwNYB","baseScale":9,"quoteScale":6,"baseVault":"HUVJ7ndCiPwDDpt7MzzxAs3qHgxFooHfUhcEuXbpW519","quoteVault":"376udbwdKB21VzKFr8HUMXyy2X98RpuUGJjvAhBWtNy5","requestQueue":"4WoMUpTXnHaeVSWpzvWLM4EtKmBsH2QrGvqozcLe7VBf","eventQueue":"6zPGhWsNE9m9XuvD9Xd6Ka5UAwzKnQCnZ55chMpFhRFP","bids":"9inJu53wSkqHY71V3yvTCPpbBJqTK9bhyHTE47aV7gz4","asks":"8Z4ggUiBYVzU5DWff447DcsN1zWLvghV8FTzqMmmHD2Y","vaultSigner":"3wn31Fff4awRbam6yBD3ktvMmJyaJYhDrXTor4fB7uHL","takerFeePct":0.0004}