{"ownAddress":"2b6GbUbY979QhRoWb2b9F3vNi7pcCGPDivuiKPHC56zY","baseMint":"NFTUkR4u7wKxy9QLaX2TGvd9oZSWoMo4jqSJqdMb7Nk","quoteMint":"EPjFWdd5AufqSSqeM2qN1xzybapC8G4wEGGkZwyTDt1v","baseScale":6,"quoteScale":6,"baseVault":"6Fxz92QGSJrWEmHFuxqMJwBiq1MPxLNzQfKw5ZRsLWRw","quoteVault":"LcANK8GJ4uY47QyDitYBiQUzHkHWKCuoPXdCq3YLxW3","requestQueue":"7xVN4S2G1YXPespSQWeSDK7Lx1sGEdhkeQf7XYK9jvn8","eventQueue":"2rrYmuEieEyRTBKF39AqTdskde8kLfVSieanVWyCZNJQ","bids":"FEmTdsfmszMxwi34aawEsZPT1cWqa41StEBfYnnshDYx","asks":"CMnyFZKG8zWWajbtZfduqtRX74cRyyVKXakM6NYe7MAN","vaultSigner":"5TXTSZpWoVoJpfdf848ov8pj9NYJZ7we9BM746sMUyfF","takerFeePct":0.0004}