{"ownAddress":"2cVCrE5G45ZetnfXyK4qCUtmuJRAEk58eMVpUtkBPT9s","baseMint":"ALQ9KMWjFmxVbew3vMkJj3ypbAKuorSgGst6svCHEe2z","quoteMint":"EPjFWdd5AufqSSqeM2qN1xzybapC8G4wEGGkZwyTDt1v","baseScale":6,"quoteScale":6,"baseVault":"DsS9KGFCvqRu3zxYQhdyhCovFG4uLsc1QupX13YSNez1","quoteVault":"CjDT73ZtK5qSQ5y9yXscmqumuNcx9f7KnBiy2knFuqHk","requestQueue":"B55TuC67btbZ6cDwUhm9e6ePa4VwdciavvjWAnpswHTp","eventQueue":"AHezGJXu9hf8ZPQNKcPhHNwQQHhufsA9dzNyK44CPPXj","bids":"B9YExUMEjidvaqqpuP2Jmm3Krw2owFQZmha9p8FaWrur","asks":"6Tki9wh328b9ymHr3MZB3sZ2vCzozVuo18hJRDQ4z7bs","vaultSigner":"H7b9zdrMRLKR4QvJ6M2b5ajoWAQT4WENeEQVGQprYtNp","takerFeePct":0.0004}