{"ownAddress":"2dKHkfJGKNxmtwdLcsqXFGcb8Xppw5RP6YVWEWjSfAHm","baseMint":"q4bpaRKw3fJB1AJBeeBaKv3TjYzWsmntLgnSB275YUb","quoteMint":"EPjFWdd5AufqSSqeM2qN1xzybapC8G4wEGGkZwyTDt1v","baseScale":9,"quoteScale":6,"baseVault":"Gc1EBNUQYi5ksiE9ks9wFUEpRnPVocBvTPngmcqwAt1","quoteVault":"SSytjVTaMjh5xvbBYZK9juxov41C5BYSFmEUiLX2Bfa","requestQueue":"DX94Wa5dySnESEYa1X2GEftzY9jwQCU4WT4vGEon1Mvc","eventQueue":"EXiMVtv3QXB5nxawK7z5oP2R3PEorLHhEDgiqN6a7ZDD","bids":"GsrEsUjSYkKxaUFS8sn8RSd25X615J8Nes6zxLLZc4J8","asks":"3VSd26oRsushagUaWYmaEfDJYCBh5sFWwweqnuXSxn4U","vaultSigner":"5MfUQENDWJcK51CHufXiXmfVPWeG6ShBqWUVpHHAMajd","takerFeePct":0.0004}