{"ownAddress":"2DtJfYpFJUa9Xstvs4zDFVhbkicoEutxtwkWYTefmYar","baseMint":"863ZRjf1J8AaVuCqypAdm5ktVyGYDiBTvD1MNHKrwyjp","quoteMint":"Es9vMFrzaCERmJfrF4H2FYD4KCoNkY11McCe8BenwNYB","baseScale":6,"quoteScale":6,"baseVault":"5VjmssZCq7RcuvJW6d9mNWyFhArUZpXrYonyNymzkYLj","quoteVault":"BJG9r3rN3y7TYeuVns1pUUCjHRLccwTvZdxYzG9n5vw9","requestQueue":"C5ucXPb9p6UsT4T1RX6JxHcXBHve9ipYRsY8gwiHMkp9","eventQueue":"4CjQ38bwT4CqtQxm4LXY7H2oAEfQRdBdmYCn2L9iuzeU","bids":"AnzR9TfxcrrnMFHB2eme5W34vx2ujq76hFVXyExc6DUp","asks":"4KRw9jak7DsV8akxFhW12pqhmZDUyNYVT3QzRhttVhpv","vaultSigner":"9ci3cYijA3fEy6r59Bbj9xPcrP7G1xAm3gRcH5hm8hxL","takerFeePct":0.0004}