{"ownAddress":"2Emb4Niq8j4dPLYeoKecvGms8P2GWXYCiao14DpKu1b9","baseMint":"BhPXDQio8xtNC6k5Bg5fnUVL9kGN8uvRDNwW8MZBu8DL","quoteMint":"EPjFWdd5AufqSSqeM2qN1xzybapC8G4wEGGkZwyTDt1v","baseScale":4,"quoteScale":6,"baseVault":"EGR5ryv3DmrhX26DX6e5iRPN1TSKCBCyFCZNLwpB3Tnk","quoteVault":"AKv7CzV8DVeckTWueSXKm28BxwrYhhYFcGvKUCRnMTy7","requestQueue":"3zJctWK9M6QPZd4CyqLvHjcur3MdSmY7Mbij8VNsKPhm","eventQueue":"8YZn3dC8unWmcB2kATiwavF7cQ6y2WwBGR7oFm99XFAj","bids":"8xMJ1Mghaiz99BthxgAf7AoXUKdQm1e4HPcYwzVT8ikc","asks":"BZgb8Zo1YqkuhjYrWXSfbggRNJpefp9HrbyvXR2FN7af","vaultSigner":"45XEQ7V2B5jyybU3hu5Z4CC4USdqDGeDhb61qyqZCG46","takerFeePct":0.0004}