{"ownAddress":"2FQbPW1ticJz2SMMbEXxbKWJKmw1wLc6ggSP2HyzdMen","baseMint":"3CyiEDRehaGufzkpXJitCP5tvh7cNhRqd9rPBxZrgK5z","quoteMint":"Es9vMFrzaCERmJfrF4H2FYD4KCoNkY11McCe8BenwNYB","baseScale":8,"quoteScale":6,"baseVault":"79TmsjAH8ofZonEfxB4anwPmy7fY6rKdbthhFJRSjfS8","quoteVault":"5UmubCCbwhXtiwYdNMpuLhaHwbtYK5tGSBe4p1vZKCW6","requestQueue":"41NQC76QQheySGZYY8RYCMJQ767MZtHqrsNzUotbL2oZ","eventQueue":"GSSrNac5f8HVLoAiQLRijqeEoQLtXD5jvkCrLMBerbLD","bids":"7gg7cEBD9eL1wHoHcWoyJABWshTfvRRpss8f6c3g4j5p","asks":"EMqYvunHUaqEEge6Y8ReU5e5A137YgqaL4fycc1EPhXy","vaultSigner":"26LakydfWPJFxkMgEhSbrKWEfTDVLAr1LicicPeDSuoX","takerFeePct":0.0004}