{"ownAddress":"2Gx3UfV831BAh8uQv1FKSPKS9yajfeeD8GJ4ZNb2o2YP","baseMint":"SLRSSpSLUTP7okbCUBYStWCo1vUgyt775faPqz8HUMr","quoteMint":"EPjFWdd5AufqSSqeM2qN1xzybapC8G4wEGGkZwyTDt1v","baseScale":6,"quoteScale":6,"baseVault":"6B527pfkvbvbLRDgjASLGygdaQ1fFLwmmqyFCgTacsKH","quoteVault":"Bsa11vdveUhSouxAXSYCE4yXToUP58N9EEeM1P8qbtp3","requestQueue":"6benY1UYT8tF5u7v1d9HV4pZKHn6YbkPMN2qbXQLAVK","eventQueue":"66Go3JcjNJaDHHvJyaFaV8rh8GAciLzvM8WzN7fRE3HM","bids":"6kMW5vafM4mWZJdBNpH4EsVjFSuSTUokx5meYoVY8GTw","asks":"D5asu2BVatxtgGFugwmNubdknAsLSJDZcqRHvkaS8UBd","vaultSigner":"CjiJdQ9a7dnjTKfVPZ2fwn31NtgJA1kRU55pwDE8HHrM","takerFeePct":0.0004}