{"ownAddress":"2gxF2PAHuW46bNcwiH7AbjfocvereNBkJT7gas3vbeiu","baseMint":"EjSwAfwi4F6uYtoi2WuCSYSWPVUPJCdemmShZ9tdy65P","quoteMint":"EPjFWdd5AufqSSqeM2qN1xzybapC8G4wEGGkZwyTDt1v","baseScale":9,"quoteScale":6,"baseVault":"5NgZoeHfkpQpb3vL1mGBgJWj6cQ7Uf21ChV8uumbiUrG","quoteVault":"6jePDJjkiC9xMRQayWb79Jm3mauUcuuxTQe2t7kkPt8P","requestQueue":"4oxWDszoTrWmaKsZVnrF7rinSQa8GPV2KiKJxg24kqUE","eventQueue":"3EpnjGwqdkRfxrWEvU2ETxLWari9ejyqyLofQUxFeRth","bids":"7Fwv8KDHWVuB9Qaa4PALwqi9e4X6DjMUyAmK3w69wKk1","asks":"AkRKEzNYpJPYsiy21CnppS5vcqjffB5cmPE2uQveS33n","vaultSigner":"DEJqHqtQf65xNrS4ZzB8ppqbuxmpTfjtqRgz9jCoy7W9","takerFeePct":0.0004}