{"ownAddress":"2HGYdaFBZSZ4FJFMa7tbyEAj2eAZsc3WKavk5m5As5f7","baseMint":"CzXF8oUJSsB9ADKV99WAi2TgytqAyKvQw6EihwiL9em4","quoteMint":"So11111111111111111111111111111111111111112","baseScale":2,"quoteScale":9,"baseVault":"9GAYk4pas44x49s7LVHWytTmfDWpEsmYKJ9osBcW4Sma","quoteVault":"9cnkhfcuZnxvZGyfZHNPEqJeDpd7JhthtVAB5YjxMR6z","requestQueue":"uCsWieJE79eNv5hkffR6acWQXxReWz45AM93P33pjPr","eventQueue":"8aspAcDZ6cFRX4zHnES2MeNrxqMncQ2ATimG9qC6pxUG","bids":"12quDgCo7rJYyg623hzKxVxdj4AkogJzNs1ZzQDjhQPT","asks":"DeSJXTVj6nNjoKopUiRGT58B6BBsJxd6Nxzi8Tse6wyf","vaultSigner":"Do8Af6yzWsMvvbGifzPDEutVYRv8j1qhaM6cNVg8YXaH","takerFeePct":0.0004}