{"ownAddress":"2HPLwshKLtj32rhhKpYhsmfBkSomipV1j9dBnQ4Aexv9","baseMint":"EZF2sPJRe26e8iyXaCrmEefrGVBkqqNGv9UPGG9EnTQz","quoteMint":"Es9vMFrzaCERmJfrF4H2FYD4KCoNkY11McCe8BenwNYB","baseScale":9,"quoteScale":6,"baseVault":"5kJTRb3d1QzCrf222chXhyAtpMoBZAnY3EaYWeFggUoZ","quoteVault":"3zdsXoiBivxkDwQD61PXc1SWoEbZFrxrHDcxM7qHaeGF","requestQueue":"CzSqx3ADWvBcaSvkxtAxdC7a56vNsVAQoHnHwEZ5Rgc5","eventQueue":"3dWHCpYsvnuGEzQz1e4LGrJzABACLtw7qcCZBQxcnG2G","bids":"C88EmpndQuuSDRPBjTk7KTRkPCtxs3CAaq3FpfX9rZoW","asks":"ARRRU3C6RjdqQZWpACdB5kGmohLq3JihR5HKgprT3w37","vaultSigner":"5PFnJopBNgXRvbSddX4eQyGi35Xm63DxY7dzDCvYgcLe","takerFeePct":0.0004}