{"ownAddress":"2HqK6oenRGVi5kY92Q2tQUk1kBkrKHQ7ZZZ2dw9GScqP","baseMint":"ForaXiBD8K3a7C1PwxV1xqDHs5aV8y8nWRmHebafdkes","quoteMint":"EPjFWdd5AufqSSqeM2qN1xzybapC8G4wEGGkZwyTDt1v","baseScale":9,"quoteScale":6,"baseVault":"9CgWdLCkkVY1Mi95c8p3oKvCM7Fu3JQG9EBmRPvgBfoX","quoteVault":"4mTDtiiSvjeqEYJcQVfDgbKBVJNpwjSyTc58q7GdB8Vo","requestQueue":"2aaWVEBDMsUHRAfh6ZK4A1m2vBs3eJaPr5LhAcfh8KWu","eventQueue":"5SVX8MeCrxVjWazeD5oeWjYBurHvygpma4NyTi9hmGws","bids":"F7G6Uvk6pRT3PnhZLm5YGA4GGTWHE8AfrdTVqyPc9fuC","asks":"83tUsZUQeXDZR7uhtWHin2epPdjMNPtdyxCNgcFyhaFS","vaultSigner":"2c7BqzhwBCb86DprTKte7UfK6F4Xwu4B1uX7YsWZ4c7G","takerFeePct":0.0004}