{"ownAddress":"2j2or38X2FUbpkK4gkgvjDtqN3ibkKw3v5yn7o2gHqPc","baseMint":"DkbE8U4gSRuGHcVMA1LwyZPYUjYbfEbjW8DMR3iSXBzr","quoteMint":"Es9vMFrzaCERmJfrF4H2FYD4KCoNkY11McCe8BenwNYB","baseScale":8,"quoteScale":6,"baseVault":"UAzUzSA9ZvqcFWkZwgPDoheYKT7cbb2op4FeHeVtvPu","quoteVault":"7LyYTu953iYGP6n8QxTG1Z1a571FB6p3TTL5xrNmD6AG","requestQueue":"kDac9faGKTGP1MK6B4vxGotP18j7aE7dc51QJGny2UV","eventQueue":"7cx9JAEwaDsutczxqaMjKZ863ZnoteeoZSWsE8HuctYr","bids":"E8keKHSLpqT1rVm5RvKUBpTgMKEk6VfDs8BNp2Jq5i1U","asks":"C2pharwXz2fbyYK7xDK6oUEE5QRCSczk8mCT94cHiEMf","vaultSigner":"EH7AqLXyW21rkpn8NKVNQMYA9sPsfVBt5DZ3FLGwSEod","takerFeePct":0.0004}