{"ownAddress":"2JiQd14xAjmcNEJicyU1m3TVbzQDktTvY285gkozD46J","baseMint":"AFbX8oGjGpmVFywbVouvhQSRmiW2aR1mohfahi4Y2AdB","quoteMint":"EPjFWdd5AufqSSqeM2qN1xzybapC8G4wEGGkZwyTDt1v","baseScale":9,"quoteScale":6,"baseVault":"FUhWxowvm2pQN57HDse6PbLQnjDhxRH4b1GkuzBk2rxJ","quoteVault":"EKJov6DCNg3EmMi3XqUuCTcUC5WA53ctddqbn1uJKQ2U","requestQueue":"9q6i83LpeZVAB6zGfo3XneWp5MFbS2R2BvsW4xXFhuVz","eventQueue":"4suis45Vr2foeEBHphhN7SSoo1SG5M8gKKfKzPhmTrqJ","bids":"5gSw24yBtApkdc4dETX1aXBXDaCUb8rMR9PQCtmNr8hQ","asks":"B3CVAFGrGQswjd5GmXQ5fbL8pWBypZFmpL6zEYe8am6r","vaultSigner":"CPmzWBRrY8DCnytvwEmxg6x96opzbcFAx7Dyc4CjXMur","takerFeePct":0.0004}