{"ownAddress":"2JYtpRB51ShaB7i4eaQyx6QYqWFmm38CAakFSMP8xush","baseMint":"BDrL8huis6S5tpmozaAaT5zhE5A7ZBAB2jMMvpKEeF8A","quoteMint":"Es9vMFrzaCERmJfrF4H2FYD4KCoNkY11McCe8BenwNYB","baseScale":9,"quoteScale":6,"baseVault":"4NYDLRW7d98CZSidijemBjrytMhXUiJ392ZfR9hETMcW","quoteVault":"Gajetwt8w4U9tML9B6LtFK6Xwe8k17rqXd8vdk3cbRF9","requestQueue":"9GuKhQHQjM2LKeLMXtCkkm9vKmLPms1PbUkGgMHypPWL","eventQueue":"E6mxCJvtLFAXVrsrADfg1xzuq53ZfQKfrPAHfByK5vGR","bids":"FY7GaW6CrhEaY22NViiUbgntgjgAe9CmmruSZ6DVA9wW","asks":"DJeTzwePCmQrM6rKAu5FGuDSb52sRVUtssWG2Xr167sf","vaultSigner":"FCX6RLGNhzhBBgD899VHaJvo1m8B2MeevVx55fgC3qTW","takerFeePct":0.0004}