{"ownAddress":"2mNbHja2Sy5TMSjKdD4qdrsXpqemoyCvpZaHkDctZa1N","baseMint":"CFbdjaKonbBQTYG2GC6CmB7exofgDYGCDR8tp8KVGS7T","quoteMint":"EPjFWdd5AufqSSqeM2qN1xzybapC8G4wEGGkZwyTDt1v","baseScale":6,"quoteScale":6,"baseVault":"D5xX1FDjZ6wCYN3TMDEgguar31bpy2tszg8hPLU8rUwm","quoteVault":"6Ez6GdSDKCbmDaxEf4yuq7TrWZhEk95p8VBUpFSNFvod","requestQueue":"D4rTieikfLZVEeZmM8quBYCXxjkBjim9QU7QRkp9PkQr","eventQueue":"GTR4xaxGBDAteJQDmhnRfLwmo5GEzPxqNy5Nnyj4x4wm","bids":"5w33NKop63gURa8Uc9msBhdak3WQFM4wavqAH1Wd1U29","asks":"6R5N1EivqJ69YU96A8rnMerM6gNBZKJVQWps2htvS6fV","vaultSigner":"2EqsYCxUCQTpjqtyq67iwAu5GLkU25HKgDA8RLHijSaA","takerFeePct":0.0004}