{"ownAddress":"2MvXnxngd1gKp6gE8Q63wiPHSpveWcx8x4wf43VpyiA6","baseMint":"PRSMNsEPqhGVCH1TtWiJqPjJyh2cKrLostPZTNy1o5x","quoteMint":"EPjFWdd5AufqSSqeM2qN1xzybapC8G4wEGGkZwyTDt1v","baseScale":6,"quoteScale":6,"baseVault":"pLX8sCH4jNJVS57goC6Y7ujzLH1gG88Mej5UWwc3eFo","quoteVault":"4mBaTptwEPRwdBzBfLu2SixTAawqqrP6UsoFgfUcfZr9","requestQueue":"B9KifxYgGQ4cSyHAJMzRMNjJkTmS4QWKgcKiAGkEC54g","eventQueue":"LczT5PA64Uq8CBYCN73DH27e2X5r2PwPZLFCTTCUoJS","bids":"FYWe7bjakwEz22Tz9ujt3vNtzuAZX5B9ceVutUrqHS1v","asks":"8vD5fzFY3AVv6m6oB88shTbaDxYa6ufVeTHhy5zJ5RkR","vaultSigner":"74GRGpvNtRDZkx8M9SVBU5Z4of6j4vPFWQyFX3ZvV3fg","takerFeePct":0.0004}