{"ownAddress":"2nFXPnJQJjEKg6Jwa4GvxGsGTXmtUJbx1dxtUEzwHyqc","baseMint":"BnV3XcZUbNsuonNKqkQrZSvCN8tVYTJtDgfUx6DJ9riy","quoteMint":"EPjFWdd5AufqSSqeM2qN1xzybapC8G4wEGGkZwyTDt1v","baseScale":9,"quoteScale":6,"baseVault":"FUfXZLHmJJLCj57EcfsvdAK77Gr3SoVwPGqyup7uHRUg","quoteVault":"ENdgtKWwmmksZRVJedGPFYZipCrJXAfiS4co2Reb6piG","requestQueue":"35Vx5emBQdjFaDL2LbcCV3mgHMQAyLnQcj797RSJdRPU","eventQueue":"8RjB1Rx3Bc2y8usR2WjrvkiEyXuBkxndRX7DXTYETGB5","bids":"5LhX3cF3FFufmEbk1MNc7Y446fcCfWkaUeYAbMYM1YFA","asks":"6AfHeWKpNNGGmwrGPHqRbzHXWVNM5FkR6ktyUEa3ncqe","vaultSigner":"J9eRwkLGDQuh4G17nM1JJPDNVBtC7iY81Uqyxa7Wmi49","takerFeePct":0.0004}