{"ownAddress":"2Pbh1CvRVku1TgewMfycemghf6sU9EyuFDcNXqvRmSxc","baseMint":"AGFEad2et2ZJif9jaGpdMixQqvW5i81aBdvKe7PHNfz3","quoteMint":"EPjFWdd5AufqSSqeM2qN1xzybapC8G4wEGGkZwyTDt1v","baseScale":6,"quoteScale":6,"baseVault":"4LXjM6rptNvhBZTcWk4AL49oF4oA8AH7D4CV6z7tmpX3","quoteVault":"2ycZAqQ3YNPfBZnKTbz2FqPiV7fmTQpzF95vjMUekP5z","requestQueue":"2ncWnY9QuCdNAX4gLutkNoKr9R1owDY1bhLLV1yH8Ukf","eventQueue":"2XHxua6ZaPKpCGUNvSvTwc9teJBmexp8iMWCLu4mtzGb","bids":"9HTDV2r7cQBUKL3fgcJZCUfmJsKA9qCP7nZAXyoyaQou","asks":"EpnUJCMCQNZi45nCBoNs6Bugy67Kj3bCSTLYPfz6jkYH","vaultSigner":"B5b9ddFHrjndUieLAKkyzB1xmq8sNqGGZPmbyYWPzCyu","takerFeePct":0.0004}