{"ownAddress":"2QCfZRxyDCKKgB16AXj4kcYCJJAht58MpiXHcmMuCJMb","baseMint":"pskJRUNzJbVu4RaZSUJYfvaTNXmFdRCutegL6P2Y9tG","quoteMint":"Es9vMFrzaCERmJfrF4H2FYD4KCoNkY11McCe8BenwNYB","baseScale":8,"quoteScale":6,"baseVault":"B6ugg5DhKJuFE2oAAbM84pjN6SQ5tWeFb3XQrxH8xYre","quoteVault":"EEtLdfYuXn551TEPCtFxaMMu3qxJREZ15MXMpVFw74BP","requestQueue":"G3Gfxxx7wjLYDtL1As3iJR3tyXHj1Zw9HZiT7WHgEcwG","eventQueue":"2V4AkgNZLXk2eXuMWHZkdVjQE8wuBes5oyz5Rc3KvMNE","bids":"5S45hAaHKHE5Dzz2y9etgD5WFo4AmaC7ffC9hWKsuDox","asks":"3pqj9BEGEYPWu79GNct123hoyEbRfLnPNyYFcLEW2rmj","vaultSigner":"2yM1cpf3uonqkbwxeYjoThzSVGK4m8k3WVsCmsiUonEn","takerFeePct":0.0004}