{"ownAddress":"2QpyREawoSEtntAtqVCWP2Q6yt78bp5seT2vLHkYQdMb","baseMint":"DhYTJPmUa5kQZfLgHb1soubgaK4VLZMxb8CTNY1vZ93S","quoteMint":"EPjFWdd5AufqSSqeM2qN1xzybapC8G4wEGGkZwyTDt1v","baseScale":9,"quoteScale":6,"baseVault":"78vxWHxo6hhXeNNASn7Cq4eRDSbgP49iEDwUWiEs9m5D","quoteVault":"5wMy6UWhTb36c5C76qcFBHiaiWZN53fzYgYYADHCbLYK","requestQueue":"5VHmqsPEPYuJWsry4i276SmQ9KB2Z9LrbaPDcp8hPmr6","eventQueue":"2Bg6RwyNP5iJu2yY8P8TJtfSE6LXhruRYnLAqam3H6zb","bids":"9jiRn4idyNU3bdEafqZBz6qriDaFgaDFgth872Mhf72i","asks":"2WMU5z2dvT8NUF2QRpYeQioxzCpGXb7dYGyZ29gfNhk4","vaultSigner":"FwgfiEM36FjjtQVfA62TLTxg4bKFivN28UvcrDiMkZrX","takerFeePct":0.0004}