{"ownAddress":"2QxNtz8xeSZeY5kmFsGUbsqwqE5zQXdMfeHYUac1KvuT","baseMint":"epchejN2prm44RwMfWetBkbMr4wnEXHmMN9nmKyx2TQ","quoteMint":"EPjFWdd5AufqSSqeM2qN1xzybapC8G4wEGGkZwyTDt1v","baseScale":8,"quoteScale":6,"baseVault":"6Zrdotr1PNy6uHAGNxNEQvkex7vhLj3SwMhM3EcoPaEZ","quoteVault":"DusEQaQ4sa8QKPfeMH73LXobBLdt4xFWLxp24LVEU2os","requestQueue":"2P5wQZZ715cChVmxqfh4aVVhgdiFFZr31AeeZp83Uhrk","eventQueue":"DBg9pbr37DwPghCQjHSSnJCjemSCbDj3GZ6ee6KrTp3o","bids":"9jvrs44FXM7fvXGdxRSyhiaJZFt2hVj1zLYAbiZPX9gj","asks":"AaFtyWwc5NJVf6QJG7CdQdB1RBVFy3L5YqMTiq8x4ZN6","vaultSigner":"34euXeXqtRmw3WLzBeSkKAKo1YRmc6WQJkmz7zkFv4qP","takerFeePct":0.0004}