{"ownAddress":"2QXXnRnSBi4tviNUAsYv7tYDvYb17BQhK5MxR4sX5J3B","baseMint":"5KV2W2XPdSo97wQWcuAVi6G4PaCoieg4Lhhi61PAMaMJ","quoteMint":"EPjFWdd5AufqSSqeM2qN1xzybapC8G4wEGGkZwyTDt1v","baseScale":9,"quoteScale":6,"baseVault":"GsrUykppfzzhUxRcRMWmbj8oRNy5CGikisWB8bWiRieT","quoteVault":"EgXBu27PhvBwMMqnBtVH3ZGt9LR9MbPueRLuRAHYrnWz","requestQueue":"5RfRhVaTbiFWtp1dFuAScFKFYJKFHNYjs2TJr2nM6z3Z","eventQueue":"J6SCah99q94HnGqe3kUoxeZVpgE2iPb8zCdRiZWgHks4","bids":"6sVbjbAG4oamuGw9hfqARLPa1ipvPaBBko2J36wqfp78","asks":"4YJhQFQbyjJkRK7xp74kHG8CCt879Lyj7jxHwonqEonn","vaultSigner":"cpBCGQoaMbLiYqQui1qCc48XNkc5KLWNhGEp21Uf4qM","takerFeePct":0.0004}