{"ownAddress":"2sdQQDyBsHwQBRJFsYAGpLZcxzGscMUd5uxr8jowyYHs","baseMint":"FNFKRV3V8DtA3gVJN6UshMiLGYA8izxFwkNWmJbFjmRj","quoteMint":"EPjFWdd5AufqSSqeM2qN1xzybapC8G4wEGGkZwyTDt1v","baseScale":6,"quoteScale":6,"baseVault":"HHBEQnNnPwMhRbyiVYvET2GfdFs2tUF4kcyYUd7mdU7k","quoteVault":"AQ4XA4eUPbmkrxForC6P24gMW6ozv4XUY8HzuAs5SKsA","requestQueue":"CXmKDVyHH39D9zi7qFrrehJxAka3HTqRHQfSGNrQoBig","eventQueue":"AVL9buJzjn69bo8ZtK6UacL7KaNKQSQyEJ9jPkmLjDbV","bids":"2TZ3U3wed6DeM6teUJfZCYFerthdG2xYKcYBUGZtTozE","asks":"FTnrFFR7HtYFCi6citKX2NFgdAP2KumPdpSs23V8VQHa","vaultSigner":"C98tgmCJpdXYgwsURupvWrA6zhzyGsbE3g4NUxi9PUG4","takerFeePct":0.0004}