{"ownAddress":"2SKeHUgqZm7k9M6MCgfz8XuSorhb3RtJyRrCxBSdbu6u","baseMint":"CDJWUqTcYTVAKXAVXoQZFes5JUFc7owSeq7eMQcDSbo5","quoteMint":"9n4nbM75f5Ui33ZbPYXn59EwSgE8CGsHtAeTH5YFeJ9E","baseScale":8,"quoteScale":6,"baseVault":"Aghwg4vFYAVVTkMUc3FJrhBFdeCMaziHFYQPd8hzAExD","quoteVault":"HMUxyUwA4Lh3bahvcJmPNxzLcfBmfetZnWpAavvrHAbB","requestQueue":"ERKREJFFbGuHruVNVkYX1pVtc4p1qmCkPLE5UD15ZnGH","eventQueue":"72aARLDyWUstGMSRW3ZznBxhE4TJQY785p4GUueL6qhd","bids":"6s5b4PF6pSf3sEw2nCd6Y95wSUPGMb3D3W6BcQB5rTxU","asks":"9z1fFQ16NhBZ9mE6dWKaNkM7Wb43R1N76EmK4S4u4jKf","vaultSigner":"8MRaY66pfMadBMv4dVNv5USXoy5dPK6aNCN3cswHn3XD","takerFeePct":0.0004}