{"ownAddress":"2SSnWNrc83otLpfRo792P6P3PESZpdr8cu2r8zCE6bMD","baseMint":"DEhAasscXF4kEGxFgJ3bq4PpVGp5wyUxMRvn6TzGVHaw","quoteMint":"Es9vMFrzaCERmJfrF4H2FYD4KCoNkY11McCe8BenwNYB","baseScale":6,"quoteScale":6,"baseVault":"EhSc4pZUqjY79y47rG6gTdajUPfCHKJbQjHTwuKEzooF","quoteVault":"DG3f5MEW97R5T8vkuYcxFS1BLKP9sYJTKqXRp4t5Zb2V","requestQueue":"FSiDiPEmgPd7GYWGUMoQPCUvyGU8Nts2sbV2En631HS4","eventQueue":"AahrVPVWYCTiqyNGbjGckDfGyn16D1fzQuHvuynfGSde","bids":"8h171qb6GJLKjVc1UowFc7mE8kyE21qvaYAsdYUqU9aj","asks":"7hJwfERbLXAoPDNbUS7pxDd1P5DFM3KaWY88K41quGaP","vaultSigner":"E86HTQhAAvYWUkEQMDLYBqc5ui3mvHtfRvLpHXxPrCbV","takerFeePct":0.0004}