{"ownAddress":"2STXADodK1iZhGh54g3QNrq2Ap4TMwrAzV3Ja14UXut9","baseMint":"ETAtLmCmsoiEEKfNrHKJ2kYy3MoABhU6NQvpSfij5tDs","quoteMint":"4k3Dyjzvzp8eMZWUXbBCjEvwSkkk59S5iCNLY3QrkX6R","baseScale":6,"quoteScale":6,"baseVault":"Ea7ECm7a3ECLnvJJMpZS9QrWbYnb8LkqVvWCXtmFVzWX","quoteVault":"54a18egZToocQ2yeCstCrtYZLAj3z82qfLG4Ed1quThb","requestQueue":"6TKbqwE4T4RsSz7RzR8dA8E6r31o4CCJvziHAFmME7qu","eventQueue":"FwHwAcBc54zm8XjtNxvaZG1t84shzYs68z3BAsKZdoE","bids":"FKgbQ8Sdv9d44SMrtLMy58EmP3V59fvjse2UUQ8mNCxd","asks":"CNcZwNeBA1QVL1Kzq3n166RSvUocLrKNs4nzTGXgVPuE","vaultSigner":"F1XJJ2fkPiiYg1hWnDD6phMfDd8Sr8XwM6GKFeAZpTmr","takerFeePct":0.0004}