{"ownAddress":"2SYEhWKQd7fUt4x18vNnQiLasG1EPAisFyXMDwkSjkKR","baseMint":"A9UhP1xfQHWUhSd54NgKPub2XB3ZuQMdPEvf9aMTHxGT","quoteMint":"Es9vMFrzaCERmJfrF4H2FYD4KCoNkY11McCe8BenwNYB","baseScale":9,"quoteScale":6,"baseVault":"HTtdkefntAe9LQnwuHQU4sFjpWA7GA1XYPNUFiuSSpvf","quoteVault":"4XEN3a8opq2KZdA66PV4QfHyRQbbd5jBG2i9eV7NYvN4","requestQueue":"ChtVK4soN2BxSTCZox1kvPxTToK1uocyHJeaUfQimp8x","eventQueue":"4gGEYL86K196CxkK4J7iTmkH77uzTJ4MasBQjTinBo4R","bids":"CuowyZBXaMY3h72291yxwHQRei43TW5Wss3QHHeXm15r","asks":"C8UWCd91LEcEU1FcL59rkbBaTvvh1dWStKWH368Rn614","vaultSigner":"26FfdqVWUuvTafqkgnc1YHGs8PacZfA1YYFZwRmNJSv6","takerFeePct":0.0004}