{"ownAddress":"2UpuTQXrtbPwNSn8e4oXCvdVXqjGuRjvUmosq7iyBCFx","baseMint":"8Wmonq7dhFJXuHqFCcVgWTmmUPCBC4C6J5xbB5HhGb6n","quoteMint":"EPjFWdd5AufqSSqeM2qN1xzybapC8G4wEGGkZwyTDt1v","baseScale":9,"quoteScale":6,"baseVault":"8jaHyEmTDw9Stgnzq5CpEFeUNAnfbBKaTmTqVcMcNNCx","quoteVault":"Eosaz92ShdW3zZLb7YwWe6v66XaDNzdKUgV8TcG8FGBb","requestQueue":"DVjJJcwW7KoaGkWPMd5pP9RKZ1RfYsWEcVnDYkfPW96v","eventQueue":"7nCa16ZZP9q3TFCZ2mgPYWqBB2pFpkJf6RYUZiPC5uoD","bids":"5sWL5zBGbrZzS8k2isJEQqZc8px1k4X38DmCcsJwiWep","asks":"FqgP7EG9Jh32EkJaxYWq4hUxH8BK8cdY6pEYFAiTaNWz","vaultSigner":"2zGzk9AaiDVHSAZ69ad3BYaZt1oLoRmwB7cNZFfDoAsu","takerFeePct":0.0004}