{"ownAddress":"2Ux1EYeWsxywPKouRCNiALCZ1y3m563Tc4hq1kQganiq","baseMint":"E5rk3nmgLUuKUiS94gg4bpWwWwyjCMtddsAXkTFLtHEy","quoteMint":"EPjFWdd5AufqSSqeM2qN1xzybapC8G4wEGGkZwyTDt1v","baseScale":6,"quoteScale":6,"baseVault":"54vv5QSZkmHpQzpvUmpS5ZreDwmbuXPdbGp9ybzgcsTM","quoteVault":"7PL69dV89XXJg9V6wzzdu9p2ymhVwBWqp82sUzWvjnp2","requestQueue":"8hjDwpqtyoTn4dqUDmrXSbmWZES5jVe1bjCxukP9Lh5d","eventQueue":"8Y7MaACCFcTdjcUSLsGkxqxMLDaJDPSZtT5R1kuUL1Hk","bids":"34oLSEmDGyH4NyP84mUXCHbpW9JvG5anNd3iPaCF55zE","asks":"Lp7h84DcAmWqhDbJ6LpvVX9m45GJQfpvMbWPTg4qtkF","vaultSigner":"CTcvsPoWroF2e2iiZWe6ztBwNQHiDyAVCs8EbQ5Annig","takerFeePct":0.0004}