{"ownAddress":"2VDiUJATXD5i7YX3hwWwmC2Y4ozAj7JEEWvXvr34NV8v","baseMint":"AMp8Jo18ZjK2tuQGfjKAkkWnVP4NWX5sav4NJH6pXF2D","quoteMint":"EPjFWdd5AufqSSqeM2qN1xzybapC8G4wEGGkZwyTDt1v","baseScale":9,"quoteScale":6,"baseVault":"3yCc5zAESajUBtE64S14wctYV2NFDrcCm58KfwF1wXun","quoteVault":"HZiE3f3fN3wmikfCSufMDkDenVBFZzESAWM44HmDXWAd","requestQueue":"8XU5tzdaZYMmU66XQPvNaQpBmjsd4oVqx2jgNezZ1pou","eventQueue":"5p9A3EwbWZU6wEvSUgNibS6HTRGB4uTMhWJX1xGZBBWF","bids":"EFHyrmdbNXFuSwiAr3mSSf1hgvz4z6VzhjVUADxBEz36","asks":"45DgM9tPbvf6pJLEQcLQnzXZbF6R74NvDifPNna6Vv93","vaultSigner":"Ce5NAeYigU1GtsFKP7srYYYrMaRuw3x7c8q4Sx9CpwT7","takerFeePct":0.0004}