{"ownAddress":"2Vjv9sdvuSzFzxJ7mBPRibRUXKBPUnhuqX5Gr6GGY4nv","baseMint":"938xXsPKhBAXDLUfWNYuZdsnj57oGF6fCz8P6yLom19f","quoteMint":"EPjFWdd5AufqSSqeM2qN1xzybapC8G4wEGGkZwyTDt1v","baseScale":9,"quoteScale":6,"baseVault":"FrV27Ut5DANGEydbV7FKRVd1xvmvXEQWFphCadXasyTf","quoteVault":"DrQgytBqxQxNeme2pFpZuGxNJm9jcjETt4SGXxY88NRm","requestQueue":"7c2jpwuRbodr1CGXXSV45Neg9FPJ65DEraDkmRYJDbgU","eventQueue":"3jSefWY4UHqhtpvyRjq86cWm7uotdtCzrUZxo29s7ytD","bids":"Fva6ma94itzPyCpCAYPmgRjyu77Rxqw3Z9CyzVjwKAmR","asks":"EkxELMZNYx39tiKt1CYwQDctP8dyK1PCzxmREW7CwGpa","vaultSigner":"4EjVoFqirEJ4ZFcerCUat45yyRQrhcNvKusqknkpMSr1","takerFeePct":0.0004}