{"ownAddress":"2Vn1MPTujMar4JMvijG6qwbyedLgPydPFm4Haqbe6Dua","baseMint":"de1QJkP1qDCk5JYCCXCeq27bQQUdCaiv7xVKFrhPSzF","quoteMint":"EPjFWdd5AufqSSqeM2qN1xzybapC8G4wEGGkZwyTDt1v","baseScale":6,"quoteScale":6,"baseVault":"AYvtq3wYpbWbEwFSk7MT2BcrFd42oU2BdtmLWXyi7hRb","quoteVault":"CQKruH44UrtSb2xrSD9EN5oPNe1ozCsg31MnFF6hyqcB","requestQueue":"BYbhgzRHBX6FLCkcAEcB2PQoQM9GhNLQTU8sYpxWB5Vy","eventQueue":"75rD3qhGQt3Ah7onVUMGQCDGsHEeWGjf5KbSmASpqU4q","bids":"4zXrmfxQFQTESbhKL7HLkeJLpMawmN55PJM9RZjirUHt","asks":"77vca56tQ8DjTVfEWkRghvu1FZp51MSsafssZMhwWeRK","vaultSigner":"3AJWGMc6fq75pvmsMoe6dhvuyDudSk99mzrKRarmxT8V","takerFeePct":0.0004}