{"ownAddress":"2WghiBkDL2yRhHdvm8CpprrkmfguuQGJTCDfPSudKBAZ","baseMint":"GeDS162t9yGJuLEHPWXXGrb1zwkzinCgRwnT8vHYjKza","quoteMint":"Es9vMFrzaCERmJfrF4H2FYD4KCoNkY11McCe8BenwNYB","baseScale":6,"quoteScale":6,"baseVault":"9zPg4vXy5wcQkurVjpTYaknBGYL3E6ohRHXNWt6FfZQ9","quoteVault":"3yzADvxQ9QRH5y1ZSGmjuH5Ak4ddAKmR7cTi6zQbWGVC","requestQueue":"3UExuvGbXruqfjUBUVgM4fYEMUhDi4gjK8P2dNLtaj3E","eventQueue":"3riEzwC55FkBXbCzsyNX3H1UDyMGgxvDHf7du4ATDgR8","bids":"7Kh354pjHiyy9p5yBn4rDQxbvnxmYkjBkWNUZyE4s5Fh","asks":"CGAZFVi6QNnTfnWRZbZSYVWaKu8iw3xtsiZ3MRusnbGV","vaultSigner":"3FSm2cbnmC75BgyX3SJ1aZRoiXBNdyLVGq5LpmVcJRmx","takerFeePct":0.0004}