{"ownAddress":"2wgi2FabNsSDdb8dke9mHFB67QtMYjYa318HpSqyJLDD","baseMint":"GFX1ZjR2P15tmrSwow6FjyDYcEkoFb4p4gJCpLBjaxHD","quoteMint":"EPjFWdd5AufqSSqeM2qN1xzybapC8G4wEGGkZwyTDt1v","baseScale":9,"quoteScale":6,"baseVault":"DckgBxFNQNQA796Jg12dRpCZZ1nBqus4PDbKQhfmJraf","quoteVault":"2jZJzfVGgHdzVq1e3HpRz9U5HnByoazyMzQ3jexn4jUE","requestQueue":"JA2qaQY2ccWcW2XxH1RMxuuv5mHjpKRAAeQvMStrUDkE","eventQueue":"CzKrdXjLtZRq3AyrwN9MZ667Ka9buVFESJUbEWBezxCV","bids":"5iME2kvAv5jVsw9df7EXXUNQtV1uUyFtibeHj6fF5T3q","asks":"3dBK4di97jAPzQAkz39wUwmQ6qbW98H1zsmrNxEUZVif","vaultSigner":"5RKd5tWKtvEocrQgf8vCo3BkPcjXYnTJWRBmNadCMemR","takerFeePct":0.0004}