{"ownAddress":"2wr3Ab29KNwGhtzr5HaPCyfU1qGJzTUAN4amCLZWaD1H","baseMint":"873KLxCbz7s9Kc4ZzgYRtNmhfkQrhfyWGZJBmyCbC3ei","quoteMint":"EPjFWdd5AufqSSqeM2qN1xzybapC8G4wEGGkZwyTDt1v","baseScale":6,"quoteScale":6,"baseVault":"Hz4sxELQ8JmTbJsaty5q8dqPHw3AfnVSmrUR5BsyjYFd","quoteVault":"9a7gWP81bDZ1pXPB2kcSWTDPz1zwfscsE3KpwVPeQNvW","requestQueue":"Ft3ZkP3ZSekdzQDtYgDa6PSVYNSLXWzRDg4ejdyDZr8S","eventQueue":"BXdcgd5iXt2ftv6CHA5eepFAvK2Pra5iDifhUrDbjqhD","bids":"6aEywQGbb4Vppecesy5cbUMgxdMkgV1VMbKcgaX1ZRuY","asks":"2RdSD91fYL4uG1fva4SFrpWL9HuXMJyQZPF9mxFufFQ6","vaultSigner":"Ecof1owe4G3sSGXtWPRD1MA9hp5UvZPUeV8Dq4LTWpKh","takerFeePct":0.0004}