{"ownAddress":"2wteg25ch227n4Rh1CN4WNrDZXBpRBpWJ48mEC2K7f4r","baseMint":"EzfgjvkSwthhgHaceR3LnKXUoRkP6NUhfghdaHAj1tUv","quoteMint":"EPjFWdd5AufqSSqeM2qN1xzybapC8G4wEGGkZwyTDt1v","baseScale":8,"quoteScale":6,"baseVault":"3JTjTByokXo9VinZmWdSUwgCayr6UpGsd4KGSVDQFbxK","quoteVault":"BzJXrrfmGoZYfR8Gi4NXFntzMAqmz2Y9baerPWGt4BAD","requestQueue":"C8r6aa1gxzcyRAHD9dFMfDtKPLhne1nDKFHjKY6c3R6j","eventQueue":"4sW3ARBR5wWWBxG3McPqWn4n3edUcsgw2adCbSDmDCbx","bids":"339GXvBYKM9bnymARvNETHVZmLkoDLDXacTXrQSAUNEN","asks":"HUYMCSJUwKAmX23Miz3AZ3i8q3aGjzPi39Wc9VqxDYs1","vaultSigner":"56SF3PHCq5oXpJG97Ro1Q5V13zD8ZdmzXEyCrceFqi1M","takerFeePct":0.0004}