{"ownAddress":"2x6dmFevT3MGCZYPE2eagautjyQFVq4YwHsKow5bCVCs","baseMint":"ggsgHDoX6tACq25XhQPUmbza8Fzwp9WdAzTU1voTwDi","quoteMint":"EPjFWdd5AufqSSqeM2qN1xzybapC8G4wEGGkZwyTDt1v","baseScale":8,"quoteScale":6,"baseVault":"4vRzGvd38yyAbh7DMxXp48Sr9A6t6BY4CT34QF28p4dL","quoteVault":"46VaWPetMnBFNBYw5BcQSmdQcunDxGsomV9nFrkyk1Yj","requestQueue":"HC55Qu1QSvMcyPtZ29bxymyadWTY7s4UkyEB8BmSLpu8","eventQueue":"ADFCemEjTrfF3AGNpMztp2wPYdrFJUkWcJ9JbJmyT6i6","bids":"59kTkUzFgUgM4QE88XK9KYgYkdGmFv29Gfk7UraJTP2X","asks":"3yhvN9ZkrNyuD5DePHo1CgeKQwqvqn7FTfQUgSqXcg6a","vaultSigner":"32ZjCsYn5ZSh7ZyQCQi1tzh5GyVua94dTBnpcmbpJeBK","takerFeePct":0.0004}