{"ownAddress":"2xiv8A5xrJ7RnGdxXB42uFEkYHJjszEhaJyKKt4WaLep","baseMint":"4k3Dyjzvzp8eMZWUXbBCjEvwSkkk59S5iCNLY3QrkX6R","quoteMint":"EPjFWdd5AufqSSqeM2qN1xzybapC8G4wEGGkZwyTDt1v","baseScale":6,"quoteScale":6,"baseVault":"GGcdamvNDYFhAXr93DWyJ8QmwawUHLCyRqWL3KngtLRa","quoteVault":"22jHt5WmosAykp3LPGSAKgY45p7VGh4DFWSwp21SWBVe","requestQueue":"39mE6bYktM1XAKKmB6WN971X3Sa1yGkHxtCTWMkVrwN2","eventQueue":"H9dZt8kvz1Fe5FyRisb77KcYTaN8LEbuVAfJSnAaEABz","bids":"Hf84mYadE1VqSvVWAvCWc9wqLXak4RwXiPb4A91EAUn5","asks":"DC1HsWWRCXVg3wk2NndS5LTbce3axwUwUZH1RgnV4oDN","vaultSigner":"FmhXe9uG6zun49p222xt3nG1rBAkWvzVz7dxERQ6ouGw","takerFeePct":0.0004}