{"ownAddress":"2yAM8Vnpv3rNtN5TDunH8r5QwG9sZhQsGKcEdpRi245n","baseMint":"5K1JtWpdSksVKaL6R2DuLpCDAjzxK6sq2CpXaXDWHVLg","quoteMint":"Es9vMFrzaCERmJfrF4H2FYD4KCoNkY11McCe8BenwNYB","baseScale":9,"quoteScale":6,"baseVault":"APAiQKDacwG3c7TYw2tyMhF3oCTVXDirGAfA3VDSv78Z","quoteVault":"9M54xcAtorhYXngkpdhJrqm5SVHSFvomdYKQLq5ABpRN","requestQueue":"6PrNKy6nEo8SWdCq78d2YdPYimGfiJCyKidAAdBFtdoF","eventQueue":"5mjZVJcnh3A7MqXJKknS2y3Xbvtn9VTtosdK6v2P2g9c","bids":"2tXGq8B9hGMfZmZR935J228WFJNqzPbUzoTwqgPwDZhH","asks":"3zpBEHjqnbL69RnTLzDX9xW8Bepr4SxTeVCcvqy6MjSx","vaultSigner":"2LSW8jhXU3ZvmRhkfQ1EssErAY22WfKih1qtWBcrdmkZ","takerFeePct":0.0004}