{"ownAddress":"2Ygu9Q8Yq2sszcuH6tToCz71AhNBWGPoKv9YWWBJER7Q","baseMint":"7UUWK4HFvkFvhd6U4DxCBi1yY7XWhQguabXK1MxtANKW","quoteMint":"EPjFWdd5AufqSSqeM2qN1xzybapC8G4wEGGkZwyTDt1v","baseScale":4,"quoteScale":6,"baseVault":"23xH4DY1RQ9YE2vgv1C7hH8VSotENHutPUzdtpZDCoJj","quoteVault":"6u4XZKEY6JvdMaNJa3ZJopKYg9rgy6KSxest6zSBGnbN","requestQueue":"CMknbVbqdAzabSbb7BSdMrjEWUXcFyFjjGT6zcbgn4DX","eventQueue":"AUDrTumnFDZzAtrck4L7xs9zaKKGnn5seATJge2xrmBX","bids":"DDaWMoeBE3n32RBpfU3ZATGZoFHqCYWaRCMAMnh5decd","asks":"7Au3SJft6AnUDioiqKY6M2ixrMNwP9FNJ1zyexQ9Aakf","vaultSigner":"5FwpMYZp1Su678LPzKBsuLrkiMrb737gtyCwFHUSELae","takerFeePct":0.0004}