{"ownAddress":"2yMZw2PesRePYdQgMux5YgEXJC2zEqth8TDR8L69sbk8","baseMint":"AMdnw9H5DFtQwZowVFr4kUgSXJzLokKSinvgGiUoLSps","quoteMint":"So11111111111111111111111111111111111111112","baseScale":9,"quoteScale":9,"baseVault":"ze2X4nnUmhkdUzMLKuH9P1eaub8iygHmHmhyW5tvXcp","quoteVault":"B7dpUuST362EVG7yMLGgJha2tGqQ11irLY2bXH5W3Nuc","requestQueue":"BySUZmBfZTQXFXsiSxcadFeSYkbyjB5KXTiRrfcQu8F3","eventQueue":"49ML8R5jdBrPAXMQ2zH8DC1zU3qiZvvWJFSFDJWztyAK","bids":"G2FofkR6gs4qyvskujgTd3cWbrqhYB28Uji5hueL7kgy","asks":"BN2GR9kkvcxEpnxBGVGLf8uwqdyMPYbR3G6PdKhaoPha","vaultSigner":"9HGCdnv6iG9PN6FSGXPKyTkVwNSbiZHrHLJkZbHYsCuA","takerFeePct":0.0004}