{"ownAddress":"2yoDhmTVdH9kc7v6pr4bWgUEzcd9pdF2tsWtSDhSeYPf","baseMint":"ESrrTHaNKiC9saxaudX2j9iCM9r8qHRcLSrW5ypQ3W64","quoteMint":"So11111111111111111111111111111111111111112","baseScale":3,"quoteScale":9,"baseVault":"DBxVy58yeZd9ZMtncABS2yscq3pDvPdeUdWCe6Nc5G91","quoteVault":"E83JXgL8BkTTsC9W5E9uU73ACNBUmArio1Xv1cdfGcoq","requestQueue":"DXz1jHcY6UXnnDUZ4GtipUGZvRw6roCL2XyPS7e4F5VZ","eventQueue":"5V18Yymug6LKw5LN2A79s5wrLEYYqLphEShZpGDZoHgh","bids":"7QiVBUTKHeRrGW2y2UAoXMsdPEgrFqkUFdFbntvzmvMz","asks":"FMiCKT3FUPDEyYpS7qtTkqsB3CXhcBN4i24ETHW57X9q","vaultSigner":"EojNc4zJFUWgXkwy67qN3vhiC4bKo6TDDvjykVNYDtTp","takerFeePct":0.0004}