{"ownAddress":"2YqCaodHzKRwJ6pyS2boVVmrSmDXceyGPspLhXwjEUUb","baseMint":"FZxUbyQ9oeFiSDaabw8KfAWACsDMQhbuxR9vm2Rh7Ewm","quoteMint":"EPjFWdd5AufqSSqeM2qN1xzybapC8G4wEGGkZwyTDt1v","baseScale":9,"quoteScale":6,"baseVault":"2qCZ1MgztZRpEF3hBvTy7sCvcD91WLGmav2k2iLDy1it","quoteVault":"3mYhJ9vZSPiUfrHDDc1e8tsuNbrHtSfhW9M14ye48LqW","requestQueue":"D7AorejnKdkzrU8usHCHE1uq68j37JaiLXgzVcN3xirq","eventQueue":"4E9a3RruEebu9QJEki71pFVPdbwh6JbtUVg9kWRYfyCt","bids":"J2zecjtqNF5QkyhUa9cHRDUbKwk77hE5QFX5deFqBV1y","asks":"AjfoWFEoZcycjvoznr15uoGxQvaVwegxoqN7tZaecEQ9","vaultSigner":"E49J9TP1xY8Yi3y5RjXcqzatwdAtcuR5DgbZ5iZTUHca","takerFeePct":0.0004}