{"ownAddress":"2ZBSfb6UB2wi55gQKghrfP7vq32ypFNfm48KepTJ4YfL","baseMint":"FZMcCAq9U65mymBjUxKXPUJehDJMLg54Ud5bTrmbaHYS","quoteMint":"EPjFWdd5AufqSSqeM2qN1xzybapC8G4wEGGkZwyTDt1v","baseScale":9,"quoteScale":6,"baseVault":"9X6S8JUTgXFbVo2mJAcm25Me9ZZ9L1JeRf13xDDYAHG6","quoteVault":"D5v1ibd1zRJL6RpQnESCVZdHqrjaRYQ3YJZ9HxiZpB7f","requestQueue":"HdES49zfrSBsWBFuTE92gKDDxZTpJSNAwnZ9TFTMCLup","eventQueue":"FVc71b4SqBsC9xNtGbD4cQPs152FYbFzfSRtHqtcz9mr","bids":"HPfjmiMJdkByy5c21JXeH7FCFLuCw5kas6CMCioLUeTX","asks":"HgsSX9a1fXiRazbpka5JpxXgajFfAfETeSXigFD3mKUX","vaultSigner":"GaHM16rBVVnGyP14zARTu2kUNDczwqPgoGDZ1gCx3JGC","takerFeePct":0.0004}