{"ownAddress":"2zJKJgDb8M57J8K5JHZqJyU5ZWZHsxyFtCPi6GdRCi91","baseMint":"MEANeD3XDdUmNMsRGjASkSWdC8prLYsoRJ61pPeHctD","quoteMint":"4k3Dyjzvzp8eMZWUXbBCjEvwSkkk59S5iCNLY3QrkX6R","baseScale":6,"quoteScale":6,"baseVault":"6j7NED29vGpuxvP93bmboW8Xg7APeQsQxDMJN1bWcGvT","quoteVault":"7iMFyTRDFphBP2yGMYzJ1KBRNiVGkETRtdiM3aHL3zXA","requestQueue":"B9V4v4cfZThPbM3YnikYJ2jey7tQBWsTFuoqUhPBvVZf","eventQueue":"3AFun7buXGinED2obUUCeaebtNswJJKaiUbAJGrLnKjY","bids":"4sZWqXVCP95XWjZ4VRRXckEo7f9CHo7JqHKLb5uxHBsH","asks":"G4veSFrG391iUoRtHk2i4n5U9mM615znFo8W8bvfiKsM","vaultSigner":"7pGsBYpbqW4CtPtkTVhF6YWDkKbJmHn4aA2y2wS8G3Ra","takerFeePct":0.0004}