{"ownAddress":"2zkPyHgQkKG6qJED6MTbjfCfUbZeT9VFwLm1Ld9nKxRp","baseMint":"Gsai2KN28MTGcSZ1gKYFswUpFpS7EM9mvdR9c8f6iVXJ","quoteMint":"EPjFWdd5AufqSSqeM2qN1xzybapC8G4wEGGkZwyTDt1v","baseScale":9,"quoteScale":6,"baseVault":"GDCY1JhhzYY6ERVD9gKa288HBniGCamSXGX8ZdGHPgTY","quoteVault":"GiTJMS3fWeQaFqLNeCekzShJbqZic9xDC9ZcFCaZpACY","requestQueue":"H7m9VadVJ4UPvytKeWdFgtUpSd6bBp9fWTZE8h8rBch8","eventQueue":"BHF1ecBATDXPgVhpYNjyXnDuAe8TJw2AKLmUy6FideB9","bids":"E3Mg2v7o2wYk5JvNFx6LJ32xGdDVRV4Yo1bQynWXTH5v","asks":"9171uAFLk3yYShaBvrCN9hzAf68roTgdfPtTppgJPheA","vaultSigner":"F8WWYgHRyeh9cqraiUwfY45W7WppV74XdsuPJqrcwfjf","takerFeePct":0.0004}