{"ownAddress":"35tV8UsHH8FnSAi3YFRrgCu4K9tb883wKnAXpnihot5r","baseMint":"EqWCKXfs3x47uVosDpTRgFniThL9Y8iCztJaapxbEaVX","quoteMint":"Es9vMFrzaCERmJfrF4H2FYD4KCoNkY11McCe8BenwNYB","baseScale":6,"quoteScale":6,"baseVault":"AYL32Pwo3FMiussnJhtMwgBGEaZwEX4fKRYgLiVvvFz2","quoteVault":"HXxEBpBizVwVPGfUwmxT26LuswR5aPkekYapzVEZ1ayu","requestQueue":"7S5VJorMyXjUMsZfgoaikqVkcQkKqLeHbqc13xm97nLn","eventQueue":"7SC5s8iWiAhSRZuc2MqPtGqhfKUa25GttJkvMt9RAVCx","bids":"CQid22KsYV4JBFLXy9tWmbZo2fnSen1SnpbgNGXUskQy","asks":"4cauJaD91DkWUDDpciDDPNg7hyjZnHKhb35P3LoPnzVe","vaultSigner":"Huwbj5Lp9WrEbjrtmCSkr1vxzMwgRRf53MyYLdDAijWd","takerFeePct":0.0004}