{"ownAddress":"36SH1fqWqdvkPEKULNcpGGerbfDSqdj6eif3drHDdE1v","baseMint":"5oVNBeEEQvYi1cX3ir8Dx5n1P7pdxydbGF2X4TxVusJm","quoteMint":"2FPyTwcZLUg1MDrwsyoP4D6s1tM7hAkHYRjkNb5w6Pxk","baseScale":9,"quoteScale":6,"baseVault":"G5b8z73HFeeAB55PS9xQsvoF8ffLQnufoRfory21DyUt","quoteVault":"Fu2qr1gSjcpfZaCrPm1H3adF3mc8nhUY5oZve4UbT5Pd","requestQueue":"6UHYMW28K7FvQUymqJK921JgES9c4amCTE5XhGBn81np","eventQueue":"DbowyabbRKe7nNCJcQ3R527qkWBKnVDS9mS2FDHWwm7Z","bids":"CQwrgyb3SiCg2EAnqtfcycuAubFPWVusK5KeYM3pJxe4","asks":"FHyh5uPho6u1R7hG1GBoJrEuogtdPwCPfysbkWgKz8Sz","vaultSigner":"HfE2r367u6sUmqJzRRXMmQ4GLjzh1ds1U6eLpKo7ohGe","takerFeePct":0.0004}