{"ownAddress":"36wb7iVPv5Rn5Q1ppqVmtJaxLdwgUYkr6U3SGa9iL3W1","baseMint":"DogscQVvNVj7ndEnhWiCXPVPKKwNy9fJd4ATF7mVi5J","quoteMint":"EPjFWdd5AufqSSqeM2qN1xzybapC8G4wEGGkZwyTDt1v","baseScale":9,"quoteScale":6,"baseVault":"6AEvV8Lpi95yWQocZdkjhbChUh9Ar6rSVihzJzNXcDQ","quoteVault":"2UL8WzSnNTjpQgSUG8miDka3Ncqa171Lxjcn2xaHzrU9","requestQueue":"4YGgPjWBXXLuwqT7PSLWY17VNYgw7L7ocZqhBsW7fJWs","eventQueue":"3oNJBZZ9uuZjuFrRT936ZJv2cwafYg7fxLzhYszFHra9","bids":"6iPVB3sDbbW4gJvgcHcQe1gh3z55yUt2vzQ8SaxvE221","asks":"Bq5XxLjbKWZpydmF91BpeDZTDGrQeFPGJri3P77S6MjD","vaultSigner":"3gKBMA9XfT5TUJtsBDkTaenatx6t3hzfjHktUhAuAaRE","takerFeePct":0.0004}