{"ownAddress":"36xvFyc7Tgst5WoLzohFEPTc5jzct181HuUunrT67SRj","baseMint":"meebAU3nZrU5PbUt3dVK6ExgbNWCUAkV7C3DaJKMZZ4","quoteMint":"EPjFWdd5AufqSSqeM2qN1xzybapC8G4wEGGkZwyTDt1v","baseScale":9,"quoteScale":6,"baseVault":"3RBDUPNTZMG5Ac95K9qjMnx7MMTCZumpYut95YgJWV4S","quoteVault":"H1kfFjapYcLdDW4cYMEzHKvzJZH52UH65ffBiwFzBVXy","requestQueue":"DJ5XJLECgstrZn47B5AQE8duji6i695NKrg1UPinri3d","eventQueue":"4BH6zomkzD4CA4tUSc9hVZC3Arwrkf3iTUDjUeRxPcvJ","bids":"5CgwvkH6ztddQGDH73SAYXiFf6K79AERf8XdotnY7ChX","asks":"4hBFa7CcrywwdJyfQqxHzm6LZhYH5Bdd1CYhxe9nhaTU","vaultSigner":"91FarzndNr67aSqM35CqEWG7fzawBppfZWPDhQcAdMzD","takerFeePct":0.0004}