{"ownAddress":"3A8XQRWXC7BjLpgLDDBhQJLT5yPCzS16cGYRKHkKxvYo","baseMint":"MAPS41MDahZ9QdKXhVa4dWB9RuyfV4XqhyAZ8XcYepb","quoteMint":"EPjFWdd5AufqSSqeM2qN1xzybapC8G4wEGGkZwyTDt1v","baseScale":6,"quoteScale":6,"baseVault":"5m151dijN5oGc4cTPUaP4ge17syYXG7nVZEEDMgZfpsN","quoteVault":"9q5c8tN2bgqQYfjX3oaSseDjcJ6gwtNHXfa6GE3dGA4p","requestQueue":"28nKN29VewugfC4ZdZM23RaWVaSt9Bv9ZK1LqacSjT9u","eventQueue":"2XszjcKbRGh8GM9zvAG4dYBUE2wn76iMZ2motFEEDUWL","bids":"Hp2gijwekwSqBm52bN4SJq9pp9Ud1SwJJbKMykmG7PzX","asks":"2wFENRvrY9gpnFGJBPnVrmr8NbXaU3jbK3fJQ12Xhan7","vaultSigner":"3Y3my8we4sHh9LBZUD1yxgGBUXvN5JRGcxzWfK17ejcP","takerFeePct":0.0004}