{"ownAddress":"3AVpKaaw3xhcu37iqprZWRoMkZ9EXXAcAecxzhNpaxnS","baseMint":"So11111111111111111111111111111111111111112","quoteMint":"CbNYA9n3927uXUukee2Hf4tm3xxkffJPPZvGazc2EAH1","baseScale":9,"quoteScale":8,"baseVault":"8uDxqRDTeeYRthV5p4cXCf22nhifkKjPAKq5ryjJdTnw","quoteVault":"3GXuA3mHhdj34YyUJ5Fn1CQRk3TiUwvrE4xJrfUcsTrK","requestQueue":"8fmY2f3knz7s6T3J6SaXE7CcZmaw77QDuPVj7x9KXScy","eventQueue":"HodAQtu2s9fgg5wz4ZtzKDJTKiiEWK4C2Vc2Q2des7kB","bids":"EzZNq2Bj5hDYYzzHR7eDB1EVGKG92MWswkuNvQ5WmBCr","asks":"GTTtVVp9YjjGTisr9mSLMxsGeVx71Huxc25DLA1dAoiZ","vaultSigner":"Dk43VU225Cmvwy2sPfz9KqFspJRxoYTJYELPbERtBW4R","takerFeePct":0.0004}