{"ownAddress":"3BqiaptVkdDCJWz3gea31z1tC3qYfBktUffrSjXjYHWy","baseMint":"5TY71D29Cyuk9UrsSxLXw2quJBpS7xDDFuFu2K9W7Wf9","quoteMint":"Es9vMFrzaCERmJfrF4H2FYD4KCoNkY11McCe8BenwNYB","baseScale":6,"quoteScale":6,"baseVault":"46m7hS7mBLgzoodGM7kJ2xW5dLartYjNw4is9ksc8Lwm","quoteVault":"3CnYvRw2bhmMufkvSA2CFodEuGuJE3z6rhc9mDnYAHWf","requestQueue":"ECveHQ2X9xoXc2sTGs2gae6Wr7J2a8oy6Y8VnPRHkNHk","eventQueue":"2tRd4V9MMpyQ8KkPyctqiLexmDBeKkS6nkH8burdMwZ1","bids":"C6p1HhpnN1dvKwHoLaQTDSbuXjzgxyKqAgyTioN97WUQ","asks":"FHnfUr4ZAypVNndmMH5Y1NbKqLf3wtMtxwSjWzKFPd4d","vaultSigner":"3Zi9aB5ApqWKKM8cG28nWX7kN9A8XXffcbxEj4zpn1o6","takerFeePct":0.0004}