{"ownAddress":"3cN1aMUUCyDC8VVcSyoC9ejAaYFkBKp65deCKJfbH7pL","baseMint":"GJQ1iDoPWWo7pXeNKhC9BLD3FHL2tgFEVGMHYGEfQZT","quoteMint":"EPjFWdd5AufqSSqeM2qN1xzybapC8G4wEGGkZwyTDt1v","baseScale":9,"quoteScale":6,"baseVault":"6w3MraymQCbdvd4softTnukayoN1ZRG12CJmee9CvyNp","quoteVault":"3qQQ5AmnCJtQhwp6sVzbhiEKBSYeZeFvmP6NFwcH1Ydk","requestQueue":"8MEint8GXopMe3nWyXoUGujDQJPm6eHgqXjspqMcYFYB","eventQueue":"9z8bpDUJ4rp1twAhuc2kqTWuyzcsSUWQHCSULGadaxGh","bids":"GiZuhDYXfwf7Mw9SH2UdxAahdJbKyAsse7oEUnXUJmpQ","asks":"3HHUQHDukLBTP9n4i1riYQJPxcpeqVknU1EJeivtySY8","vaultSigner":"HU7qn8waHiWFZdRvdr7WR6kSWSABkWKHwYaK8AFsX5Pj","takerFeePct":0.0004}