{"ownAddress":"3d4rzwpy9iGdCZvgxcu7B1YocYffVLsQXPXkBZKt2zLc","baseMint":"MangoCzJ36AjZyKwVj3VnYU4GTonjfVEnJmvvWaxLac","quoteMint":"EPjFWdd5AufqSSqeM2qN1xzybapC8G4wEGGkZwyTDt1v","baseScale":6,"quoteScale":6,"baseVault":"7Ex7id4G37HynuiCAv5hTYM4BnPB9y4NU85QcaNWZy3G","quoteVault":"9UB1NhGeDuV1apHdtK5LeAEjP7kZFH8vVYGdh2yGFRi8","requestQueue":"EgafUKwVAmEj2czrt7HkWnZJLZSAK9BDN5aGQpLypAys","eventQueue":"H1VVmwbM96BiBJq46zubSBm6VBhfM2FUhLVUqKGh1ee9","bids":"3nAdH9wTEhPoW4e2s8K2cXfn4jZH8FBCkUqtzWpsZaGb","asks":"HxbWm3iabHEFeHG9LVGYycTwn7aJVYYHbpQyhZhAYnfn","vaultSigner":"BFkxdUwW17eANhfs1xNmBqEcegb4EStQxVb5VaMS2dq6","takerFeePct":0.0004}