{"ownAddress":"3dCnhVwEfAh8fvQPcWvtUZouH4VUmbLmcbUVCVeGkgXy","baseMint":"8EDaoeBqpcVACwvkYXh1vAcU29HiBiNhqoF4pRsuUsZS","quoteMint":"So11111111111111111111111111111111111111112","baseScale":9,"quoteScale":9,"baseVault":"FMbjTq3yFp1zCh5sG9EvzMRZM7NxZvSuiC9BChvBunWV","quoteVault":"4uHzZq7P3PdZbHTyYxEktFvKLxKoJ99z4dr7ph2NuZrd","requestQueue":"CUrLWL7SmDbPRJ7prGUQayKRHgJHYBWeuJg9Hgm75xJK","eventQueue":"FpCHyReqwPPFzRS3L1XcUgBpHd7naXjzyRCq8qXdSXpw","bids":"EBatuBsCFNa8s2X7rE8pXVF9DNFZCsyZMtBj3fDVLsSD","asks":"J4fL72xbgpxrNcvFu7NQQmmc6GLtwacJaQCNJAA1ZJ4W","vaultSigner":"4QbCeTuaTG5VB83hhYS7zmhCTXzwKL25Kwf6UXoVr9hW","takerFeePct":0.0004}