{"ownAddress":"3djZW2bRhEpYuu5zUs4UJfQVJ8aoruU82EpF5NWhQLmn","baseMint":"A98UDy7z8MfmWnTQt6cKjje7UfqV3pTLf4yEbuwL2HrH","quoteMint":"EPjFWdd5AufqSSqeM2qN1xzybapC8G4wEGGkZwyTDt1v","baseScale":9,"quoteScale":6,"baseVault":"8MKwmRFHM49XdhxEjddTeMnTUk6vhuL1rer3dXEviyzs","quoteVault":"H3sH9SYKjKtudd5fpnRRoRRBR9gdQABP85nrVXsaRPkB","requestQueue":"6rJSwDf6vbkLsqaxCyBmowsEyFbWuwMWjiueedSgqGPB","eventQueue":"CfXev5xJ6G7N9ZLdhvik1ivLEyQ1TEekaf3buuC84rg4","bids":"GppxZH8iRqtY7PgBUrstp4oku2GV3Af2BP1LTSAeMTP2","asks":"3oKyEt55cMLtjCXQo5B47r4espEgVjbfUBfh1vS5WnQv","vaultSigner":"CGJ6v6ntfbWs5NXkx7r4NmE3n25wyWSVTdGRMCUYHhGV","takerFeePct":0.0004}