{"ownAddress":"3Dpu2kXk87mF9Ls9caWCHqyBiv9gK3PwQkSvnrHZDrmi","baseMint":"2FPyTwcZLUg1MDrwsyoP4D6s1tM7hAkHYRjkNb5w6Pxk","quoteMint":"SRMuApVNdxXokk5GT7XD5cUUgXMBCoAz2LHeuAoKWRt","baseScale":6,"quoteScale":6,"baseVault":"58jqhCZ11r6ZvATqdGfDXPk7LmiR9HS3jQt7kuoBx5CH","quoteVault":"9NLpT5aZtbbauvEVVFsHqigv2ekTEPK1kojoMMCw6Hhx","requestQueue":"2VZq1s6sfnq5DWPRTUXxvs1NQsSekN7jMwazPYy5kJHM","eventQueue":"3w11TRux1gX7nqaGUMGpPH9ocDBPudeLTw6k1uhsLo2k","bids":"HBVsrbKLEf1aaUy9oKFkQZVDtgTf54T9H8FQdcGbF7EH","asks":"5T3zDaT1XvfEb9jKcgpFyQRze9qWKNTE1iSE5aboxYZy","vaultSigner":"EC5JsbaQVp8tM59TqkQBk4Yv7bzLQq3TrzpepjGr9Ecg","takerFeePct":0.0004}