{"ownAddress":"3DXDn8LUg1av8J8cZTPkEgJjeYbukMBNa7x9c47VxMWf","baseMint":"MERt85fc5boKw3BW1eYdxonEuJNvXbiMbs6hvheau5K","quoteMint":"EPjFWdd5AufqSSqeM2qN1xzybapC8G4wEGGkZwyTDt1v","baseScale":6,"quoteScale":6,"baseVault":"AMLrvtb1UL3nLRgYNUn3KEJWJzDrkLFruFTeMnLWqhdL","quoteVault":"HLXCwWmgXgaQ3vDHkKD58mKUTsA5XS6zy5oTLCdAN4b8","requestQueue":"Ck3VxbQC4h2rzJTHCcVLuhKqj88NhActAAnE6a3C7s3q","eventQueue":"GoFm4VnqeqaQ3nxteBYFwJXewZgK9axUDCSaQgE7oR5h","bids":"HqB9VG7MAUs7kmgLJyT8KTMZ6u9nVJ5DLGdbKAsfqRSm","asks":"HApoLNLw7nuQ9nbHR3bKn8uzxgNVA9eoCzroFTv6bPHH","vaultSigner":"AdQE3nTLkViLTxZ57bn1ASq9MitksbxNcsqEYQgMvCio","takerFeePct":0.0004}