{"ownAddress":"3DZ96FB2rujUDhmuqkwRLfCh7ABEfnLH4AfyfVCM74Vu","baseMint":"2HeykdKjzHKGm2LKHw8pDYwjKPiFEoXAz74dirhUgQvq","quoteMint":"EPjFWdd5AufqSSqeM2qN1xzybapC8G4wEGGkZwyTDt1v","baseScale":6,"quoteScale":6,"baseVault":"8zK8htKWdUyECQpvKZL3s6aZLWMSkLhxBknoxupCjSgb","quoteVault":"Bnoq2PphimEQqFW4s2oUcnawLzszHXWAPVv2sBaLZzKS","requestQueue":"8ohXu2vguNGwQfVmmLtuCx8SwS4fZRtS5of7cWoA35w","eventQueue":"6ZtQhaqdEw1TpQ9fDXu8GCjJFUDAmKosueXZDtgfznFb","bids":"DmRNMXBzby9TfB22VT7FAXmPW4zhvmUQh4takWEAb98r","asks":"8Y7qJYAW3ZDVGcpF2AUZMp9DLSfCLKE92VoCRuuCwZ9u","vaultSigner":"F9s261f7JMrjJ2x4L3buTKCb4n9vytsnx9NHWQqzinuP","takerFeePct":0.0004}