{"ownAddress":"3FE2g3cadTJjN3C7gNRavwnv7Yh9Midq7h9KgTVUE7tR","baseMint":"49c7WuCZkQgc3M4qH8WuEUNXfgwupZf1xqWkDQ7gjRGt","quoteMint":"EPjFWdd5AufqSSqeM2qN1xzybapC8G4wEGGkZwyTDt1v","baseScale":8,"quoteScale":6,"baseVault":"2t3MMN5FLMqsieeUsQK8nfM4YKQobK5ZvDgjNV6hn7SW","quoteVault":"55SiYWMEP7XrMvP31YhZQE1YTkypv6yeDe7Z3663pMfb","requestQueue":"5NZzJedqZabQ8wHaEZegxCwR66MbEyPFeHrcvE8wsJaN","eventQueue":"DY4P5LEdehACn83akvVb49MNJf5VhDQuWTxfx95nGdgY","bids":"HexBvvrL8jZRGti3zXZ6vCXqDzJ7skgSaMgqLJjzXaCm","asks":"224juRrCj1VeeiG3qoXLDrJkGPSh8MJH2XuEsLCHLLj7","vaultSigner":"FLqXAFVSveyKjtfWpfT8ttrn3yUAzoHGKiYwcR5r6tp7","takerFeePct":0.0004}