{"ownAddress":"3fgxs2LcqmHTvPCpuzkfrMgXMHhq7aBSX61gSQCXf75n","baseMint":"EPjFWdd5AufqSSqeM2qN1xzybapC8G4wEGGkZwyTDt1v","quoteMint":"4pk3pf9nJDN1im1kNwWJN1ThjE8pCYCTexXYGyFjqKVf","baseScale":6,"quoteScale":9,"baseVault":"DxKHzvca1d8G1arxjGJ6ZVfnQXWqPg4d7gVr5fCC8f98","quoteVault":"HyGmhX1amwqeGbBZtTFJaSDWcjNtKQbMRG2ZqEKseJN3","requestQueue":"4guXE81dPf3ivVBxeFsk8QdPr1neDrv3Y4eobDQjY1kd","eventQueue":"6Wj8rkwK4j2DkK1s1DhXdU3UR7xLzy8NSjPzwAbmftBd","bids":"7EH5oPL6roWyY6gjqmGBTAEMnJ5PN3oTZNxuZmxrdiFX","asks":"9og3zCieDsc6n8pds2CYDHDiaz81mRBtP88tBNSasv3o","vaultSigner":"9XAds15TsEVNofhYtpJ5CVESo1bZ51NNkJc9Kq8dSr1J","takerFeePct":0.0004}