{"ownAddress":"3fxSHmDZx9zFdRucnAtTLAdFtqx2cvo4VaTix2iTgF7k","baseMint":"EwHqbMUMX33JjWAhxSg9vsX3miWqncsgpnAbqn9nhJwZ","quoteMint":"EPjFWdd5AufqSSqeM2qN1xzybapC8G4wEGGkZwyTDt1v","baseScale":9,"quoteScale":6,"baseVault":"EPq1i6trY4Ngt6EXcRHgv6GG9JdNMMaAipE52TrcXV7T","quoteVault":"5vXoWFWxjd7rRqZczyUxY9ArNQtC7YXm7Qo7f4cnLjvq","requestQueue":"Ao8mquM849uUxBj2YLmKxvEKKFxrNCBai9eGBnCuESzg","eventQueue":"FPQuWQQsGXjrxnQgyGjZJtdgombb7Twdu3THVHKdtQyc","bids":"3WrWAB1LpExCHMkkGhVZRnWWA6rPUyMV8WCXCWBJfYo9","asks":"8Ao625Ych4xYzyEEnwWnrG1wS1L7oLWm5e5JUYRTWkdz","vaultSigner":"H9KFDXdzgo48stwuKQwhhLhq6JtY4Nu7NJymUa1cr3K","takerFeePct":0.0004}