{"ownAddress":"3GpGdWvyzy4z2bHAZ3jo4YPrZXueNPKyN3MAZrU9aNmM","baseMint":"Ct7mbdwLmdFC6zgVRXFidvvgYbtGo2icsntNSSgzxoLs","quoteMint":"EPjFWdd5AufqSSqeM2qN1xzybapC8G4wEGGkZwyTDt1v","baseScale":6,"quoteScale":6,"baseVault":"4CGUw5XJZMgAhVCZQYmsmTw5rRzxcMCPtub2kZ3DW3iv","quoteVault":"2h7BwXz9qqpZDw4KwWV7YEEY4vh1ZYeuB5VGKuhf3kky","requestQueue":"8kDcTvbGKy68gPddZxFrsWyGygyQ2uxQqxLbBQriMPwK","eventQueue":"FUuT9voRGK2uAYhz2uGas2iiUQGDpBPxteeWjjdBz6BE","bids":"3G5LTZ7AggeNbzkCCKkxK6rpsyRAixZ7vxYPLfDgm3N7","asks":"4wVTJwHEpCqTRkTPWwktjQFQhLGx1vpJfks6TAzJWMLc","vaultSigner":"EeDvbA9AoRUhvj9jC9JPnbgbX2WQkPAo2qdfjQqLVkqP","takerFeePct":0.0004}