{"ownAddress":"3h5QsiZKLkmApBTsMvJBZ8fPivo9HSrmR1LaJABN9zx6","baseMint":"7ncCLJpP3MNww17LW8bRvx8odQQnubNtfNZBL5BgAEHW","quoteMint":"EPjFWdd5AufqSSqeM2qN1xzybapC8G4wEGGkZwyTDt1v","baseScale":6,"quoteScale":6,"baseVault":"DnVHkoGQhX78femuAgTDBoXmdW1jsEG9hveTmGeWuwpK","quoteVault":"ANQrM3XgeQmtzY59TiGNPDVMjQ1AdTQAamKNYz2aHsz3","requestQueue":"C4H2Dohqm6uuELF3GaFKTZTZBZzMrQMbJ7hVoD43qtLZ","eventQueue":"HnopztuFHZv9ySiau6oZesTgM63fokKekdH6UMjqWQn4","bids":"Cyy4Z24VAUgugLeCvcVpDV1Jtfvk82LMKaRMRjukj41Y","asks":"Gpybmvinb81csdkF2Ntxa1QFe1YbWNTbmoJLVhW8KgDX","vaultSigner":"HqnW8FKkhdWGxMZUqihE3JrhnbQsjNukZmyfpyAU3mxj","takerFeePct":0.0004}