{"ownAddress":"3hwH1txjJVS8qv588tWrjHfRxdqNjBykM1kMcit484up","baseMint":"CWE8jPTUYhdCTZYWPTe1o5DFqfdjzWKc9WKz6rSjQUdG","quoteMint":"EPjFWdd5AufqSSqeM2qN1xzybapC8G4wEGGkZwyTDt1v","baseScale":6,"quoteScale":6,"baseVault":"9BswoEnX3SN7YUnRujZa5ygiL8AXVHXE4xqp8USX4QSY","quoteVault":"9TibPFxakkdogUYizRhj9Av92fxuY2HxS3nrmme81Sma","requestQueue":"3m9BiBCEt5c3ppi27Utnjfpc948ZvXsva5yH4NrJezPM","eventQueue":"9ZZ8eGhTEYK3uBNaFWSYo6ugLD6UVvudxpFXff7XSrmx","bids":"GhmGNpJhGDz6zhmJ2kskmETbX9SGxhstRsmUejMXC24t","asks":"83KiGivH1w4SiSK9YoN9WZrTSmtwveuCUd1nuZ9AFd2V","vaultSigner":"8zqs77myZg6wkPjbh9YdSKtNmfPh4FJTzeo9R39mbjCm","takerFeePct":0.0004}