{"ownAddress":"3J7f96tjdfkhDFDsGzYZxrwiSXixFuC82Dmj8gVqkCra","baseMint":"6uZ7MRGGf3FJhzk9TUk3QRMR2fz83WY9BEVBukRvMRVX","quoteMint":"EPjFWdd5AufqSSqeM2qN1xzybapC8G4wEGGkZwyTDt1v","baseScale":9,"quoteScale":6,"baseVault":"DkrqWqxNUVD5gx9ZeN77r1hnuBB4SU5rK5rRkqzGoj8B","quoteVault":"E8KZGaioqjSn26pQVxceXp5Ji1s4xzrssNiKuypwC2U7","requestQueue":"BG1QBDvVvFp4BVWN7zaJwiZKG63gcMK1sD7CM3yQL88v","eventQueue":"HBxmuZzaHN8Grese2k7eXUatmDVhFFtzZQeeb4dgGWdx","bids":"3sBaQqeEdDmUMSfVL7Gtwx6qmRNkMfUA7Hy5k9U27bYV","asks":"6aSxYmuisT5A3iisjQ88mYwyGKkuQL1q2Lnm5HAGvk4W","vaultSigner":"4H8YeuMCjJSNZC4h5Jff3uPriYL6cknF1zAG2LWk5Vy2","takerFeePct":0.0004}