{"ownAddress":"3JR9wrufTbpT7rGzKJi3hGja7ZD9bd6VEEHhANiA9Hhu","baseMint":"GSaiLQxREzaxUcE3v28HxBacoUQPZNtXx1eQsCFsX9Bg","quoteMint":"EPjFWdd5AufqSSqeM2qN1xzybapC8G4wEGGkZwyTDt1v","baseScale":9,"quoteScale":6,"baseVault":"FGHkYGAQgDwMf5Gzmz6HQYBphrzEJ4XXxom9TkZE3X46","quoteVault":"3rp3H1mivhFCb37ySbmo1e1yGzCR64cBxd1VK4XFNB8E","requestQueue":"AmDXavDjLXdRZHD75KQNuAHa8u3JUpqrztYpbasgskwL","eventQueue":"CiEDqvQjVqJZeFdwkejKgAPJhyzCVxm5TKER2cAWq1A4","bids":"A8o1xVTzkSe2g2xvELxuejrwh6fyAmxiB2qmBWSnem32","asks":"GXSjQHATxy3C5xd2sgrit6VKFKfivHnkdzDJhoF3FLBt","vaultSigner":"DcY74t3Ra5hCtsCJmWCkyqQ5JNegWmkno2wPCowMJrHW","takerFeePct":0.0004}