{"ownAddress":"3jszawPiXjuqg5MwAAHS8wehWy1k7de5u5pWmmPZf6dM","baseMint":"Ce3PSQfkxT5ua4r2JqCoWYrMwKWC5hEzwsrT9Hb7mAz9","quoteMint":"EPjFWdd5AufqSSqeM2qN1xzybapC8G4wEGGkZwyTDt1v","baseScale":9,"quoteScale":6,"baseVault":"9LrpyxzRB7uGLF2Eu8PBjLKPtQMQkDfKsZC7MgydiTvk","quoteVault":"AFKfsQKPhe2DocpATdQP4f68PCq4PTj9wDz4GogPkwxN","requestQueue":"CkjM1gg6gurozeVLUqznZmyWyB6rnsDegLDgHsHLeVCS","eventQueue":"28kLGyTz1auPiW8a3dUpKXGjyp23bkAN2QW6DA8jdjZK","bids":"8gTcVqcAXLm3pqr7qCTM39QjqeFSHCWdhn1h7aH5sHnv","asks":"ARRPvDKHKjoyT2C6o13fD21hryGovRBBNzPH2zi2TQB3","vaultSigner":"6MSY81TyRSZEdxNJQ7WVno7douW6e9AV6DwkDRVT6QUN","takerFeePct":0.0004}