{"ownAddress":"3KLNtqA8H4Em36tifoTHNqTZM6wiwbprYkTDyVJbrBuu","baseMint":"2FPyTwcZLUg1MDrwsyoP4D6s1tM7hAkHYRjkNb5w6Pxk","quoteMint":"mSoLzYCxHdYgdzU16g5QSh3i5K3z3KZK7ytfqcJm7So","baseScale":6,"quoteScale":9,"baseVault":"DPdJZDKtTiaaqd52LPCvqyMPPNnJE3dSGAKVnZbsUSNm","quoteVault":"5fpAmGMAqtkueG5w2doNDeBncFUvh4zgBsYoCwpGBkMA","requestQueue":"5ce5sA61UZ1tFjPi5t3bgf3iDbJd7g7UmALs8ayAiGwy","eventQueue":"12kgGbCNQjcKWnezanmCfPodE2kkoWTojgmGkt47HhCH","bids":"GaGvreFFZ89SKsRMxn1MbDXwEvLKH7nd2EbykAEzvaRn","asks":"CmktYGnATPGCus9rypT2q2GmEtXx6jv14Hz5v59iN9Em","vaultSigner":"H6uYBVPb36jnUUxzGFWadNvuqMnCr12Sx6EbmebqwgfC","takerFeePct":0.0004}