{"ownAddress":"3KNXNjf1Vp3V5gYPjwnpALYCPhWpRXsPPC8CWBXqmnnN","baseMint":"6cVgJUqo4nmvQpbgrDZwyfd6RwWw5bfnCamS3M9N1fd","quoteMint":"EPjFWdd5AufqSSqeM2qN1xzybapC8G4wEGGkZwyTDt1v","baseScale":6,"quoteScale":6,"baseVault":"eSCLQn2TgtpDMGCRqmaMDuSTAk7JifTgJU7CwVtRWnH","quoteVault":"BsJEDoCcd1EFjeVx39uffrp1WhcxJmE9H7U83Y3iTnF6","requestQueue":"5TRxzdb2UxquxYdMJLLmpVrVqhUXsD3gUSp4kJim9ETy","eventQueue":"2CnKu8Xt9aGEShjtDVVYBRH7PpD37YeVxWrWpDExvXzG","bids":"EkMB68wYrUFBFDjWfNqhH6vDy72wwGRJZwzMpWWNSrRu","asks":"HqEzJdKq1FcHV9wDrygLsbfJx7vhVW8LEax1Gio3aa4J","vaultSigner":"D1mYg9jbfCfxz1wFv7deSkqy92NGzxSFpQiScimQozpw","takerFeePct":0.0004}