{"ownAddress":"3M8uZhLZMxFUedsEgPzywZr9qbGTv3kKNMCEfAmg8iyK","baseMint":"Dhg9XnzJWzSQqH2aAnhPTEJHGQAkALDfD98MA499A7pa","quoteMint":"EPjFWdd5AufqSSqeM2qN1xzybapC8G4wEGGkZwyTDt1v","baseScale":9,"quoteScale":6,"baseVault":"FMjUvgaL4EjyokpbsPVyJTARjfNQRpu694eH8S6kHfAE","quoteVault":"9B6xoxBvxjJYXvvQaWW619Ugc6UT3gJS11V3pBJGfHJH","requestQueue":"DRJ3s3nxaxwPG6GyrffQb8Yi5NYdXicvTazUsY7qUX4k","eventQueue":"24TPms7kkg62D8MkiUXEB6YSV3DWNrxU2ez9o8ckjKD1","bids":"DrxjWRjksVnBW82yAkzMz46SuWxGxD2vLBheiKF3aWLm","asks":"4NoMYc1ngibNPMHzfv4sXG5ESBcBu2cb9R5QwewAhEyJ","vaultSigner":"CUUxJDBeTx8z5LmEzHgSArDtk5PTqoTrgE9j6stxEEzb","takerFeePct":0.0004}