{"ownAddress":"3MEdotKebT1nbPSNQDa596gwYsV8rtvhGdHe1iBogjJD","baseMint":"B64haiHLQoWdrvcJqufRG5dEMms96rDpwuaTjYTihQEo","quoteMint":"EPjFWdd5AufqSSqeM2qN1xzybapC8G4wEGGkZwyTDt1v","baseScale":6,"quoteScale":6,"baseVault":"FJmKHBYNa8emAUXZM8vsFynbDkJdpA6UUwxvPjvzuTte","quoteVault":"RHaNCBAh2qJ4d1QxzAKneUnrhNJASahAUvWcrUEEdcV","requestQueue":"H8CzjfxYsS14XQT1Tw3pAynuaUYbYwumH3ohCPcaLnhC","eventQueue":"6dC639QbYoizEDTucjwCdHKt4qv61fki3BVuaAWiiQjk","bids":"439Y9YDoJt2CZjrfgL7ae6KhLrgKY6KpJod7Wqzt6xye","asks":"FbeKNCF4nk6mPU1WXvWm12tfVMURrpFCaQTyrpd5Wy9","vaultSigner":"9r1dtcMP6gy6543q5tNJna5SfmbZqLPvZXSuwXY4BQwV","takerFeePct":0.0004}