{"ownAddress":"3Mf3bxVS2zLW3bbr9BNbqdiizaUwCGwoi3xhrAXfbFnW","baseMint":"5Wsd311hY8NXQhkt9cWHwTnqafk7BGEbLu8Py3DSnPAr","quoteMint":"EPjFWdd5AufqSSqeM2qN1xzybapC8G4wEGGkZwyTDt1v","baseScale":6,"quoteScale":6,"baseVault":"4q3tUtzzSATZWeJjgVUuqXazwWeNAevub2mWdck93xhM","quoteVault":"135MoxVhmZR6dHS2a1ipRqwYtxp56ctvbQAhrMnrBtRV","requestQueue":"7XszQJRwg4MprwJgesvNS1i2SYbwfXNhcqsdfgVfMSXN","eventQueue":"D6mUBLknH4G3Q8at9BSegjxCmtq97e26qJEqbDRQj5xH","bids":"CHBBEciGGKWjg9ARoBcAQGeYpeQh3FYDdyzQQvLbWGpj","asks":"GiNA8vMMzqwzwQarFjBNEyRTdFeMKagUQZoDBWKrKUU","vaultSigner":"3orCMmXSuPvHidNMNdhsoKD69y7bTWzh3FDKFnbgH7Lx","takerFeePct":0.0004}