{"ownAddress":"3mhrhTFrHtxe7uZhvzBhzneR3bD3hDyWcgEkR8EcvNZk","baseMint":"ERPueLaiBW48uBhqX1CvCYBv2ApHN6ZFuME1MeQGTdAi","quoteMint":"EPjFWdd5AufqSSqeM2qN1xzybapC8G4wEGGkZwyTDt1v","baseScale":8,"quoteScale":6,"baseVault":"8TxzzY8PvvwvXaUyoLjzAhQh4BiL58WRNwHFfMTTZRme","quoteVault":"GcrQmbPw82nWtzAbKwEq4Kaot1dLkvXbgDiYrcHffztD","requestQueue":"4vWPYt7YHRVCB2mZFxTa3jkiUPNdBGcafRxkRcmwhtR2","eventQueue":"8iVxTHr4CCYhyxMHc5aCBddmgKB5PTT3xXyGV3iv2Lbz","bids":"5DYgsEAb4mwL6DHsnA4VP1meysXvZFvMSUhAAf2d9uB9","asks":"36P1xPNbL363s7peiGgbR1L8vmihPQba4JuP4uzm4PDA","vaultSigner":"7UFdjYaDgjm86sxdc9GVxLLYUVAqE6obbvB9ZrwreP8J","takerFeePct":0.0004}