{"ownAddress":"3mMivSGHzkLrgwpZKdsTba83T8RFQdH4B9djtKYFe3bw","baseMint":"AfjHjdLibuXyvmz7PyTSc5KEcGBh43Kcu8Sr2tyDaJyt","quoteMint":"Es9vMFrzaCERmJfrF4H2FYD4KCoNkY11McCe8BenwNYB","baseScale":6,"quoteScale":6,"baseVault":"3KpN64MXxUB7JAsNiJkzhwbGMNVyACvZg9GdryLcrpH4","quoteVault":"CM1hmf44peMvesb8ksiyUaHBejSF23gKiHP3AnB19pKb","requestQueue":"4etwQECQeLkHtjhP9A6oLavgMJaLgr82DhVsGRSwWp9q","eventQueue":"6JW9y36FkECxupRmxkqn2voucD65V3kGSTZiqKvmubGL","bids":"GKXV1kJJVyXxrLBBBwcyWu44Aqb4YX85bGJG8C15R6wp","asks":"8yYzkfXrdAtnzvhA25PzeaNF4k8CtcgDkYiU1eMqNGZq","vaultSigner":"BvxRNNCwxeyebdzCGgawcQ4PimuxGe5CxdMCUQStbCQJ","takerFeePct":0.0004}