{"ownAddress":"3N4UgbUHUkwMU5DKFYRvz3HASbFjs3q9JLAYVRdEQvbp","baseMint":"Fse2oFDfbwT89CqtuoFaHCBnGTMFLartDYDjPLZyc7e","quoteMint":"EPjFWdd5AufqSSqeM2qN1xzybapC8G4wEGGkZwyTDt1v","baseScale":6,"quoteScale":6,"baseVault":"7KPeSrbcYq2TGvhNgD1mFdbnruvH9BoPvdF51btTVKwa","quoteVault":"6cYyGxJmnnANdJ4PDnNf52fXpNLhcmLDSAzJ7RVhW8ur","requestQueue":"88vUyrVuhvuaxFF3rpUgdC5eVkvC7smpPmTSUVMmLETv","eventQueue":"3DrFHujsgN7aWyD5SrZnN2DmLqseoDFfW5CryqLm1brg","bids":"5Vz9JwmJbmUtB8Fa5asnCW7BXcRPh9jQRJyju9ru1ybL","asks":"8wxpF5Bwq4w6N2CAmV8b7qhf78h9rXxvW8rC1jciiCWt","vaultSigner":"CNZykEinWW4N85VLcKfVNuVr5Asdx7V1QYinAEF8MhD5","takerFeePct":0.0004}