{"ownAddress":"3nc3JGZJH2t7v4CDsUrVTuyB1CVPGUXksN77j17gFwjz","baseMint":"BrwgXmUtNd32dTKdP5teie68EmBnjGq8Wp3MukHehUBY","quoteMint":"EPjFWdd5AufqSSqeM2qN1xzybapC8G4wEGGkZwyTDt1v","baseScale":9,"quoteScale":6,"baseVault":"71JoMnKcRSbgQLqNynhF1uRCWiFrq9fhykeSZ6xEv2xV","quoteVault":"CAxGcTjiS2hQtJiNEgpkhaSBDAnWrZZe9s85PbzR8TjK","requestQueue":"5GN9fM8pJBEXViHWYP7KEDExvsRGrfueW9j2ow8MU1UG","eventQueue":"Cn5868vUhdpKFKTBJJXq5ZSKSxj5XfotoBCjsTFyUZxx","bids":"7PuBLfhub8zXweXrvdjAqeVt4yenfhYD3CoMwJoDaE3W","asks":"FtYBS65jSe1xia4P3yeYexUSwytyHoHBzwcGBAynU3WU","vaultSigner":"84Lsub7p5i2ruQhRpb6BZr3Y22u8k236vughNZSxhGL6","takerFeePct":0.0004}