{"ownAddress":"3QGQEh1WqhEicR4YJHcWf7wki21DSCDgY5S3HRAa5sZx","baseMint":"8ZepSXp47WFyDK21QbvMiiKVWRHnGrAegiwDr71PfGi3","quoteMint":"EPjFWdd5AufqSSqeM2qN1xzybapC8G4wEGGkZwyTDt1v","baseScale":9,"quoteScale":6,"baseVault":"CaDmwBWwEkJ1UcDXrd3dCHV82Ph3LhCmia11LkVDXwYr","quoteVault":"3gNaU6By6DjRF85Y1a6gXnBpAa2R16hjL5kKWVzURMon","requestQueue":"9gbmjMcg8LC1fddMohkj1DTTWfcpof89oj5K5euuYCcT","eventQueue":"49AgNf4AcsQytA2LaNrMtZySXPhXa1HWMge3N38dEoX1","bids":"7C6MjuzjigvZf853KQ2TQfmuiTah4YCXojVEw1Dkt6ot","asks":"AM8fensQirdmtSgVZ7imdbz6kkwphvf4tnWBETsVbq6n","vaultSigner":"686xnDo5W33eDwTABV1bWm9DX7EcUNXd2qUQjb23D9py","takerFeePct":0.0004}