{"ownAddress":"3R33PbQMpyvMuYceKx3xsLFVLJR3Szm9oBsPKBNWD21Z","baseMint":"DYbRXaQcnj44SH9woxvyFdtcKkSoPoCEshRTQDZSjsBm","quoteMint":"EPjFWdd5AufqSSqeM2qN1xzybapC8G4wEGGkZwyTDt1v","baseScale":9,"quoteScale":6,"baseVault":"CQykNYRkjYpJcnN1X63EUEJ2bJsAQy7de5BA9oi3STMi","quoteVault":"9CYYY4cjUue8bcqAabGuUf2SD6zVD23eovTQ12LU1u5p","requestQueue":"7MdfxYtESobrsV8842gyinZN91QsB1ahWdokhPbPXhBG","eventQueue":"Ba7z5bSQZ2PKztdpFsEGTMRpLaCP7Yyf7GESCnPTEHJg","bids":"HV6DwgECSCsBqyZZePY1iKna5H2m2LTA69Hwpf7BAhQt","asks":"G47cSyyZ62yxfte7W9bA2LEAvCyswWyUDZ8g8bSwkW6z","vaultSigner":"7WmCEJ5vSyNnMN4PcGjqnthL2aBmWkpLK3uxRa7dnLt6","takerFeePct":0.0004}