{"ownAddress":"3rgacody9SvM88QR83GHaNdEEx4Fe2V2ed5GJp2oeKDr","baseMint":"GUohe4DJUA5FKPWo3joiPgsB7yzer7LpDmt1Vhzy3Zht","quoteMint":"EPjFWdd5AufqSSqeM2qN1xzybapC8G4wEGGkZwyTDt1v","baseScale":6,"quoteScale":6,"baseVault":"EBv4PKDEFS5U2A81JYFXL1twyzKVQpvm8AGx8egJWJZa","quoteVault":"B38EoNuJeZL96GbffNCDchZCAgYYZT9rQjx5vAYYx7sv","requestQueue":"zcfYQHXY3nxPDodRPAzrR8HPhMmfbB4hgcVZEsSQ5Dk","eventQueue":"CBRMLS1N6g178ngYxsfpcfedvC2b8Ad6xz8ExNkoUwvU","bids":"Uqp6NEvXZviJiRxG34AaLygvvjYvPq8Y8THkQz9J1np","asks":"9sxsP5pEMG9iLKLNXCXpZpXnLrmKq36orX7RqWpUwyxb","vaultSigner":"8gM3ekRUM2VBPxLgY7WU1kL4THs8eMbGNH5iEDqG3CMW","takerFeePct":0.0004}