{"ownAddress":"3SGeuz8EXsyFo4HHWXQsoo8r4r5RdZkt7TuuTZiVbKc8","baseMint":"4BzxVoBQzwKoqm1dQc78r42Yby3EzAeZmMiYFdCjeu5Z","quoteMint":"EPjFWdd5AufqSSqeM2qN1xzybapC8G4wEGGkZwyTDt1v","baseScale":9,"quoteScale":6,"baseVault":"F9DvjHxe2ofJJxXB2oJRrURLiZsuM6r3wui9FFcyDzuj","quoteVault":"4oSd4gMskeV6cTHqJuhvvBXamnHhwQ3MCVLpJMbXhC9d","requestQueue":"7YR3wePJaRvUNLE7BnrbmkCXJdDNMR3bRcGxc2NsWbmx","eventQueue":"3QxXDeWewaRGthYajk4vzxi84gMrpSteZwKyjs9WRuYf","bids":"FiAwyvBakEJUkTRWxZDyAfmzzd1WX5ZMXpnbrCjPQNYo","asks":"CnWPXjDerQWCjkzUFU9xAGo3BMGLVyoGRnjWmpMNZszK","vaultSigner":"Eazze8bLQKioqkYWZghhMtNzkjosQ1eFJHCoNZXLj6Vc","takerFeePct":0.0004}