{"ownAddress":"3sugXsa7kNeYFPHgLfSARAhxNpowZuwabGx2dqh6YUfx","baseMint":"91z91RukFM16hyEUCXuwMQwp2BW3vanNG5Jh5yj6auiJ","quoteMint":"Es9vMFrzaCERmJfrF4H2FYD4KCoNkY11McCe8BenwNYB","baseScale":6,"quoteScale":6,"baseVault":"5LxLwSD6prFRmxH9oi5pyf3MXevA8wxt317sVrXFBEn2","quoteVault":"FmHkgLLboSpoVV6Ykkq5ecP8Z4T68xDw2oHmJtbQFde8","requestQueue":"EmZaqmPprVrJz1ktVgFRtAfEtH1NL5U3w73psP9hhAzd","eventQueue":"A4ENFLyr5FcdVV8p9EL2UxVjrpkuanTBzVUtzjRcjhNf","bids":"6UWXdYopA7hgKr1SDx85ir2ejAAuBQW3RoSk3S15Cwyt","asks":"77HDu6LcrwsHQiRqjY8LP4uJZ7ECcv4oymf8mT2aUBfE","vaultSigner":"BX46UkdbTFvtK2xpBZGJAaZwvaEXxjbmGCvKY68yjLYn","takerFeePct":0.0004}