{"ownAddress":"3tc776fxiBNuEzr2JwrimMdUdayJx2qZ6BhEpJUB2Vf8","baseMint":"Aogv6j1wWiBAZcqRNN1Y89eozda2ke6rkc4CYy7c4iCi","quoteMint":"EPjFWdd5AufqSSqeM2qN1xzybapC8G4wEGGkZwyTDt1v","baseScale":9,"quoteScale":6,"baseVault":"5E1862D2XWSiv1eysiGhQwYsFncfGvppgCb3fj4Nf8RU","quoteVault":"BBE56eRzikXf9MrKucDr5D8TBobb6m21G526zQKAZJgU","requestQueue":"8p8FUJRESxubqrg2ZGUeS6MAA58ZBiq6ut1LtHPMZovX","eventQueue":"UraPCjdn3XZTUsLbEfEH7thqgh3frb5f6Eq9hEHpVYt","bids":"5nhFxPrrwSiTZJvT6tuwMWvvrVNYQYy9iCLXtLSMEC5w","asks":"9PL5vdPx86nigPRrjYTHQvGyLFu2sku1ebH4Jgp7gTKZ","vaultSigner":"7YuRcQxz3fTwKvkUTTv7FHxj2vkGMzP5Kb4v2bK4YRaS","takerFeePct":0.0004}