{"ownAddress":"3TRUem5C4hgJCmPB7cavwnRg448mkd5Y78ebKgFdaV8n","baseMint":"3e9pHUxa2nvAqso2Kr2KqJxYvZaz9qZLjoLaG77uQwB1","quoteMint":"EPjFWdd5AufqSSqeM2qN1xzybapC8G4wEGGkZwyTDt1v","baseScale":9,"quoteScale":6,"baseVault":"9X9mpD6FEzoTLXAbF5TmCs4kkjJqJq3sCquUCsXvwUGw","quoteVault":"EvYS2nv7KsoxcZP37x19PvnM7PgA5Q2wXGUN6ML488wo","requestQueue":"B61uUzYjkyoxNxAoGarZa7Sn9EL3Fiby4CHEpg4ErabY","eventQueue":"J5G75QB6TEJ7z8iBHDFLvB1v3vjV7mjXLeuT32jriLkT","bids":"9rYKSRjFryRhVeADWno6Lb8Yq1vYQJpEAx7jLbuidpWG","asks":"r6i6dDU3BMHLQbaw4Sw7fr4r3jnLHed5agjgveEBVub","vaultSigner":"5zSPxoMKHtprHsgcCYFW83CYCoUYU3yJaeVW5qWhU4dc","takerFeePct":0.0004}