{"ownAddress":"3UP5PuGN6db7NhWf4Q76FLnR4AguVFN14GvgDbDj1u7h","baseMint":"poLisWXnNRwC6oBu1vHiuKQzFjGL4XDSu4g9qjz9qVk","quoteMint":"4k3Dyjzvzp8eMZWUXbBCjEvwSkkk59S5iCNLY3QrkX6R","baseScale":8,"quoteScale":6,"baseVault":"pLD9GMk4LACBXDJAWJSgbT1batbHgunBVyy8BaVBazG","quoteVault":"Ah3JVyTAGLbH63XPWDDnJUwV1xYwHhFX2J81CDHomkLk","requestQueue":"DHrQdTg2TtPjRNGPtJZ1sQxuX2xKEZSTijY2KiTrVP1i","eventQueue":"5DX4tJ8jZt91XzM7JUUPhu6CL4o6UDGnfjLJZtkmEfVT","bids":"4tAuffNhWeF2MDWjMDgrRoR8X8Jg3BLvUAaerXzLsFpG","asks":"9W133475h1LZ2ZzY7aJtbJajLDSCn5hNnKcsu6gXgE2G","vaultSigner":"5RqVkFy8hUbYDR81ucZhF6rAwpgYJngLJLSynMTeC4vM","takerFeePct":0.0004}