{"ownAddress":"3uWVMWu7cwMnYMAAdtsZNwaaqeeeZHARGZwcExnQiFay","baseMint":"ChVzxWRmrTeSgwd3Ui3UumcN8KX7VK3WaD4KGeSKpypj","quoteMint":"EPjFWdd5AufqSSqeM2qN1xzybapC8G4wEGGkZwyTDt1v","baseScale":8,"quoteScale":6,"baseVault":"2DiofKbhznosm6ngnVXZY9r6j3WypkK6PXZu4XVhrUwS","quoteVault":"FwRAP48S9kwXFgiBDHU4NvuGkFnqctXEurgLFZFqdt2Z","requestQueue":"HAFHeu9rSMPhELsNjAPNiGUWfiVRYzpqwPSCVJEZbrW6","eventQueue":"EiA2FLSrSJkJEGZg79eJkrAz7wtaB3jHDiXvQ4v5hZyA","bids":"HtAQ6zXqg53WKTHoPNz6Y6nfy2vpRvaFFif13y9wWQzo","asks":"CyMeznxwdK1vVLB8yrq1MpwZpmQ43UipnqhahrwHNj5r","vaultSigner":"4BRTPsziQ1QcKtsqAiXjnJe5rASuu41VXF1Bt5zpHqJs","takerFeePct":0.0004}