{"ownAddress":"3vKVpr6i1NPs82PZDRPAcdYdjdpiE2xohLs1qX397wBz","baseMint":"3aAYh35n81F8HPG2QBdE48aYdzGFj2fsLccg91X4AcRc","quoteMint":"Es9vMFrzaCERmJfrF4H2FYD4KCoNkY11McCe8BenwNYB","baseScale":9,"quoteScale":6,"baseVault":"8PqkRLkE2L9r1tqYuCtB3p2aWUoyM4dEcQCwSsLDABF9","quoteVault":"CzKp1pydtEEpdLftPuRcnjH76SXersXcf463PRjqB3E2","requestQueue":"719phBKtbqpTUPQg81mA6Y14UaXg23D76FEWD8AhinG7","eventQueue":"J7hbZneVeToEhrQnh2WeapbZqrxKASinsFhQwBFbG4jt","bids":"3SCPgtHUbQ6dQbwfft5g4xvmdMR6eBuCyQuLnGZZmxeP","asks":"7YHokfZTCDwqbXi2Hg8ikC4By82BfsYTxeB5kjn2Uj5g","vaultSigner":"gAn9d7iD5iXMV2ft6mYDg3SJkDvQdPUac1vFMLVFq7f","takerFeePct":0.0004}