{"ownAddress":"3VYVpvYbHiDmUUE3P79RD5bb2w9EYgd1NkQw69JRWHqv","baseMint":"GVsdtSe3E2fQoP3TzNT2M1VUchJ7sBmDBuvBZmGDGvmB","quoteMint":"EPjFWdd5AufqSSqeM2qN1xzybapC8G4wEGGkZwyTDt1v","baseScale":9,"quoteScale":6,"baseVault":"EwhQAF3s2Dq1dG1T5BdfTEPN69V6fmzL2N2z1agqU1HA","quoteVault":"BucesbBHEkcAEr76HUv1TYujpij477oevdbj12zBm9yg","requestQueue":"HfLSW7Q8n1YDASoV2UtsjLSgsU8a3hwbKKV2rjSn2p49","eventQueue":"9imKgy3PaWpURajsDZe961QgpJzjxhCkC8jcHCKyQqCL","bids":"G826cGyt1VCsDLTsMi6EAyDq8ACSvA4s8crhqWJ8AYMf","asks":"6huNYyCeicYSwNescUchDBq1LSgUvZcRT8idXDknbXJf","vaultSigner":"D1nCvG9gdjfWGDq84oQaTjKZxDT3bZHEsohcWERhG41N","takerFeePct":0.0004}