{"ownAddress":"3WptgZZu34aiDrLMUiPntTYZGNZ72yT1yxHYxSdbTArX","baseMint":"3bRTivrVsitbmCTGtqwp7hxXPsybkjn4XLNtPsHqa3zR","quoteMint":"EPjFWdd5AufqSSqeM2qN1xzybapC8G4wEGGkZwyTDt1v","baseScale":9,"quoteScale":6,"baseVault":"Dd9F1fugQj2xtduyNvFS5TtxP9vKnuxVMcrPsHFnLyqp","quoteVault":"BnXXu8kLUXrwg3MpcVRVPLZw9bpX2mLd95qtCMnSUtu7","requestQueue":"D1KVQjXuv6p6MjLBGhLMPyL1sUYpMT9cYuGcRjbKEMox","eventQueue":"CUMDMV9KtE22RUZECUNHxiq7FmUiRusyKa1rHUJfRptq","bids":"GzHpnQSfS7KdqLKgiEEP7pkYnwEBz9zaE7De2CjmCrNV","asks":"FpEBAT9qP1so4ASUTiEWxyXH2SJvgoBYUiZ1AbPimcS7","vaultSigner":"MKCHeoqNGWU8TJBkdF1M76nMUteJCwuBRUJfCtR3iV7","takerFeePct":0.0004}