{"ownAddress":"3WXrxhrj4PXYUwW4ozBjxdSxwEp9ELKf3vETxXTqdiQJ","baseMint":"MEANeD3XDdUmNMsRGjASkSWdC8prLYsoRJ61pPeHctD","quoteMint":"EPjFWdd5AufqSSqeM2qN1xzybapC8G4wEGGkZwyTDt1v","baseScale":6,"quoteScale":6,"baseVault":"3cHFVJ4uh8Pwmybd4XF3iU3VdJwREG91DCfNXjm9prHy","quoteVault":"Ec2bq25kJZf9gMh2XX5zwFukPcWNtT3HBAHhGYh2tyWc","requestQueue":"FBQWC8uu9PT3pVaev9dhj2G6tJWMyJCwiPugEjGGt4hb","eventQueue":"3JmNeH9HgbG6NabNraZTAMQmSaCyFYBqDCZGhvvr1xYj","bids":"AFh95RigWmP4aq2CrqtP4hARZZouWQZaZZXPKUrt892s","asks":"CAUEmWVpBSeQCiBj9d88gSZvm9vNkLUYvProJ5tkY86u","vaultSigner":"H7piNYRg7Sjx6hjHhknWX6UnXfiHKKs6akwdMY7sjjyi","takerFeePct":0.0004}