{"ownAddress":"3Xg9Q4VtZhD4bVYJbTfgGWFV5zjE3U7ztSHa938zizte","baseMint":"3JSf5tPeuscJGtaCp5giEiDhv51gQ4v3zWg8DGgyLfAB","quoteMint":"Es9vMFrzaCERmJfrF4H2FYD4KCoNkY11McCe8BenwNYB","baseScale":6,"quoteScale":6,"baseVault":"5KgKdCWVyWi9YJ6GipzozhWxAvnbQPpUtaxuMXXEn3Zs","quoteVault":"29CnTKiFKwGPFfLBXDXGRX6ywGz3ToZfqZuLkoa33dbE","requestQueue":"ECWbYAEX2mx9C4KrPP67P1SgYFZFvaUrP2ak6tLrvi9t","eventQueue":"4AMp4qKTwE7RwExstg7Pk4JZwJGeRMnjkFmf52tqCHJN","bids":"7FN1TgMmjQ8iwTdmJZAiwdTM3MddvxmgiF2J4GVHUtQ1","asks":"5nudyjGUfjwVYCk1MzzuBeXcj9k59g9mruAUXrsQfcrR","vaultSigner":"6LRcCMsRoGsye95Ck5oSyNqHJW8kk2iXt9z9YQyi9JkV","takerFeePct":0.0004}