{"ownAddress":"3XRsg7YRVcvZme9rHpATL55WPHrnGXvVL8E7ycNNFu4f","baseMint":"pskJRUNzJbVu4RaZSUJYfvaTNXmFdRCutegL6P2Y9tG","quoteMint":"EPjFWdd5AufqSSqeM2qN1xzybapC8G4wEGGkZwyTDt1v","baseScale":8,"quoteScale":6,"baseVault":"9F6CcWXa6DigNVDbK7MFUpZYnLR2VwwHUPhg3Q1a3Xas","quoteVault":"Eamd1RejoH5uT8VbZokgEMzy5aFpS3x6Wvccq5hATEdh","requestQueue":"BBrnQPqXTvX1SYswBLAURxWBcSFsr8jL8o9MwUhQkr4H","eventQueue":"5hCTN2AtFeG5VvnE41ZCdAkZ24NZV2cGWtMAqwQ5KGWM","bids":"8vEaNc6oWjaNLfDfRkkSo9NmUfFEbYX91cUUbUWBuCUt","asks":"3Ms425LVPYS7UY7wfFiEbjg7KWa6myCspceKPQb5WwKn","vaultSigner":"C1t5MFk2Tc1bTLHkkCo8yejNEE2nP1RqWr3HVnt1xbhn","takerFeePct":0.0004}