{"ownAddress":"3yEZ9ZpXSQapmKjLAGKZEzUNA1rcupJtsDp5mPBWmGZR","baseMint":"CWE8jPTUYhdCTZYWPTe1o5DFqfdjzWKc9WKz6rSjQUdG","quoteMint":"Es9vMFrzaCERmJfrF4H2FYD4KCoNkY11McCe8BenwNYB","baseScale":6,"quoteScale":6,"baseVault":"EmS34LncbTGs4yU4GM9bESRYMCFL3JBW6mnAeKB4UtEb","quoteVault":"AseZZ8ZRqyvkZMMGAAG8dAqM9XFf2xGX2tWWbko7a4hC","requestQueue":"51pY9sNtG41ZQTzyR4tVoRYHEE4Ebpa8ti5SHRvjexNq","eventQueue":"4MDEwZYKXuvEdQ58yMsE2zwXLG973aYp4EFvoaUSDMP2","bids":"9fkA2oJQ7BKP5n2WxdLkY7mDA1mzBrGZ9osqVhvdBkH7","asks":"G8c3xQURJk1oukLqJd3W4SJykmRq4wq3GrSWJwWipECH","vaultSigner":"FezSC2d6sXEcJ9ah8nYxHC18nh4FZzc4u7ZTtRSrk6Nd","takerFeePct":0.0004}