{"ownAddress":"3ZxVF8KFnVpT3aNRFNUBLeyCZMHSPBDdE6XnL9WXQwuK","baseMint":"rg3SH72WW9szTMVLUXamk4cNmLxRwdd5KM73vDMrtvK","quoteMint":"FgX1WD9WzMU3yLwXaFSarPfkgzjLb2DZCqmkx9ExpuvJ","baseScale":6,"quoteScale":6,"baseVault":"DrvVW3qfB3c4cKWPSvEpxZvLSVn1D1pFBP9kJqJnPDJT","quoteVault":"G9smNFuLLH56bpDRJpagTy96PkwYkcF6DnJQ2WVudTh1","requestQueue":"T9bMMzogeL8sKfpbrAxCc3ggSRRMTxStTqyfsUJfXgJ","eventQueue":"Ga4kTVtveDWVNyHMFyuFbikQkRQf8Hgt5UjG8z6XY1a2","bids":"4D3E6YykvWUMkUeW5hUAdUEMGcvGSZKhpGRMyVRPuNe1","asks":"4HCvhD5GKm7YmMpRWvw3ukQANeJjfzBmCTD7e6kuZVCe","vaultSigner":"6jAz8tujNDTfydY1amhPFdpGatXeGtKvNGk9JGHTscvP","takerFeePct":0.0004}