{"ownAddress":"3zzTxtDCt9PimwzGrgWJEbxZfSLetDMkdYegPanGNpMf","baseMint":"9gP2kCy3wA1ctvYWQk75guqXuHfrEomqydHLtcTCqiLa","quoteMint":"EPjFWdd5AufqSSqeM2qN1xzybapC8G4wEGGkZwyTDt1v","baseScale":8,"quoteScale":6,"baseVault":"D77WaGjvSLwk6d3xdK9aEU3R7G5UKvqHrNAXmkHxjgh4","quoteVault":"BwT7GkbKaQQqSCGwUjhtktYf6kjLvKLJsQA2j11jEAni","requestQueue":"C48QoRNkgqR11WaKUPycpF9XYqJSHQLRvcZNt3VGCiBX","eventQueue":"ZYhSiaFWkuNTBzRFM9UPJXwHPyTGbujCKvPXhbssYPG","bids":"8JJrdQEzMSoekpzy7qcYDs1hVJyWoRcfTHR2pGDgd7wy","asks":"A3TmGhemkp8u8d5HCLMyiBByvwDtp7khv9Vt3p1cqH8c","vaultSigner":"9sHBqMtqmKDftTLiAN19ngVFywHK8M1MGANuMoZoJaQK","takerFeePct":0.0004}