{"ownAddress":"41UQxR6MBKfkXEpeiXvouagiAZWZsEbcrGyNHHDa4LnK","baseMint":"5U9QqCPhqXAJcEv9uyzFJd5zhN93vuPk1aNNkXnUfPnt","quoteMint":"EPjFWdd5AufqSSqeM2qN1xzybapC8G4wEGGkZwyTDt1v","baseScale":9,"quoteScale":6,"baseVault":"8MKV1GumvTxdJHVrQ2HFNSTUfkGvM5eycZPwrcXduaei","quoteVault":"WGVpTxyWHS5u7uK2m76mWjRYBBYj9iaggDfDXkh8Gvo","requestQueue":"552TEDWxUiT75NNZUMpARcHDiQWvcr1GwAjnrd3M59As","eventQueue":"BfKHZ2dqzZtXnqweASUWZug6fAmwv1UhyzFkHvhqU1z7","bids":"H3CzVGoPAxF7fQppYQ5rUfXxEKiHquMmUbFnHUwW8h26","asks":"74485rGrN63JSE6hmTRXEPFiD4KYEMukNY9ToXg9ohu8","vaultSigner":"GaM3rhGmnSrRHkZbxuFWGWe4hbNuqbKyFk4ZmRePMZQC","takerFeePct":0.0004}