{"ownAddress":"41ZnP6U4catotV7rFuv7JR9n53jcCGrBTBkowoBaQx5q","baseMint":"H5gczCNbrtso6BqGKihF97RaWaxpUEZnFuFUKK4YX3s2","quoteMint":"EPjFWdd5AufqSSqeM2qN1xzybapC8G4wEGGkZwyTDt1v","baseScale":9,"quoteScale":6,"baseVault":"4vgZsoA1SLUeaKCf9hP4YiM6rPjAD891xvzeyBsk84Kh","quoteVault":"EVaBRoSj4veHaFPnz2EZ5x6umztYndCfhVuLZRcFTpnv","requestQueue":"GQGwmEronB3vG9ysdfmvsbYLvg3G8GYjGB4PWcnZEfbM","eventQueue":"EttJ2xsxo2fzxA4WtTFFLT33P41Lrp3q3nfd3X2oet7s","bids":"EV26T9LJNUDJtz68Ggc59tY4G7PjkdhK4yN6Zu6AteqJ","asks":"5ws7rYmXzT7iexnwktu7pMuLM64X7wm9Gtk8pc3o8oe3","vaultSigner":"GMFmRt4562KsNuSQ9FHktizU3GTw6ujRXDmDVmDycjGQ","takerFeePct":0.0004}