{"ownAddress":"42QVcMqoXmHT94zaBXm9KeU7pqDfBuAPHYN9ADW8weCF","baseMint":"333iHoRM2Awhf9uVZtSyTfU8AekdGrgQePZsKMFPgKmS","quoteMint":"Es9vMFrzaCERmJfrF4H2FYD4KCoNkY11McCe8BenwNYB","baseScale":6,"quoteScale":6,"baseVault":"FaRw8KMqoiuRAjunz2tDnJBVbPxeKKg8z4FNrHQtpnzu","quoteVault":"59c3uxz4qgKonm48oBHuwqrL1SdMV4WudQAsjrgw39kv","requestQueue":"2Eb5sUQNcLABEF8QQMjzWUiX2sHJMryLgAiKfkCSyT4c","eventQueue":"DeypfVmbbp9ajhQdZCfx1EVkiEL3WVLPCHcRvTZgRcfZ","bids":"HNqcNhSHcXAcZJV45y4xyWqquuicdg88J73cTBbXLsuG","asks":"J54QZ5LE535DVZxSzL45edE4d1nDrhbcq2NxrV9GTA6a","vaultSigner":"GMYEbrinZLmPMY6FRnFdmuHbYZ9Bz1PcTWmjqBMK5LuQ","takerFeePct":0.0004}