{"ownAddress":"45iQdsVu2wGEWhwsNnzwvW1RVmTWP5VBF1QZ8KFJuvwU","baseMint":"G9BetcZDyXS2kwhAsxrbirg8ujkE1GePxaTXefZMsVz8","quoteMint":"EPjFWdd5AufqSSqeM2qN1xzybapC8G4wEGGkZwyTDt1v","baseScale":6,"quoteScale":6,"baseVault":"GqqgSESime7aH6QufdWuK7EMNo3FF4QRKeBwr74F55Bb","quoteVault":"EYReafrr7k48saPHBwwtgD7qxKGEijzYXiZJR2Ty3oaU","requestQueue":"BkyDyzhMEDx8Vf4m9FzMfUZVTNh78c8WCCAcBjPw2zfz","eventQueue":"3qduYtMVkFnBGyrn5LJgRD3hqaZAehPZy45Bqc1eL57B","bids":"2AmLBgyF9paYGPf1xcZ3jKdkMoLckUTo8b1Xz5Q8kqXb","asks":"7q4ErZZXAqG4eFyABbjzJoBUmNLSAqgtc8DJxhEQPjy2","vaultSigner":"zzcd8hj7yruvt7wK7Dx4BaHYitWpYUi1VbpBd92mz46","takerFeePct":0.0004}