{"ownAddress":"45Qfbfe1wBD1jCQLQb2PugcbwYJEuzHZ4S9UHJoLDBqw","baseMint":"AYL1adismZ1U9pTuN33ahG4aYc5XTZQL4vKFx9ofsGWD","quoteMint":"Es9vMFrzaCERmJfrF4H2FYD4KCoNkY11McCe8BenwNYB","baseScale":6,"quoteScale":6,"baseVault":"6jMucVdPcV33g2kkHTafVDCg8fP3uzLLmo4SBrCNr8wZ","quoteVault":"9mAV7PniWspL3hCJZ5N4egDBzA2q3a9iMa6g4tP9595U","requestQueue":"8sPhbGZrVzmJCFghpJYKQ92bUQXT917rzBcqbpQfzxYw","eventQueue":"48hgpesbU52LJAK4hApYtH6AdnmNevN2BrfnnZjRRmMS","bids":"9jj4f4wDWCF4vBpGLJaVS4K142p1FfXLWtjyRRyjDYK6","asks":"EyvuGiSUVY7TF4amqsZTNqy39iGDd6dW8xBuoZCECBbN","vaultSigner":"B1zSMydMmN4whUoCEisDasyxgfnivC7HACUwEF1aXkGY","takerFeePct":0.0004}