{"ownAddress":"461R7gK9GK1kLUXQbHgaW9L6PESQFSLGxKXahvcHEJwD","baseMint":"AURYydfxJib1ZkTir1Jn1J9ECYUtjb6rKQVmtYaixWPP","quoteMint":"EPjFWdd5AufqSSqeM2qN1xzybapC8G4wEGGkZwyTDt1v","baseScale":9,"quoteScale":6,"baseVault":"HbYw9LSKVepB9mYwbTeDy6oAj5TPrw3GqAFtKWm99jNd","quoteVault":"6DbF2jRhrNgeZnHGR6c1UfGmQxk4qtBueox56huK8Etr","requestQueue":"HGbGNS7F4sB6w2BNEbYXaW4CMKEwJQEvJNyqEcAVS78X","eventQueue":"Dg1CmXWtyHwoi71GVgpp9N4u7wQtcmuGcXbh9Bgpd9wb","bids":"B8yZ7jW9UAKLTtPTGzfobqfn9J4obmwy8BtdX17joKVt","asks":"8cytrpCzPUiFub2Zjxhz4VN6sz5UycVYWPEpyVteARXh","vaultSigner":"639H2jxUJRbvNiCQnkypf4Nvz72bSdbexchvcCg2jHYR","takerFeePct":0.0004}