{"ownAddress":"46jD4hpmvUAbhKaoAjdzFkY82VW1j9SMTEYFGcTor8Ww","baseMint":"2uRFEWRBQLEKpLmF8mohFZGDcFQmrkQEEZmHQvMUBvY7","quoteMint":"Es9vMFrzaCERmJfrF4H2FYD4KCoNkY11McCe8BenwNYB","baseScale":9,"quoteScale":6,"baseVault":"G5PWpBDPTX48zbD7jL8gheuFCm5LdgXda4VwAMij4iMh","quoteVault":"5qL5jnXZJUPTY5UjShFPpAQs2sSfmVrKPaFSS8Bv7681","requestQueue":"DGGELfygqTEHApZHopxi5A5NrrEqYvh7aHe8wsRj3dq6","eventQueue":"5av5Ydbhy7HS6jUW13XYvj8iHub3muTtguukkHV5eP3Q","bids":"DvLkGbT6cKJepUwp9fWBhawT2sfXp7GaNZ8EfugaHKZv","asks":"FaRJJP7vo1m5W9JRoa8aFE3zzVKzwSGUNvQgWtpDSCyp","vaultSigner":"9KWBPF6JreExEMhBeTWE3MyhCJB6U8buNEw1iQKizf4K","takerFeePct":0.0004}