{"ownAddress":"49vwM54DX3JPXpey2daePZPmimxA4CrkXLZ6E1fGxx2Z","baseMint":"inL8PMVd6iiW3RCBJnr5AsrRN6nqr4BTrcNuQWQSkvY","quoteMint":"EPjFWdd5AufqSSqeM2qN1xzybapC8G4wEGGkZwyTDt1v","baseScale":9,"quoteScale":6,"baseVault":"De4wrN3UtHs783VTZjqoFZtP2v95pMWFx1KCqmkWBXqU","quoteVault":"DiiAfxX3J5apQ8SJ42Z4z2USTK3QbhksTzniAugLaG91","requestQueue":"3Uh6X1C5HerfGxWRm6rvk2agHix1xcLFbRtvrBtrkxoQ","eventQueue":"DJgsxzKvBY2wTqAWEmiqV8quTR7k9GZ7rsmvov3yzXPw","bids":"8hU3yAFb1429V1TTSKqpgJ7XJyQQQoLq76wxHeM1WYo","asks":"CEdiYZ2Cp62ECHgkz2mPiK9A6HcMG2jSmrppxiENzgKT","vaultSigner":"D8QQQMut9bbPfpCXHgbwoPSF4KNYSg7SyRUGF828dBfZ","takerFeePct":0.0004}