{"ownAddress":"4absuMsgemvdjfkgdLQq1zKEjw3dHBoCWkzKoctndyqd","baseMint":"DJafV9qemGp7mLMEn5wrfqaFwxsbLgUsGVS16zKRk9kc","quoteMint":"Es9vMFrzaCERmJfrF4H2FYD4KCoNkY11McCe8BenwNYB","baseScale":6,"quoteScale":6,"baseVault":"B4pPrfLnuQdeuTVivKaejnnkDNT1vgA9GV5hf7GpnRkX","quoteVault":"6xnprXsaNxgcLu1JmUbEyhDnqkcDeKTNyqpfr5gQqQHs","requestQueue":"HS8aFnJehg7dhJoiUi712CVNSHzfZ3UskB3wiBWpLBBC","eventQueue":"F39aFYKWyvcKc47xBXRwCFWuaczkApNa9qxF7RoSuBqZ","bids":"C3j7MJskqx1jnSMYA5BVWsKcbz9fmfQAc4ctYkpYvRTh","asks":"nxPVA5ydGLWFodgi45QH7hrNX9D2bx827RaGPKKCtmM","vaultSigner":"5pEVfxohN82e8TNmjgSXPep5PQiothbe9othMLNkLexT","takerFeePct":0.0004}