{"ownAddress":"4FPFh1iAiitKYMCPDBmEQrZVgA1DVMKHZBU2R7wjQWuu","baseMint":"A6aY2ceogBz1VaXBxm1j2eJuNZMRqrWUAnKecrMH85zj","quoteMint":"EPjFWdd5AufqSSqeM2qN1xzybapC8G4wEGGkZwyTDt1v","baseScale":6,"quoteScale":6,"baseVault":"DkxwnH5dC1nNWs1LeX7weCaYbvTJYaYe83267si4rUcN","quoteVault":"6WQv4gNfM6dYGJe3AQvBTq5d6pm5N2VGzaFATZEELMx3","requestQueue":"7YM3Ch93o9AvCWc7KS37qdhqN5CBgre5buyQHFQxGf9G","eventQueue":"2NeYhaKHHH4xdHc7ZJ9WgagDxz2WJgUjqHzzYAsVof6X","bids":"Accz9VHUtZWpGByXF5mbV3vJdKyTckzdva78DhQz7ewC","asks":"3onEQFYV1YfYwjqu5WGPwr13frdw6CP1ivtbo53GeTWi","vaultSigner":"EZeNRyVC4SufLPtfSvVh7dLXvmV39ycBLwChsFfS1Zyw","takerFeePct":0.0004}