{"ownAddress":"4fxxwaq6yRna6cKVvyQt1EfZaT1oS7WzncCXaXMXS61X","baseMint":"DktNJUJAWJyeLw3ykCkFNpGohE24SoEhevKBskRi6P1y","quoteMint":"EPjFWdd5AufqSSqeM2qN1xzybapC8G4wEGGkZwyTDt1v","baseScale":9,"quoteScale":6,"baseVault":"FSovMbcgc7zuySMojU6aLjnxe8VshYjPEwL3b5jdbAde","quoteVault":"GV79193qabmy4DakNG4M1aq3MxfPgcRwk1Uh2iGB3oVX","requestQueue":"34TE4jApbUjdbhwHZvHmD9HFi1n9wYR5wjXwzRQ2J8DY","eventQueue":"4tdAVxtEyA2yq1LJFJLY1FWsnDKsBP6BfoTLm3MFd2fj","bids":"8SQV81KuCMKWe9njrWnma8ssVPhsqFCtQ1gu72F7KVBH","asks":"41J24Y1U2G7pozKZYV6hFgpDBPvr9cxtU5c7U55Wqbyj","vaultSigner":"81NsVsWmANa8Jn8Bh4myKrXVy3oJEMpcCE9Zd8kAVCeK","takerFeePct":0.0004}