{"ownAddress":"4gr78LzJgL3RuCwomj1RzSsXwPpc1pzbMEG54idYFUqe","baseMint":"7j7H7sgsnNDeCngAPjpaCN4aaaru4HS7NAFYSEUyzJ3k","quoteMint":"EPjFWdd5AufqSSqeM2qN1xzybapC8G4wEGGkZwyTDt1v","baseScale":6,"quoteScale":6,"baseVault":"8J7oNSRB6NMb62czUj7Tjz5KTvGm3zbE2KbxkWfv3NkV","quoteVault":"Fxg6GEWK5RwZoJfGV7yfJzovyhDbEHL9dLZ4nEufr95f","requestQueue":"4UEPPaKd1S2sCmSgjDHQqxvFkWwDMc7ZiRdqe1F9MdSX","eventQueue":"7FPYajNbkEQbLTxxTyEFUazoe1odw3b4EJD2vNw5ExK5","bids":"5asyn7g8UYexzhHi7Fw4zBDBReLxagLJfrVPaXndnf3x","asks":"AE6UWuiQAdEde6SYHCy1SSedkdVorpUJ4Us823P36erx","vaultSigner":"EYjpGncc5UFqHuVD4mNvMLJKzqQ6Psq8nLiBX6t31V5G","takerFeePct":0.0004}