{"ownAddress":"4Hx3CtzqbzNqv2hDEawPqhfVZex4w8xALLDJA81iY8D9","baseMint":"4k3Dyjzvzp8eMZWUXbBCjEvwSkkk59S5iCNLY3QrkX6R","quoteMint":"SRMuApVNdxXokk5GT7XD5cUUgXMBCoAz2LHeuAoKWRt","baseScale":6,"quoteScale":6,"baseVault":"DhxRVJCjHfj86XPWykEmyQx9yut3VuKfpbzNSBXQxR5T","quoteVault":"D2rshKYUGdermpX8wZFji4jQxZAnCMRrAqS1MVAYA5Cu","requestQueue":"GkB6er2oPgB68DiE4qB6QRWrBJ35FuHuCtHhnrxCr66o","eventQueue":"7XSwmeNFNXuqCuyj5MCQn8izzByycBVGjRSc93weGL87","bids":"8DXzHAQYNfbHK8LyNnhN2BgZDPfnBykZ43duLsuwfyew","asks":"9qe6MKaAVBucraorCMV9rcAGtxAQ3XgX4WRGpNVKjAdt","vaultSigner":"8LoXPLpn8yi1rf88viy8trWCbRGX28wHm7Xqxtjpti6A","takerFeePct":0.0004}