{"ownAddress":"4JDhmLVobWpUaV8tr3ZGAXmSp3vMf24a2D2dVfoH1E5T","baseMint":"iVNcrNE9BRZBC9Aqf753iZiZfbszeAVUoikgT9yvr2a","quoteMint":"EPjFWdd5AufqSSqeM2qN1xzybapC8G4wEGGkZwyTDt1v","baseScale":6,"quoteScale":6,"baseVault":"GXQb7pVCzcRxburpaeY3utfA1sz1pgSK4GPRugjQ6Mmr","quoteVault":"7L6WzCKKSeGyZ1P8L9UK9zzCnoJSFguH2wHfWGfPTWJM","requestQueue":"3SM4rEhpmCo5XwT3ecnMTWQGNw94A2xmEhWv1b4ya4cF","eventQueue":"3mJbEYfyyBLGPqexGGFgW5CPVqJC1nZ7FVtav7BBJFGn","bids":"BD6mgaiQTC13YCMWmT9hV2TTH9VpWMG8JGNCn8rLx14M","asks":"CAfG1TSFihYBVHhwAy6Ys2CAD9rkkb3wiv7dLNu67g9r","vaultSigner":"Eos7UyWRrfuU5PB4D2D3kY5ZVj3YdSNoYSK7WosCsVSF","takerFeePct":0.0004}