{"ownAddress":"4JP75nztBEo5rYhW1LTQyc4qfjPB33jMWEUvp2DGrQQR","baseMint":"HEhMLvpSdPviukafKwVN8BnBUTamirptsQ6Wxo5Cyv8s","quoteMint":"EPjFWdd5AufqSSqeM2qN1xzybapC8G4wEGGkZwyTDt1v","baseScale":9,"quoteScale":6,"baseVault":"2rKjiEwYdhHbyU87kDGgsDa3dd49C2du8taCPTVWeq7q","quoteVault":"23jtFSSfKcPZ37hFaaoUbU2HhwRjXYexvcN3XR5264RB","requestQueue":"9u6FRYL4VLCSp5q3wDqQX15k9tDTL7huYRx7pp2sBz1v","eventQueue":"Ae7rQLQdfgcrzsBs3nQzPBcCJTJGjg1ysR3qasNrGgLJ","bids":"Bf4iJYGiczXARnreNvYBJfqf9pYv8tLRtbM8wE3gh8Ej","asks":"7ajoGvWdCUpAGgFf2bKE832Ro5MQpFiUAnYruMFL9rkV","vaultSigner":"B6vKvfKDFYtpAvYq2SXwrkEhA1dFUcdGjRL6Wu8Lu8Hq","takerFeePct":0.0004}