{"ownAddress":"4KvCseiB6zv588tLuQtwXzXp58S8RobaAtGZiQJRx3Xo","baseMint":"8o66EVAf4u2Hr21m2tuRrPtEXFPLr8G8aL1ETStP8fDu","quoteMint":"EPjFWdd5AufqSSqeM2qN1xzybapC8G4wEGGkZwyTDt1v","baseScale":9,"quoteScale":6,"baseVault":"31XRkBSuUGWL7vgciP1T58KL9Q2Mj3JMwxrD2HkR77Te","quoteVault":"24UyqnRdupz3uCyCtwP6gnW46NQtj7fJqbon5KtQg9qj","requestQueue":"8aJWqw97oW3eVM7FTzda2rTHXKWVmvAF1abvnGbh4kqQ","eventQueue":"GUm8Vh3rG3ucWBiAi6Z8HwXmo1tWnnPuGAkDk5MFL1uj","bids":"H3Fp4CAkUVz8WsqdP2ab4LzHksqECA8MbMFu7G2rL8Vf","asks":"DnU2mbKQwximNin46t7q8Jdbd5GYb3c4KtwCTKqd7Uj","vaultSigner":"51qdWzbKgGrpef5B2xCUzjLSXs1LcMtVgPwrDPnhkP1","takerFeePct":0.0004}