{"ownAddress":"4LUro5jaPaTurXK737QAxgJywdhABnFAMQkXX4ZyqqaZ","baseMint":"SF3oTvfWzEP3DTwGSvUXRrGTvr75pdZNnBLAH9bzMuX","quoteMint":"EPjFWdd5AufqSSqeM2qN1xzybapC8G4wEGGkZwyTDt1v","baseScale":6,"quoteScale":6,"baseVault":"3hUMPnn3WNUbhTBoyXH3wHkWyq85MEZx9LWLTdEEaTef","quoteVault":"HEArHmgm9mnsj2u98Ldr4iWSwWvPPUUg8L9fwxT1cTyv","requestQueue":"BRvzjEjphBLVMMq8tEvh4G5o9TTNJ4PSu23CAAdJDKsr","eventQueue":"9gpfTc4zsndJSdpnpXQbey16L5jW2GWcKeY3PLixqU4","bids":"8MyQkxux1NnpNqpBbPeiQHYeDbZvdvs7CHmGpciSMWvs","asks":"HjB8zKe9xezDrgqXCSjCb5F7dMC9WMwtZoT7yKYEhZYV","vaultSigner":"CQgjkmuDXXJ2WpF6bK9VWZko9T5hwVxAVgvmbV3gkfVe","takerFeePct":0.0004}