{"ownAddress":"4M5NhdT3GBUNZvHQvifvpfp3bJfZwSKGnbFfnNy48cn6","baseMint":"HYoGYzMcbYq3tAvpg15d8VFYVHw6jWEVuGgpNTrG8hps","quoteMint":"EPjFWdd5AufqSSqeM2qN1xzybapC8G4wEGGkZwyTDt1v","baseScale":4,"quoteScale":6,"baseVault":"H2vZUuDLAQKprLkM12VZcnw3XRTGk8rDYbr9BTZ9fZeM","quoteVault":"3Xxa1FPUpwtkQ9q2Ep7ktK2EA9Eh4vuP7MEnUQmLmHiX","requestQueue":"8piZVtRX1EhZAMbMXpuHbffd42kArDnM81pWHTTMCSHZ","eventQueue":"5tVamVTcAVkzP1hvNUNVasCbrWJ8Qyz2RJ3pSrRExuPT","bids":"6qPyCU4X6fs1uoUcV1pM8ZNxDVzoxazASp39UQdc5fKw","asks":"4hZRu7ypJodnXtE8q4q33NMLS2qUKqNNT4RWoLyFVgCM","vaultSigner":"dsFks9yVJRHK46JCcCdzdRdNYhKCUTJtuagC4dewqy7","takerFeePct":0.0004}