{"ownAddress":"4MUhHF5K9simSLXuaUKMaU8nMHSCRPzPMe7UtJRXi4HZ","baseMint":"2uRFEWRBQLEKpLmF8mohFZGDcFQmrkQEEZmHQvMUBvY7","quoteMint":"EPjFWdd5AufqSSqeM2qN1xzybapC8G4wEGGkZwyTDt1v","baseScale":9,"quoteScale":6,"baseVault":"HzYJRJVWc7YwURs51pyV28QDX8higLY5KbsfkFfyGBWx","quoteVault":"FmZKugMrhDYtBe9o4BtJT8kEqrqYSniSshX6XvTStBVz","requestQueue":"HzfMzM6ESfWCVCPohvbQZ15gx4LL1HbL5mjt3wvEmzxG","eventQueue":"6NoZy4vukadrqUWjQiAMovXBUAoaFwzQ1onHQTHSQgGP","bids":"2SrPZCNBYnBtxNERbCCiZTXExBkq8ZgMojwC31XhM9dC","asks":"2aDPzY5yAS4FJ11ZNrwQXCKJA6XLPuMCpbpYgujtKYJ7","vaultSigner":"HTC8sXfqzVcwu7GhywQMsHN7W7mLWJgVgJ7G19GUg5AF","takerFeePct":0.0004}