{"ownAddress":"4PD799gihM2SdM8g7PxfSWgQR8cWGNiuzmNzcL2RgpSu","baseMint":"HGsLG4PnZ28L8A4R5nPqKgZd86zUUdmfnkTRnuFJ5dAX","quoteMint":"EPjFWdd5AufqSSqeM2qN1xzybapC8G4wEGGkZwyTDt1v","baseScale":8,"quoteScale":6,"baseVault":"4KNLp8PtKQB285XmtckbANucGjAWhBqJWLAi6mZvZ3Nd","quoteVault":"GE54J9SMpHxQSZ1JJ41gHaHWJr4ntBR67h8QTnnWdA28","requestQueue":"FXBBdLvNYaJBgTEowyNgnH13rh4Wz3qV5GMCh4H8nR9x","eventQueue":"3z4M5C3hkwsCgz2n7mnJZX6uHweQAtMijTsWxFrYtZHD","bids":"HXFEtVyQppg1EtDRkRpy5qMQ4wsSz6CC53oEuRUrYck4","asks":"G8vVNwbHKYw9Bemj3RASqyb9f3jgh3B32RN7DGstVMCw","vaultSigner":"FfS2ZygUorwubx9SSTvV2GjHWUrufEpRZwwDhd7raKZ2","takerFeePct":0.0004}