{"ownAddress":"4RnYHByMqmrmwu5M4aArX16nAKDg9RWh9Qo3yoRfd3Py","baseMint":"Au6EdrSDubCUc34awy9c6iQAg5GSos9pPBXyZQtyZewV","quoteMint":"EPjFWdd5AufqSSqeM2qN1xzybapC8G4wEGGkZwyTDt1v","baseScale":6,"quoteScale":6,"baseVault":"Hf4pqW4B2e13wRkz4G9BcbPYNU74v1fcTKMzYN1d1PFp","quoteVault":"EqLb8ghTmuzxHcoLeRm7fWxH9Jutcve7j2BebWzz8bCS","requestQueue":"DUKpdSkBiNyGjZ8NE5j1WPcm6uNkQVgjB7M1hGFavERf","eventQueue":"ArLEuMWyd7Sudgk3LxBWSGDp9ruX12Ktv4oApcraaP5w","bids":"66MfjNnNceJL5SvNpGvG3F8z9ZTNBW3AH6S46J6Yr5Q9","asks":"4MsCKgwMUc1EM1xRUgvgP3XRSsSbwGHANvCE79ENiy7b","vaultSigner":"DM519t5yd3ZBKEoTWUx8Lmg9sejTZkHPAAd5AYJiRoGy","takerFeePct":0.0004}