{"ownAddress":"4RZ27tjRnSwrtRqsJxDEgsERnDKFs7yx6Ra3HsJvkboy","baseMint":"FYfQ9uaRaYvRiaEGUmct45F9WKam3BYXArTrotnTNFXF","quoteMint":"EPjFWdd5AufqSSqeM2qN1xzybapC8G4wEGGkZwyTDt1v","baseScale":9,"quoteScale":6,"baseVault":"DahZDkfEeXwx6F4EKP93tDBBXtnverKpgyrJ8moGaZhy","quoteVault":"EzDEuxQUFAj6f1Z8AgG6ByNeP37AUx1hGW3QKgZsHks","requestQueue":"3BQn68acZ431Kg6Ci3suNvuJRKmcNpP5GA1iebU21eFD","eventQueue":"7x9hv1po3HtWtCzhqk5mAXsJK2w1k9kJBau2MocbBUPk","bids":"8BY7tMQzo8iRizRKVwBD7KY9nkCofagmyDS4cupaSi9f","asks":"ny7m9oP8o3Qpm335h8gDEZmyK8ZyfgvtXExrBgXQUBJ","vaultSigner":"7Sx9635i24dKnZTmr3n49wL7JyhMQv7RMuc9okFLRuDu","takerFeePct":0.0004}