{"ownAddress":"4Sg1g8U2ZuGnGYxAhc6MmX9MX7yZbrrraPkCQ9MdCPtF","baseMint":"8PMHT4swUMtBzgHnh5U564N5sjPSiUz2cjEQzFnnP1Fo","quoteMint":"EPjFWdd5AufqSSqeM2qN1xzybapC8G4wEGGkZwyTDt1v","baseScale":9,"quoteScale":6,"baseVault":"F8PdvS5QFhSqgVdUFo6ivXdXC4nDEiKGc4XU97ZhCKgH","quoteVault":"61zxdnLpgnFgdk9Jom5f6d6cZ6cTbwnC6QqmJag1N9jB","requestQueue":"HmvwRY1gCKLstPvdeKT7bdameq9PaCGbxG7NNPmyrLfS","eventQueue":"HVzqLTfcZKVC2PanNpyt8jVRJfDW8M5LgDs5NVVDa4G3","bids":"BDYAnAUSoBTtX7c8TKHeqmSy7U91V2pDg8ojvLs2fnCb","asks":"Bdm3R8X7Vt1FpTruE9SQVESSd3BjAyFhcobPwAoK2LSw","vaultSigner":"rCFXUwdmQvRK9jtnCip3SdDm1cLn8nB6HHgEHngzfjQ","takerFeePct":0.0004}