{"ownAddress":"4UPUurKveNEJgBqJzqHPyi8DhedvpYsMXi7d43CjAg2f","baseMint":"9gP2kCy3wA1ctvYWQk75guqXuHfrEomqydHLtcTCqiLa","quoteMint":"EPjFWdd5AufqSSqeM2qN1xzybapC8G4wEGGkZwyTDt1v","baseScale":8,"quoteScale":6,"baseVault":"7SjACG2xPdt9ur1Shdav6SwBnr58wRZPxLegJX3e2vhT","quoteVault":"HrxG4K4xSpRfPxSGtMQnnbKRo3r6F2Qj1eyDZXFvP7pe","requestQueue":"DzYpcbvi32Me2KTRnpa18VxDU1VP57nHHS7Ks2wEs9KL","eventQueue":"DK7Jw2fZCbTVDF191eXywDFymmbXqGUp4VuERiX6RAR4","bids":"XHJx6VrtEjpHhTQVt7KSapsTf63BqrStuFd3X3LSovP","asks":"4wZkXYKNcnkkf2ALX3ktRDCuj8Sj1dd2L4APxcKDpgwG","vaultSigner":"xns66Y3kLdMA7aVZciP5pdc46oBD9QHjUrnfTVF3PWp","takerFeePct":0.0004}