{"ownAddress":"4V4R9dL7KxvPSVkLa2HCGW93eheGHFYEvThqvCxrPhdx","baseMint":"Rs3Mrx9ZSNwsTM3gtJhEbeHQdTfzcvUWHg8T8Ena3pD","quoteMint":"EPjFWdd5AufqSSqeM2qN1xzybapC8G4wEGGkZwyTDt1v","baseScale":6,"quoteScale":6,"baseVault":"DcrdpxPVENXxsCv22H3qDirxZMTwXgEVaJ8LDWGMVb99","quoteVault":"AFnFrPkGzmmbL2d6Tg3N6jVfxRkmEeZJ2gpe3WxcyYvS","requestQueue":"CnuKsRXrqc8Sj9PrvnDKgPRzBS5CcLhahQUR4ePfuLw8","eventQueue":"6xSqL7TkV3v6DTk6YZvDM6CnoNYJQj7pWh9EzFopDusi","bids":"2eRA5yFpvPYX6QzJw9ojtshKa25NzvJCFTRuEAY2n7EW","asks":"8BG9dn8qS9PEm6qsptTQqUAAqf8pSGuAfLWGyBTVvDNA","vaultSigner":"7kcZ7MrH8fFnvaAwK3jD6S8s2oDuxozYhhyGoov3G7w2","takerFeePct":0.0004}