{"ownAddress":"4VCnuHoo6A3XhQ9YrD6YZWQKVvLxVGzHTB2opNyQi7bz","baseMint":"7udMmYXh6cuWVY6qQVCd9b429wDVn2J71r5BdxHkQADY","quoteMint":"EPjFWdd5AufqSSqeM2qN1xzybapC8G4wEGGkZwyTDt1v","baseScale":3,"quoteScale":6,"baseVault":"APsG9tyFo8epb4RMoKeY8ukRSuHQi9e8LiasvxL7f8hv","quoteVault":"EoDgPEgR2x8RVehPUUfVa6kiTLA3KMSoj6JW2tLLM3Ct","requestQueue":"BFcCE78djVTCrrW8NSpGKmT48xG8Moi94wEEq2uD1gpQ","eventQueue":"DfYeyhr1KG7CVvYNfWoj6DwwXeAiV5FdevrMGHg8X9Ub","bids":"Aj39bhoYfrVJU3mWt6DRHut33pS3kHvNcjSV2R1biNaM","asks":"F7LM3DhagrQ8Fn2oLVG6JBitk88RE7mjWqtWjf7iX2v9","vaultSigner":"8p1H7TJUQQnkeNkhNqD1s8w9ifaBacNAExFFddiphPFG","takerFeePct":0.0004}