{"ownAddress":"4WjeMRFULkagv9swdiFS5g6D4RB3Py3bXwCeGtRmjmqN","baseMint":"4k3Dyjzvzp8eMZWUXbBCjEvwSkkk59S5iCNLY3QrkX6R","quoteMint":"2FPyTwcZLUg1MDrwsyoP4D6s1tM7hAkHYRjkNb5w6Pxk","baseScale":6,"quoteScale":6,"baseVault":"EYAqL65StRdcf7rQ8fZofKb2GhzPzv1bYxGwiLVV94DR","quoteVault":"5wg7XPEyMPuueo8EdqVp6ZNnC7hWENc1mbn6Hf7pBush","requestQueue":"3MvEBL4eM6uzbrbgBBptvEjzk5kem1jRk6ehdNAfeghc","eventQueue":"6ZYy6jJ2VdAQsiBeFYhDeY9PAckJiYEKNc4qW1MkUGQs","bids":"HkiK7BHNDZMB6AymYdZth6711y7P7VTJ2exij7gk5cWk","asks":"HF9vr7otap8vRTbiHSs1sXnCiY6FTgG7evmgB89x62Tc","vaultSigner":"3z4pmKKytNTkYvUCiozbbDzpxSNWemXZFVBrhPY4yiJr","takerFeePct":0.0004}