{"pool_account":"3nesbuhAwCMGtsyypYtg4oRPwJ3FmHnytC5bqskhPh1x","authority":"AAFwoEvGaFLW6V8E4u4NBGmGnExaboMdJTcguxDrRvDt","pool_token_mint":"Lirav2gsqs7jL1PFRUBp8uKACT8LYjDBV8c6nzchoer","token_ids":["9QBTKuSCDaJjtxYnYcVzoiKENMdJ5DRei5ZUCEeWyZnj","A94X2fRy3wydNShU4dRaDyap2UuoeWJGWyATtyp61WZf"],"tokens":{"9QBTKuSCDaJjtxYnYcVzoiKENMdJ5DRei5ZUCEeWyZnj":{"tag":"","name":"","mint":"9QBTKuSCDaJjtxYnYcVzoiKENMdJ5DRei5ZUCEeWyZnj","addr":"GA7UoHChxwpLd1Sx4pK5jVA575zWAxNveJPPkayrvJV7","scale":6},"A94X2fRy3wydNShU4dRaDyap2UuoeWJGWyATtyp61WZf":{"tag":"","name":"","mint":"A94X2fRy3wydNShU4dRaDyap2UuoeWJGWyATtyp61WZf","addr":"5rSTM7rrLvoWerY897n3KhbpuQyHV8ZMuS1pHJNAwMnQ","scale":6}},"target_amp":250,"fee_numerator":4,"fee_denominator":10000,"fee_accounts":{"9QBTKuSCDaJjtxYnYcVzoiKENMdJ5DRei5ZUCEeWyZnj":"EJHrPrSogaFUehHo1hWWM9ii1ZZbABE9MLd3kBCo8CVY","A94X2fRy3wydNShU4dRaDyap2UuoeWJGWyATtyp61WZf":"D9N4wzL1JhBbPbW2UoWQuxQ3uu6DvYUnCMYwT6QFemWf"}}