{"pool_account":"4EFeyTtMZZnAv3ZPs2jvps1T1J1JykbpyizrWjBQcA1S","authority":"4HP9xSxLcEK64zALBCP36GdfDLrMXorVk4X6DyLrBjbp","pool_token_mint":"LUNkiLcb2wxcqULmJvMjuM6YQhpFBadG5KZBe7qBpSE","token_ids":["2Xf2yAXJfg82sWwdLUo2x9mZXy6JCdszdMZkcF1Hf4KV","KUANeD8EQvwpT1W7QZDtDqctLEh2FfSTy5pThE9CogT"],"tokens":{"2Xf2yAXJfg82sWwdLUo2x9mZXy6JCdszdMZkcF1Hf4KV":{"tag":"","name":"","mint":"2Xf2yAXJfg82sWwdLUo2x9mZXy6JCdszdMZkcF1Hf4KV","addr":"Au5zcSost9sXpH8AQQjULRXJ9QCJ3kdKehUr1zYzTr6G","scale":9},"KUANeD8EQvwpT1W7QZDtDqctLEh2FfSTy5pThE9CogT":{"tag":"","name":"","mint":"KUANeD8EQvwpT1W7QZDtDqctLEh2FfSTy5pThE9CogT","addr":"Gx1L7n1YhDWLNfUyCeZfzKvwHJSxhppnk4DS5cZLqyd","scale":9}},"target_amp":150,"fee_numerator":4,"fee_denominator":10000,"fee_accounts":{"2Xf2yAXJfg82sWwdLUo2x9mZXy6JCdszdMZkcF1Hf4KV":"EEzYzTTAPxa67vwozPfyf5Q1pFbzhhkktPAFYkQg9Jdv","KUANeD8EQvwpT1W7QZDtDqctLEh2FfSTy5pThE9CogT":"4KysWyKdL5xrziKL2m4k5AXTAsiBSGVz38bapcCcdaWT"}}