{"pool_account":"4xeRVccqvUgiV6VeF6NkWqkAYeewcJPRWFVginvJw1n4","authority":"2hAy2ubWi3PWrgxSoamzonLy1bUL3BfoqW7u7791Qpj9","pool_token_mint":"Daimhb91DY4e3aVaa7YCW5GgwaMT9j1ALSi2GriBvDNh","token_ids":["FYpdBuyAHSbdaAyD1sKkxyLWbAP8uUW9h6uvdhK74ij1","JEFFSQ3s8T3wKsvp4tnRAsUBW7Cqgnf8ukBZC4C8XBm1"],"tokens":{"FYpdBuyAHSbdaAyD1sKkxyLWbAP8uUW9h6uvdhK74ij1":{"tag":"","name":"","mint":"FYpdBuyAHSbdaAyD1sKkxyLWbAP8uUW9h6uvdhK74ij1","addr":"A7VkMFrnCCyeZFUrQ3TzDr4xFep7PZtxvy3jJnBjLB2a","scale":9},"JEFFSQ3s8T3wKsvp4tnRAsUBW7Cqgnf8ukBZC4C8XBm1":{"tag":"","name":"","mint":"JEFFSQ3s8T3wKsvp4tnRAsUBW7Cqgnf8ukBZC4C8XBm1","addr":"PhfHJ2Yu99BsEjZrefhApqUnLUiExcECcUT1YLoNUUv","scale":9}},"target_amp":150,"fee_numerator":4,"fee_denominator":10000,"fee_accounts":{"FYpdBuyAHSbdaAyD1sKkxyLWbAP8uUW9h6uvdhK74ij1":"6Z89E44paaBKP5cvpbUjznhs5eLmUdvSKnJdASZMEu3v","JEFFSQ3s8T3wKsvp4tnRAsUBW7Cqgnf8ukBZC4C8XBm1":"4cDRUtsATQBmK63FXYRVnS4TD16vpcf5HJiZrQW3dQNE"}}