{"pool_account":"7dwD9TF6uikvHXxPFK9AsSim54yJoujQjY9vU6gNFumk","authority":"8bopcrcYNPHHE5f5RtSMjtyecM9vMufuAY4kLDAoFiqc","pool_token_mint":"4FKZsej5FonJWj24xhgG13wV4FSMQqTDwABBQaoQNMZF","token_ids":["7dHbWXmci3dT8UFYWYZweBLXgycu7Y3iL6trKn1Y7ARj","mSoLzYCxHdYgdzU16g5QSh3i5K3z3KZK7ytfqcJm7So"],"tokens":{"7dHbWXmci3dT8UFYWYZweBLXgycu7Y3iL6trKn1Y7ARj":{"tag":"","name":"","mint":"7dHbWXmci3dT8UFYWYZweBLXgycu7Y3iL6trKn1Y7ARj","addr":"CquVr6atkvwueDYficKjn6SSEWq4F4rH4VSiBbW4GBWU","scale":9},"mSoLzYCxHdYgdzU16g5QSh3i5K3z3KZK7ytfqcJm7So":{"tag":"","name":"","mint":"mSoLzYCxHdYgdzU16g5QSh3i5K3z3KZK7ytfqcJm7So","addr":"8BCa6ge3b7ho3TfZuM64Vk1hgbrJ3J7EPiAb9uP86CGd","scale":9}},"target_amp":25,"fee_numerator":4,"fee_denominator":10000,"fee_accounts":{"7dHbWXmci3dT8UFYWYZweBLXgycu7Y3iL6trKn1Y7ARj":"xs2eLHRPGqyZFAVzrdmvHYKJZ3myeoTfVnt8pypo66y","mSoLzYCxHdYgdzU16g5QSh3i5K3z3KZK7ytfqcJm7So":"9S9Z3YSgoZ68qKpNZ99YSeCX3yiPE5KPJ78zSDEGgSb4"}}