{"pool_account":"7oAd7xG4m3oC2qeWB1szghTebAZyyGPAFDJ4wwwbRSNi","authority":"ASpJBf8HtyrNxaMqFNpjYCqi8SsJC5h56hd3HQUNk6M7","pool_token_mint":"UST32f2JtPGocLzsL41B3VBBoJzTm1mK1j3rwyM3Wgc","token_ids":["JEFFSQ3s8T3wKsvp4tnRAsUBW7Cqgnf8ukBZC4C8XBm1","CXLBjMMcwkc17GfJtBos6rQCo1ypeH6eDbB82Kby4MRm"],"tokens":{"JEFFSQ3s8T3wKsvp4tnRAsUBW7Cqgnf8ukBZC4C8XBm1":{"tag":"","name":"","mint":"JEFFSQ3s8T3wKsvp4tnRAsUBW7Cqgnf8ukBZC4C8XBm1","addr":"D9yh4KAysxt9GLacVe4Wwh2XqghhcjTCSTV9HuM7TBJd","scale":9},"CXLBjMMcwkc17GfJtBos6rQCo1ypeH6eDbB82Kby4MRm":{"tag":"","name":"","mint":"CXLBjMMcwkc17GfJtBos6rQCo1ypeH6eDbB82Kby4MRm","addr":"HDYfJLpZKaMFb84jM4mRytn7XLR8UFZUnQpSfhJJaNEy","scale":9}},"target_amp":150,"fee_numerator":4,"fee_denominator":10000,"fee_accounts":{"JEFFSQ3s8T3wKsvp4tnRAsUBW7Cqgnf8ukBZC4C8XBm1":"2TrJ87SzxmnfvFq7feKesoFwuxki1SxDLxrXJPpygwvN","CXLBjMMcwkc17GfJtBos6rQCo1ypeH6eDbB82Kby4MRm":"GYiQ2bwkcTcM1FZuC5YevpXCnKyKHXfoDQfxh8XxMFce"}}