{"pool_account":"ACUSESXyNnwRLAg1dpSGMLSzUDdLjUMybY8rkXiAKhCP","authority":"FMGXRh8AYYy2SiPor8yzZPECNVkjwKtwYTWPsqAJrM8W","pool_token_mint":"GEcowHQW46CrEkfAdbcsdt4SV7taCetZF4sFBXN4USDC","token_ids":["JEFFSQ3s8T3wKsvp4tnRAsUBW7Cqgnf8ukBZC4C8XBm1","DHpoYejUDqzByb6HAdaLWF7KZvwUv2vWYDY9cTENNZui"],"tokens":{"JEFFSQ3s8T3wKsvp4tnRAsUBW7Cqgnf8ukBZC4C8XBm1":{"tag":"","name":"","mint":"JEFFSQ3s8T3wKsvp4tnRAsUBW7Cqgnf8ukBZC4C8XBm1","addr":"AhFPQdu8GKBsxuhiH46UmCu1YpaLgNpoP325HnYtsgas","scale":9},"DHpoYejUDqzByb6HAdaLWF7KZvwUv2vWYDY9cTENNZui":{"tag":"","name":"","mint":"DHpoYejUDqzByb6HAdaLWF7KZvwUv2vWYDY9cTENNZui","addr":"A8wxWpT3aFEr2XqZp1kDmbxbFfcBE95UUmdsNTDBJYbT","scale":9}},"target_amp":50,"fee_numerator":4,"fee_denominator":10000,"fee_accounts":{"JEFFSQ3s8T3wKsvp4tnRAsUBW7Cqgnf8ukBZC4C8XBm1":"A6SMziGsMPKFFyS3uEHFvmvD7pbLuq32dKFh3H4JMhhq","DHpoYejUDqzByb6HAdaLWF7KZvwUv2vWYDY9cTENNZui":"25ZZsLmP2xRsVA6BeNeeQFmfjR2RbXY48bKLhXj3qSyB"}}