{"pool_account":"ALBpShJ9NLpE739pcHDF2LNVk5J4VYPvvKuV6jMPitZi","authority":"4S8xo3PeKfs3kY7ecS2amiffJZ4WXCAceDhUseE11q5E","pool_token_mint":"PLYJZgSkcV8UXTWhTyf2WLCMeBoZum1Y4rXgXkoYiNj","token_ids":["DNhZkUaxHXYvpxZ7LNnHtss8sQgdAfd1ZYS1fB7LKWUZ","Es9vMFrzaCERmJfrF4H2FYD4KCoNkY11McCe8BenwNYB"],"tokens":{"DNhZkUaxHXYvpxZ7LNnHtss8sQgdAfd1ZYS1fB7LKWUZ":{"tag":"","name":"","mint":"DNhZkUaxHXYvpxZ7LNnHtss8sQgdAfd1ZYS1fB7LKWUZ","addr":"D6d156U1bPiJpDYRLextvDRccgFk7QzkQbJg42ceKEu5","scale":6},"Es9vMFrzaCERmJfrF4H2FYD4KCoNkY11McCe8BenwNYB":{"tag":"","name":"","mint":"Es9vMFrzaCERmJfrF4H2FYD4KCoNkY11McCe8BenwNYB","addr":"GNcM8U5g8RwTZffwwm3kSQqUNPSwv5d2fbN9sLxPJqt2","scale":6}},"target_amp":150,"fee_numerator":4,"fee_denominator":10000,"fee_accounts":{"DNhZkUaxHXYvpxZ7LNnHtss8sQgdAfd1ZYS1fB7LKWUZ":"FyDHogJW1qWbhKYekKwd9EQSJrwZKAZN3vT6KwwnmT77","Es9vMFrzaCERmJfrF4H2FYD4KCoNkY11McCe8BenwNYB":"8FDK1MfsDpGLvWdinWRShnyvT28Q37xttHTrofgSUnNJ"}}