{"pool_account":"ALLwa5WNZbvQsRKAqe1jdRGemdYQnW8E5k4msbRFcYtu","authority":"4vKg9TxAmbmBQYvsv9StJYMwyDeWNyfVSumMzmemrXbZ","pool_token_mint":"AET3m1Mp2SLi7QX3tSypcZWyEtk1d8dUGcwhweDiZdaR","token_ids":["KNVfdSJyq1pRQk9AKKv1g5uyGuk6wpm4WG16Bjuwdma","AaAEw2VCw1XzgvKB8Rj2DyK2ZVau9fbt2bE8hZFWsMyE"],"tokens":{"KNVfdSJyq1pRQk9AKKv1g5uyGuk6wpm4WG16Bjuwdma":{"tag":"","name":"","mint":"KNVfdSJyq1pRQk9AKKv1g5uyGuk6wpm4WG16Bjuwdma","addr":"CGoM82Hbz7QVqTgvQatYtjvDWBvoUJp5qm21P8iMs9yb","scale":9},"AaAEw2VCw1XzgvKB8Rj2DyK2ZVau9fbt2bE8hZFWsMyE":{"tag":"","name":"","mint":"AaAEw2VCw1XzgvKB8Rj2DyK2ZVau9fbt2bE8hZFWsMyE","addr":"3dxNNww8TivyN5FMy5dCNdi3Zcxv6e4kUfSPxfFwpdNq","scale":9}},"target_amp":800,"fee_numerator":4,"fee_denominator":10000,"fee_accounts":{"KNVfdSJyq1pRQk9AKKv1g5uyGuk6wpm4WG16Bjuwdma":"3YtJRF3L5gzAr42sA8n5FaNqC64haw3j8c7tL78b7Ksm","AaAEw2VCw1XzgvKB8Rj2DyK2ZVau9fbt2bE8hZFWsMyE":"DqbBwHR6s7BmmK3wJ3ZD4YVXjZd748hCTefScH2dWGWj"}}