{"pool_account":"AURHmCnNwiW4uA2Qj1XvEh4iKgRUZYXtiY7FKAapUV5Y","authority":"GzGGc1xo457qnjmTbjMx1J7mabMSJs3VQyGnb51Yho1U","pool_token_mint":"ALP89a89ASo1h5VosTSABtQBKLBgeoaWQexYQrRCMNfV","token_ids":["ASoLXbfe7cd6igh5yiEsU8M7FW64QRxPKkxk7sjAfond","So11111111111111111111111111111111111111112"],"tokens":{"ASoLXbfe7cd6igh5yiEsU8M7FW64QRxPKkxk7sjAfond":{"tag":"","name":"","mint":"ASoLXbfe7cd6igh5yiEsU8M7FW64QRxPKkxk7sjAfond","addr":"BKWm4TRnTeKwfWXRyuzjRHU7iZDkPuXBX5b5V5jSVfGJ","scale":9},"So11111111111111111111111111111111111111112":{"tag":"","name":"","mint":"So11111111111111111111111111111111111111112","addr":"A5Ww74HVrkj9nPeC7pHKLfgeDMEhBCpW1efQdz3TGLEg","scale":9}},"target_amp":50,"fee_numerator":4,"fee_denominator":10000,"fee_accounts":{"ASoLXbfe7cd6igh5yiEsU8M7FW64QRxPKkxk7sjAfond":"4e7K1sRxauEPf6XnTnnnbSKi4zjda2LyChpQB4qPJYTd","So11111111111111111111111111111111111111112":"BTJxL7z9CzGEvNo9oN2keWykFfErcVnBqMMZa1BNU31J"}}