{"pool_account":"AUS3TCHxzec2Sf1jUhvmTGWo3oLXW1zxrDPYBBvjKtEq","authority":"4d9QyKXngdKVwi3PM9r9PTHTk4dVyHm3b2EF9EFUfeZD","pool_token_mint":"HLPC9r4gbeP6KagT3qJLzFj7iWcYTJs245k9tuHFQGyR","token_ids":["GfzU1fLASNV3r4NtEyrnwTyTakJkYzoivnaL3Snh45oj","JEFFSQ3s8T3wKsvp4tnRAsUBW7Cqgnf8ukBZC4C8XBm1"],"tokens":{"GfzU1fLASNV3r4NtEyrnwTyTakJkYzoivnaL3Snh45oj":{"tag":"","name":"","mint":"GfzU1fLASNV3r4NtEyrnwTyTakJkYzoivnaL3Snh45oj","addr":"DyBGrZkGJHrgbxQXo3sh5KKz7YTzYK9gN8fhRSXN2whK","scale":9},"JEFFSQ3s8T3wKsvp4tnRAsUBW7Cqgnf8ukBZC4C8XBm1":{"tag":"","name":"","mint":"JEFFSQ3s8T3wKsvp4tnRAsUBW7Cqgnf8ukBZC4C8XBm1","addr":"DRr3h3DF9wupahxh6vHMFCm6WGfmJWMrrBHoBvWAweAQ","scale":9}},"target_amp":125,"fee_numerator":4,"fee_denominator":10000,"fee_accounts":{"GfzU1fLASNV3r4NtEyrnwTyTakJkYzoivnaL3Snh45oj":"6SK6Pi8juWs3ucEHM6fdSKQpXM1Jx6JRFejZRosxSHFs","JEFFSQ3s8T3wKsvp4tnRAsUBW7Cqgnf8ukBZC4C8XBm1":"CnuUeP3wLSAvEBAMMdcwYnRarzw3fD5xQ5Y2FiY8nHBf"}}