{"pool_account":"AUSejoEUCh2DBs9mof6BNC8Pubs22w4cJa1ccV9h44R","authority":"8puxJXzTyPXRsQ9PH9niMeje9M83a2bzatTzHxBWjGoP","pool_token_mint":"APUVVYA8Xf7T1PqLyDvNxLtwQ9rRDf3RUxfMttreVzHP","token_ids":["eqKJTf1Do4MDPyKisMYqVaUFpkEFAs3riGF3ceDH2Ca","EPjFWdd5AufqSSqeM2qN1xzybapC8G4wEGGkZwyTDt1v"],"tokens":{"eqKJTf1Do4MDPyKisMYqVaUFpkEFAs3riGF3ceDH2Ca":{"tag":"","name":"","mint":"eqKJTf1Do4MDPyKisMYqVaUFpkEFAs3riGF3ceDH2Ca","addr":"4xkyD7AfGQDwsQMy9MosRRNGoVJ1zosNinesxg1TzHG7","scale":6},"EPjFWdd5AufqSSqeM2qN1xzybapC8G4wEGGkZwyTDt1v":{"tag":"","name":"","mint":"EPjFWdd5AufqSSqeM2qN1xzybapC8G4wEGGkZwyTDt1v","addr":"Cbm5gsQe3nSiCsFrvepVzMCD9xLK3ri9g3ypS2hdmVJ7","scale":6}},"target_amp":50,"fee_numerator":4,"fee_denominator":10000,"fee_accounts":{"eqKJTf1Do4MDPyKisMYqVaUFpkEFAs3riGF3ceDH2Ca":"2ckZv6RqJuU9wjYGgMd4h9ZD4qBdiU7TC3sdsEdNR8fY","EPjFWdd5AufqSSqeM2qN1xzybapC8G4wEGGkZwyTDt1v":"EP7vfnJedUyTAVeUxDc64UFGFBupY11DWiTB3p846EfU"}}