{"pool_account":"AyiATPCAx5HZstcZ1jdH9rENwFb3yd9zEhkgspvDrCs4","authority":"2wszCpUdVDFrJcP79wpV3FdBmU38UC1YKuoSUBA5mhWu","pool_token_mint":"pBTCmyG7FaZx4uk3Q2pT5jHKWmWDn84npdc7gZXpQ1x","token_ids":["CDJWUqTcYTVAKXAVXoQZFes5JUFc7owSeq7eMQcDSbo5","DYDWu4hE4MN3aH897xQ3sRTs5EAjJDmQsKLNhbpUiKun"],"tokens":{"CDJWUqTcYTVAKXAVXoQZFes5JUFc7owSeq7eMQcDSbo5":{"tag":"","name":"","mint":"CDJWUqTcYTVAKXAVXoQZFes5JUFc7owSeq7eMQcDSbo5","addr":"DvHVapj4g2Y1tJVSw2ubSPkPBsJPb8fW387ZWXwaKmZq","scale":8},"DYDWu4hE4MN3aH897xQ3sRTs5EAjJDmQsKLNhbpUiKun":{"tag":"","name":"","mint":"DYDWu4hE4MN3aH897xQ3sRTs5EAjJDmQsKLNhbpUiKun","addr":"DKjqWWgrtDRPKrnMWtZ4UiJk4sGQVCQgFjSo7BvfngvK","scale":8}},"target_amp":150,"fee_numerator":4,"fee_denominator":10000,"fee_accounts":{"CDJWUqTcYTVAKXAVXoQZFes5JUFc7owSeq7eMQcDSbo5":"GT1dBu8tzgKuTTicMjffuHPPx4QkvCaatzdU9T4iCCF1","DYDWu4hE4MN3aH897xQ3sRTs5EAjJDmQsKLNhbpUiKun":"8CjejbrxQu2GVFdP1zgCVA6NWGBBANB4ro1aHow14HxA"}}