{"pool_account":"B2izdXFYb2sNwbWWHmh75T4aQFtfXsUxem9u2p61HGzf","authority":"7W9KMACQT6UmjRPEUQKXyVf4NjZ9Ux4PHs1e1P5PxDtA","pool_token_mint":"PaiYwHYxr4SsEWox9YmyBNJmxVG7GdauirbBcYGB7cJ","token_ids":["Ea5SjE2Y6yvCeW5dYTn7PYMuW5ikXkvbGdcmSnXeaLjS","EPjFWdd5AufqSSqeM2qN1xzybapC8G4wEGGkZwyTDt1v"],"tokens":{"Ea5SjE2Y6yvCeW5dYTn7PYMuW5ikXkvbGdcmSnXeaLjS":{"tag":"","name":"","mint":"Ea5SjE2Y6yvCeW5dYTn7PYMuW5ikXkvbGdcmSnXeaLjS","addr":"4DYwgJtxwuJdAjkj5RJSNH4e7U329V5cNp7d3a1nLrZv","scale":6},"EPjFWdd5AufqSSqeM2qN1xzybapC8G4wEGGkZwyTDt1v":{"tag":"","name":"","mint":"EPjFWdd5AufqSSqeM2qN1xzybapC8G4wEGGkZwyTDt1v","addr":"EXNW64GEf1ACC6xY9BtKRiunrs6GoJSXBdxWN2eTPmrF","scale":6}},"target_amp":150,"fee_numerator":3999,"fee_denominator":10000000,"fee_accounts":{"Ea5SjE2Y6yvCeW5dYTn7PYMuW5ikXkvbGdcmSnXeaLjS":"ECA38NDxPqwo5997B34JL7UkC3VZSQMzRGHThetgFDwC","EPjFWdd5AufqSSqeM2qN1xzybapC8G4wEGGkZwyTDt1v":"qRMfgjGkq7ribEdJtWm3FUCpzCkS2Mguh7WXshChttR"}}