{"pool_account":"BDGnasCnLUuqHVpHipGuevAsnHuMsBLya1RZSo4ZzMUF","authority":"3rjYaVP4fkv4BVQsA7aaC7DZUdogkna7ACGaAhiuNYfi","pool_token_mint":"BRENm9SgYJZuCxM4ZJiH6CmZqEBn4MLpD9cnBZDnJgeT","token_ids":["66CgfJQoZkpkrEgC1z4vFJcSFc4V6T5HqbjSSNuqcNJz","FACTQhZBfRzC7A76antnpAoZtiwYmUfdAN8wz7e8rxC5"],"tokens":{"66CgfJQoZkpkrEgC1z4vFJcSFc4V6T5HqbjSSNuqcNJz":{"tag":"","name":"","mint":"66CgfJQoZkpkrEgC1z4vFJcSFc4V6T5HqbjSSNuqcNJz","addr":"CZ48nQQ6GK8Z7hGBPdxTtMzRBA8werj5iciVJnc3vz1S","scale":9},"FACTQhZBfRzC7A76antnpAoZtiwYmUfdAN8wz7e8rxC5":{"tag":"","name":"","mint":"FACTQhZBfRzC7A76antnpAoZtiwYmUfdAN8wz7e8rxC5","addr":"G3nLYyvP46npva5MEobZVJhcDNzJ4rrHgLGJMtvyad5c","scale":9}},"target_amp":50,"fee_numerator":4,"fee_denominator":10000,"fee_accounts":{"66CgfJQoZkpkrEgC1z4vFJcSFc4V6T5HqbjSSNuqcNJz":"4mj3SDyGGMpWGmECFiwY38CA6sLxBgLqjERJShC3B9By","FACTQhZBfRzC7A76antnpAoZtiwYmUfdAN8wz7e8rxC5":"DEtSQshR5MTo2wzgwACG5SjwmpAUqRTyMeqKxiRgbgCY"}}