{"pool_account":"BDGpYPUKFyHzHTnbK21v66tACEVHSmRXf4LWnMqYmfEN","authority":"8ea2TgjGzY51QjATM9xTF5bw43uMdtyFWm8E4PTKsCXA","pool_token_mint":"WLP9nwD2FUJyNeKWGEi8QnF1a5G3VC7zM9uCqE1W8tx","token_ids":["Bzq68gAVedKqQkQbsM28yQ4LYpc2VComDUD9wJBywdTi","CDJWUqTcYTVAKXAVXoQZFes5JUFc7owSeq7eMQcDSbo5"],"tokens":{"Bzq68gAVedKqQkQbsM28yQ4LYpc2VComDUD9wJBywdTi":{"tag":"","name":"","mint":"Bzq68gAVedKqQkQbsM28yQ4LYpc2VComDUD9wJBywdTi","addr":"mp5HMG9jYnZvpe3cV1qgPzfX5aPtLQtsMjVTazvkQ28","scale":8},"CDJWUqTcYTVAKXAVXoQZFes5JUFc7owSeq7eMQcDSbo5":{"tag":"","name":"","mint":"CDJWUqTcYTVAKXAVXoQZFes5JUFc7owSeq7eMQcDSbo5","addr":"DwDfm1YMtHT5WQLxfQdnh3WYzUHjwEviHFwDs3RBEm1B","scale":8}},"target_amp":50,"fee_numerator":4,"fee_denominator":10000,"fee_accounts":{"Bzq68gAVedKqQkQbsM28yQ4LYpc2VComDUD9wJBywdTi":"8F7ZWtL4yDmeyqbm6biaQdvMPt8vxtrBkxppUW1LM6w1","CDJWUqTcYTVAKXAVXoQZFes5JUFc7owSeq7eMQcDSbo5":"5ZW1S437vktV9uBpC5rjQroyuZ641HjaJzzBxNjj2ETo"}}