{"pool_account":"BERTH9caDT1mFBvne1h5hHdE58vxuAVuvh5rs43AYn9r","authority":"5j93Lq7Txj9nEr9fUw3YJ2C4Pezm6eUJfGsUi6eYXcy","pool_token_mint":"xSoLVBNztDTUW8Kou2GJinHoe54Siu9Sk3e2uoU9aUi","token_ids":["BdUJucPJyjkHxLMv6ipKNUhSeY3DWrVtgxAES1iSBAov","So11111111111111111111111111111111111111112"],"tokens":{"BdUJucPJyjkHxLMv6ipKNUhSeY3DWrVtgxAES1iSBAov":{"tag":"","name":"","mint":"BdUJucPJyjkHxLMv6ipKNUhSeY3DWrVtgxAES1iSBAov","addr":"GSt31U8nF6WJBRG7j2EALfNTMd3J8jmotGX9szVTrzvN","scale":9},"So11111111111111111111111111111111111111112":{"tag":"","name":"","mint":"So11111111111111111111111111111111111111112","addr":"7WEqRDS5Dk6kVXFZHrsW5EtdPhy4v6jWK9P5jHhi9oz","scale":9}},"target_amp":50,"fee_numerator":4,"fee_denominator":10000,"fee_accounts":{"BdUJucPJyjkHxLMv6ipKNUhSeY3DWrVtgxAES1iSBAov":"5iPA8k3qTshZWz19wgPPNLvTrTXjMiv6K2feDy159VWv","So11111111111111111111111111111111111111112":"FtwcLBGggnpoyJDRzX3oa9ErRFSe4opbQ1KhHg9fGEJs"}}