{"pool_account":"BkMBnJpvHKtWhUvrgRrLesXfi9RUV3ELgdBaJcdH7hcY","authority":"FDndRkBVpFoNBHY6Jhx7PgNpysvZjt3P2MZ95vmkSfWa","pool_token_mint":"BUSDaZjarCrQJLeHpWi7aLaKptdR1S8DFpwdDuuZu9p3","token_ids":["AJ1W9A9N9dEMdVyoDiam2rV44gnBm2csrPDP7xqcapgX","JEFFSQ3s8T3wKsvp4tnRAsUBW7Cqgnf8ukBZC4C8XBm1"],"tokens":{"AJ1W9A9N9dEMdVyoDiam2rV44gnBm2csrPDP7xqcapgX":{"tag":"","name":"","mint":"AJ1W9A9N9dEMdVyoDiam2rV44gnBm2csrPDP7xqcapgX","addr":"5uerVwBnZQsuVhZ15igs7ZgmcqhHnYWbwoRtLyRqLvR","scale":9},"JEFFSQ3s8T3wKsvp4tnRAsUBW7Cqgnf8ukBZC4C8XBm1":{"tag":"","name":"","mint":"JEFFSQ3s8T3wKsvp4tnRAsUBW7Cqgnf8ukBZC4C8XBm1","addr":"9YWiQh5d4jCtgMdzcGLv9bWgnLaFtzvDDh2nnhJdzhBX","scale":9}},"target_amp":150,"fee_numerator":4,"fee_denominator":10000,"fee_accounts":{"AJ1W9A9N9dEMdVyoDiam2rV44gnBm2csrPDP7xqcapgX":"3WmdrG1ESnSDYes4ENnXzyp6bbHjP8badDe2qaUf2iRG","JEFFSQ3s8T3wKsvp4tnRAsUBW7Cqgnf8ukBZC4C8XBm1":"DoEoomAbK5aFkzSF1QmdN7HAToQYGsUy6MVthUM67hzT"}}