{"pool_account":"BkwbeSfcX1h4thMDd7obGkHrPevf3QwgzJ4pCEqG18Lu","authority":"Fekck54VF2MdesR74trJteZbiKj1TD5AVQisXr8E7fjG","pool_token_mint":"SLPbsNrLHv8xG4cTc4R5Ci8kB9wUPs6yn6f7cKosoxs","token_ids":["CDJWUqTcYTVAKXAVXoQZFes5JUFc7owSeq7eMQcDSbo5","SBTCB6pWqeDo6zGi9WVRMLCsKsN6JiR1RMUqvLtgSRv"],"tokens":{"CDJWUqTcYTVAKXAVXoQZFes5JUFc7owSeq7eMQcDSbo5":{"tag":"","name":"","mint":"CDJWUqTcYTVAKXAVXoQZFes5JUFc7owSeq7eMQcDSbo5","addr":"35yX27bmurdebhfAb8EPmjLETDiUaEUCn9zHaDPbakH2","scale":8},"SBTCB6pWqeDo6zGi9WVRMLCsKsN6JiR1RMUqvLtgSRv":{"tag":"","name":"","mint":"SBTCB6pWqeDo6zGi9WVRMLCsKsN6JiR1RMUqvLtgSRv","addr":"2CxECn1ZJFoESyUnQysQU8rRgT3iJ5GRs2Mdd6gZjx5g","scale":8}},"target_amp":150,"fee_numerator":4,"fee_denominator":10000,"fee_accounts":{"CDJWUqTcYTVAKXAVXoQZFes5JUFc7owSeq7eMQcDSbo5":"BtWyCxodyYWEXED61iSZoD4cng7E7rCRuuHJj52CRcBv","SBTCB6pWqeDo6zGi9WVRMLCsKsN6JiR1RMUqvLtgSRv":"A94zn3axQ1PyMsrFzSH6KHKkmTMkKHPwJxsczVjShu9u"}}