{"pool_account":"Bodz3SK3pzzskFdjwG5TXoavTzNLJbMV8VDQHvxkhTa1","authority":"EqG6R7n6dZeRU1fDeCh5RrCAVNERHbwHz5QWjXwMfzoy","pool_token_mint":"xFTTLsMdN28XHtYTTTVWYz5zwXWBm5r1WTuZ7Cc7SyA","token_ids":["Fr3W7NPVvdVbwMcHgA7Gx2wUxP43txdsn3iULJGFbKz9","EzfgjvkSwthhgHaceR3LnKXUoRkP6NUhfghdaHAj1tUv"],"tokens":{"Fr3W7NPVvdVbwMcHgA7Gx2wUxP43txdsn3iULJGFbKz9":{"tag":"","name":"","mint":"Fr3W7NPVvdVbwMcHgA7Gx2wUxP43txdsn3iULJGFbKz9","addr":"HHnpxMvDcXaeHXTSnWw9y8gMeUMnnCzxWfACgx839nCt","scale":8},"EzfgjvkSwthhgHaceR3LnKXUoRkP6NUhfghdaHAj1tUv":{"tag":"","name":"","mint":"EzfgjvkSwthhgHaceR3LnKXUoRkP6NUhfghdaHAj1tUv","addr":"Hk8UFqdvVdvJRZjKJV59PkrDrpLnbCCBMgDjVwx53cwi","scale":8}},"target_amp":50,"fee_numerator":4,"fee_denominator":10000,"fee_accounts":{"Fr3W7NPVvdVbwMcHgA7Gx2wUxP43txdsn3iULJGFbKz9":"BNEGDjUoE7Jb3MHvNYdc2Swr4srnCwAGgXV5fhvd8kak","EzfgjvkSwthhgHaceR3LnKXUoRkP6NUhfghdaHAj1tUv":"7TDojHU5LqRtDBybM6aiX1q3SvJhGg3oyYBngDf7QAXd"}}