{"pool_account":"BSC8REUo9LpiiWUuqMuLXs2D2yJsJfGd4HdiF3wCLxk5","authority":"GoGTHycKo5ti1Lwyk1ZVa2Y6yka2z6Q6cLNEUQ2e1g1w","pool_token_mint":"ALPX6x8FkkdQyn9YuoVZjPAapL4nUC7vjJ3AtwStmj9P","token_ids":["8XSsNvaKU9FDhYWAv7Yc7qSNwuJSzVrXBNEk7AFiWF69","JEFFSQ3s8T3wKsvp4tnRAsUBW7Cqgnf8ukBZC4C8XBm1"],"tokens":{"8XSsNvaKU9FDhYWAv7Yc7qSNwuJSzVrXBNEk7AFiWF69":{"tag":"","name":"","mint":"8XSsNvaKU9FDhYWAv7Yc7qSNwuJSzVrXBNEk7AFiWF69","addr":"AZjEH1zWVx1UJ6udMyRijGTzPteuLnaY18yNNmprJEsh","scale":9},"JEFFSQ3s8T3wKsvp4tnRAsUBW7Cqgnf8ukBZC4C8XBm1":{"tag":"","name":"","mint":"JEFFSQ3s8T3wKsvp4tnRAsUBW7Cqgnf8ukBZC4C8XBm1","addr":"Caf8ypkSVR8xYnXNhjvfvdGCC7mrM3C11rz8Xi6NA6aK","scale":9}},"target_amp":150,"fee_numerator":4,"fee_denominator":10000,"fee_accounts":{"8XSsNvaKU9FDhYWAv7Yc7qSNwuJSzVrXBNEk7AFiWF69":"CEyUANqRyrsnxGFotH8QvfYibCU5PBWGGciWd9BqyLAN","JEFFSQ3s8T3wKsvp4tnRAsUBW7Cqgnf8ukBZC4C8XBm1":"GMFegvR5GGMtddaainUXQgwctFdEWuzcWq7iPHQmXpLp"}}