{"pool_account":"BSCc2UgHMGZcr4gdTBZcDvf7HcjVdfBDrW7gMnaqSDkx","authority":"J2HsPo8fNKNhSZcUn3EfPjekbwSwA3LUTS2Yj8wz8hL2","pool_token_mint":"ALPb4SssuKFScyUFnTcXLtF3NAkwFuFpQFric5yo4Qpo","token_ids":["3os2M3bX9qta154PRbU9rzaPUYAKAqVpaMMS8u2hoUQu","FACTQhZBfRzC7A76antnpAoZtiwYmUfdAN8wz7e8rxC5"],"tokens":{"3os2M3bX9qta154PRbU9rzaPUYAKAqVpaMMS8u2hoUQu":{"tag":"","name":"","mint":"3os2M3bX9qta154PRbU9rzaPUYAKAqVpaMMS8u2hoUQu","addr":"3aQn9HbPXwxCLEd71x81K1whfHvMe18bEwPtqPArA68d","scale":9},"FACTQhZBfRzC7A76antnpAoZtiwYmUfdAN8wz7e8rxC5":{"tag":"","name":"","mint":"FACTQhZBfRzC7A76antnpAoZtiwYmUfdAN8wz7e8rxC5","addr":"5KMjfTVueu78hnEaUNKPTQmKkEnUrwTGD9r8YFKXXxy7","scale":9}},"target_amp":150,"fee_numerator":4,"fee_denominator":10000,"fee_accounts":{"3os2M3bX9qta154PRbU9rzaPUYAKAqVpaMMS8u2hoUQu":"3znpKzaBHybUfyo96z9jf1D38Ciadzwrrku6iDhsdkKA","FACTQhZBfRzC7A76antnpAoZtiwYmUfdAN8wz7e8rxC5":"7qN4wY2ZqQQJY5PvafJFQTtzWnCvVEcD8vDpJL9P3Rfg"}}