{"pool_account":"BSCNHw8CmxbZ8hCWWzMf5FaG2ajPT6JxfznKUNuRVrn4","authority":"ASniuTkvzrbk5gpV4mkibbFvyzL62ACdDBmLqeHxpvaB","pool_token_mint":"BUSDjE9NEQ15aRFTxKFAjUf5vzqBhEgTNbYevWcSB5qp","token_ids":["6nuaX3ogrr2CaoAPjtaKHAoBNWok32BMcRozuf32s2QF","JEFFSQ3s8T3wKsvp4tnRAsUBW7Cqgnf8ukBZC4C8XBm1"],"tokens":{"6nuaX3ogrr2CaoAPjtaKHAoBNWok32BMcRozuf32s2QF":{"tag":"","name":"","mint":"6nuaX3ogrr2CaoAPjtaKHAoBNWok32BMcRozuf32s2QF","addr":"7n9kgNL633yGzCYksgnzHyjG73ZLBAwvEae5sbAekbzW","scale":9},"JEFFSQ3s8T3wKsvp4tnRAsUBW7Cqgnf8ukBZC4C8XBm1":{"tag":"","name":"","mint":"JEFFSQ3s8T3wKsvp4tnRAsUBW7Cqgnf8ukBZC4C8XBm1","addr":"SscdxE99omdG9AiMVwmaEMQySQnCgeAh1sPj2Leutm2","scale":9}},"target_amp":150,"fee_numerator":4,"fee_denominator":10000,"fee_accounts":{"6nuaX3ogrr2CaoAPjtaKHAoBNWok32BMcRozuf32s2QF":"fBhDGfJFCDJKe3mra22UP2Twkbh6WQQkqkafLaYgY71","JEFFSQ3s8T3wKsvp4tnRAsUBW7Cqgnf8ukBZC4C8XBm1":"2DbTjbNJmfRNhTcajqpCQDPef3gKZN2deURXam7T2KRh"}}