{"pool_account":"BSCrK1Nx9PXU9mF7STWWBqeHLxmtJDr9h7jheEy4tAWX","authority":"FM2ki4WkVhAEeqbnbpeAK6iZfTbGSWxZJ7cjJmzmTA69","pool_token_mint":"ALPi51sXwH9kNcQuneDwz7kPzJs3hJ5xV6SmnuyqodQP","token_ids":["EyrnrbE5ujd3HQG5PZd9MbECN9yaQrqc8pRwGtaLoyC","KNVfdSJyq1pRQk9AKKv1g5uyGuk6wpm4WG16Bjuwdma"],"tokens":{"EyrnrbE5ujd3HQG5PZd9MbECN9yaQrqc8pRwGtaLoyC":{"tag":"","name":"","mint":"EyrnrbE5ujd3HQG5PZd9MbECN9yaQrqc8pRwGtaLoyC","addr":"FfSySSbVJPvEo5a5AvrP3nySoXpRE2QPn1uUMpJJ1x7v","scale":9},"KNVfdSJyq1pRQk9AKKv1g5uyGuk6wpm4WG16Bjuwdma":{"tag":"","name":"","mint":"KNVfdSJyq1pRQk9AKKv1g5uyGuk6wpm4WG16Bjuwdma","addr":"HL7Vcj6838ZmvBHDbQxXfjBNckNi83WvPiZQoMQLFeRM","scale":9}},"target_amp":150,"fee_numerator":4,"fee_denominator":10000,"fee_accounts":{"EyrnrbE5ujd3HQG5PZd9MbECN9yaQrqc8pRwGtaLoyC":"CmAmwGXwhRuBqUHzJcxghhAiw48rgiDyzA2ERt4RDWfp","KNVfdSJyq1pRQk9AKKv1g5uyGuk6wpm4WG16Bjuwdma":"Fyx1ydTc4mFKibx64xdqLbxcvmknTRXU466BzvV13m3A"}}