{"pool_account":"BSCuChvaSj9b5HUSqgDVRzcnr2sSn7cXaamt1jbKH6hn","authority":"68VHM1QsAEQo2kCRh2Gu5ztN9fzLfuk9VpX76LCvpjxx","pool_token_mint":"ALPaPPo6xmeGv3a63Pc4S8NJFAAuchhD7XnkkWJqzvXJ","token_ids":["E77cpQ4VncGmcAXX16LHFFzNBEBb2U7Ar7LBmZNfCgwL","AEUT5uFm1D575FVCoQd5Yq891FJEqkncZUbBFoFcAhTV"],"tokens":{"E77cpQ4VncGmcAXX16LHFFzNBEBb2U7Ar7LBmZNfCgwL":{"tag":"","name":"","mint":"E77cpQ4VncGmcAXX16LHFFzNBEBb2U7Ar7LBmZNfCgwL","addr":"GnKpRj5kBVPMJfiwZtEuD9GYApLzPdW5JFuZTcyX4BTc","scale":9},"AEUT5uFm1D575FVCoQd5Yq891FJEqkncZUbBFoFcAhTV":{"tag":"","name":"","mint":"AEUT5uFm1D575FVCoQd5Yq891FJEqkncZUbBFoFcAhTV","addr":"3dmwD9okkomV9nDwyuh4UMhKdUR13QpuKxRo89ycZB5t","scale":9}},"target_amp":150,"fee_numerator":4,"fee_denominator":10000,"fee_accounts":{"E77cpQ4VncGmcAXX16LHFFzNBEBb2U7Ar7LBmZNfCgwL":"CVhgD36UCXPz581ZhGRwcX4tgQtTWeEkJHwCztSjZMAP","AEUT5uFm1D575FVCoQd5Yq891FJEqkncZUbBFoFcAhTV":"CHKcqWS3v9wL4RRXZAMHj359Kiy2DnFLwsNhzjRntnkF"}}