{"pool_account":"BTCkjETHaKDoRJtD2PKwzhseFnwPVsxGFu6BD8h5Riwq","authority":"4LQnTsjNyKbKEqDUC8EFriiDy8QQJ15giH2wDJX6kwSC","pool_token_mint":"WLP9zHZ3FcsPAcM891AQBn4ZWyS3wYgddiLPbSyzmDm","token_ids":["7dVH61ChzgmN9BwG4PkzwRP8PbYwPJ7ZPNF2vamKT2H8","CDJWUqTcYTVAKXAVXoQZFes5JUFc7owSeq7eMQcDSbo5"],"tokens":{"7dVH61ChzgmN9BwG4PkzwRP8PbYwPJ7ZPNF2vamKT2H8":{"tag":"","name":"","mint":"7dVH61ChzgmN9BwG4PkzwRP8PbYwPJ7ZPNF2vamKT2H8","addr":"59vRbFfiA5NoGvuPjDpNE399pm4yNWVH28yfSrWH6bL2","scale":8},"CDJWUqTcYTVAKXAVXoQZFes5JUFc7owSeq7eMQcDSbo5":{"tag":"","name":"","mint":"CDJWUqTcYTVAKXAVXoQZFes5JUFc7owSeq7eMQcDSbo5","addr":"9nzCtRofJcFG2GuNtfAxNddGRKhqyKXA5iX6iUZXRT1w","scale":8}},"target_amp":150,"fee_numerator":4,"fee_denominator":10000,"fee_accounts":{"7dVH61ChzgmN9BwG4PkzwRP8PbYwPJ7ZPNF2vamKT2H8":"CV3HHVcfRqNdoodUBHyCaWzpFfwhAQsSsxSHKbScGtF5","CDJWUqTcYTVAKXAVXoQZFes5JUFc7owSeq7eMQcDSbo5":"GbnwxeLhanyDwdU9PGWaVVLXTo7CXVATiwS4NE9ic7yL"}}