{"pool_account":"BUSDgu5JdqP1rndBvXvanbEufS94FNh1w5FJcAj6vawb","authority":"AuGSuRwZ7qN9sG8eUdfFsW7xdxSZ8CvB4jM4RdkrU3FD","pool_token_mint":"WLPR8Sy6Fbnf2sZHVg8Z7uW1QnRThnjhb244kf4ddCS","token_ids":["5RpUwQ8wtdPCZHhu6MERp2RGrpobsbZ6MH5dDHkUjs2","88881Hu2jGMfCs9tMu5Rr7Ah7WBNBuXqde4nR5ZmKYYy"],"tokens":{"5RpUwQ8wtdPCZHhu6MERp2RGrpobsbZ6MH5dDHkUjs2":{"tag":"","name":"","mint":"5RpUwQ8wtdPCZHhu6MERp2RGrpobsbZ6MH5dDHkUjs2","addr":"Bgzr8cWubt89JQFXndVjtdKmDbGzuPxNhvjH1EhWCwbo","scale":8},"88881Hu2jGMfCs9tMu5Rr7Ah7WBNBuXqde4nR5ZmKYYy":{"tag":"","name":"","mint":"88881Hu2jGMfCs9tMu5Rr7Ah7WBNBuXqde4nR5ZmKYYy","addr":"Dxaf8xPBBQsasRKW5Aa4Sw2YrbfGofY9xZueyyF23FBW","scale":8}},"target_amp":150,"fee_numerator":4,"fee_denominator":10000,"fee_accounts":{"5RpUwQ8wtdPCZHhu6MERp2RGrpobsbZ6MH5dDHkUjs2":"7KCb5VCg9Amc24DiFBKaqYuVKZJVyFqstvYpKuASsAcB","88881Hu2jGMfCs9tMu5Rr7Ah7WBNBuXqde4nR5ZmKYYy":"6frEk6q3nmtRyConjCrTjZosMCRpM2bKsKEezRUTKS8v"}}