{"pool_account":"BUSD5rCfUDpCxKGMvYU2yThChxgHoioK74PTPociGnv2","authority":"DZrJ1JztPXQtDT7X8bS8mFyQrDH2YdTsXAKnoBHv2txT","pool_token_mint":"WLPsu8oyn1muh5nimxvBsgo6hh6t5jAdUtZ1VmJkohs","token_ids":["FCqfQSujuPxy6V42UvafBhsysWtEq1vhjfMN1PUbgaxA","88881Hu2jGMfCs9tMu5Rr7Ah7WBNBuXqde4nR5ZmKYYy"],"tokens":{"FCqfQSujuPxy6V42UvafBhsysWtEq1vhjfMN1PUbgaxA":{"tag":"","name":"","mint":"FCqfQSujuPxy6V42UvafBhsysWtEq1vhjfMN1PUbgaxA","addr":"CcFHbafgYDZ8yA8Me1PdtDiVb2eeaS61LbqyKKK5CsNZ","scale":8},"88881Hu2jGMfCs9tMu5Rr7Ah7WBNBuXqde4nR5ZmKYYy":{"tag":"","name":"","mint":"88881Hu2jGMfCs9tMu5Rr7Ah7WBNBuXqde4nR5ZmKYYy","addr":"26R9s4nmF3CFDTkiePDwRmtscn8i7r2eygbSijditJ58","scale":8}},"target_amp":150,"fee_numerator":4,"fee_denominator":10000,"fee_accounts":{"FCqfQSujuPxy6V42UvafBhsysWtEq1vhjfMN1PUbgaxA":"5VynBnXugWcTq1ajHouD1iP5GTcaEU6AzsqsuXwwdMKa","88881Hu2jGMfCs9tMu5Rr7Ah7WBNBuXqde4nR5ZmKYYy":"8Zw38irqChsJ99WZjLwdSFrRbAcbw47zs4xGYRM33RTM"}}