{"pool_account":"BUSDTd9WiT6uBHJRgNvFXBsA7JrifsAtWzKfioN7ERcy","authority":"G2NKBFb4gXDPD3PPbUPdz4QA6VdAcGrhk1PeM7D6NyLm","pool_token_mint":"WLPAEUgB95YrU7Vk1FVPeSP5C3e66bf63frHRgsyxHv","token_ids":["8qJSyQprMC57TWKaYEmetUR3UUiTP2M3hXdcvFhkZdmv","T8KdT8hDzNhbGx5sjpEUxepnbDB1TZoCa7vtC5JjsMw"],"tokens":{"8qJSyQprMC57TWKaYEmetUR3UUiTP2M3hXdcvFhkZdmv":{"tag":"","name":"","mint":"8qJSyQprMC57TWKaYEmetUR3UUiTP2M3hXdcvFhkZdmv","addr":"DyBxrn7gSc1EwnpWhDyhzvMHPtxpmBqRqotapLcKcfTM","scale":8},"T8KdT8hDzNhbGx5sjpEUxepnbDB1TZoCa7vtC5JjsMw":{"tag":"","name":"","mint":"T8KdT8hDzNhbGx5sjpEUxepnbDB1TZoCa7vtC5JjsMw","addr":"Cds99GeBgoCpqBsoRWu1C6fF9LiUMd4pXQQD24s9LPff","scale":8}},"target_amp":150,"fee_numerator":4,"fee_denominator":10000,"fee_accounts":{"8qJSyQprMC57TWKaYEmetUR3UUiTP2M3hXdcvFhkZdmv":"BEucHS8xRsZu1A9qwBaabfthp4NKa7UXfA954iXYdXms","T8KdT8hDzNhbGx5sjpEUxepnbDB1TZoCa7vtC5JjsMw":"5iybTEkGJ7y9NPd4si3bUaTLwBLB14UrzJyxgKqQFVdW"}}