{"pool_account":"CZgvH45CRmoaNJ7395Ao5CQZXkGznvqU7cErD6n7FaRg","authority":"H73Bq4wPdkMyM1o1RCgFTrmCCTzkK7W9FrfyWWLZ8QCj","pool_token_mint":"BSCNZ4GLnpZYv4BLk5edymk4qty8a6ZpiMbfvtv9gAzL","token_ids":["33fsBLA8djQm82RpHmE3SuVrPGtZBWNYExsEUeKX1HXX","88881Hu2jGMfCs9tMu5Rr7Ah7WBNBuXqde4nR5ZmKYYy"],"tokens":{"33fsBLA8djQm82RpHmE3SuVrPGtZBWNYExsEUeKX1HXX":{"tag":"","name":"","mint":"33fsBLA8djQm82RpHmE3SuVrPGtZBWNYExsEUeKX1HXX","addr":"4ZjU6MKvtqVQKCiowhvZ5yUsPxXX5SCzd5eFsPeXyey5","scale":8},"88881Hu2jGMfCs9tMu5Rr7Ah7WBNBuXqde4nR5ZmKYYy":{"tag":"","name":"","mint":"88881Hu2jGMfCs9tMu5Rr7Ah7WBNBuXqde4nR5ZmKYYy","addr":"BsyWeshjDbCvjDojry3vKDCesmFRM37WtwcR4Kfgzqr","scale":8}},"target_amp":50,"fee_numerator":4,"fee_denominator":10000,"fee_accounts":{"33fsBLA8djQm82RpHmE3SuVrPGtZBWNYExsEUeKX1HXX":"yPocykmSvJew7HAdfxDFj9QAMjansDu5GchZoLg9twk","88881Hu2jGMfCs9tMu5Rr7Ah7WBNBuXqde4nR5ZmKYYy":"277k3jhGK79oT8HsXpzfPd7Td2TftpCB2Tdrn6MuK55S"}}