{"pool_account":"DA1mL7dfBow33EH5yjUuZE6SH2KeUK5zEXzsyhE5r5j5","authority":"99Y7Y3DwALuxnbe9YkHJNK5ReLswTq1dwaEs4yRPv7ad","pool_token_mint":"aeDebgky5BssqgLo426rXoQTmGrAn1JjEXp6aXFNLic","token_ids":["9w6LpS7RU1DKftiwH3NgShtXbkMM1ke9iNU4g3MBXSUs","JEFFSQ3s8T3wKsvp4tnRAsUBW7Cqgnf8ukBZC4C8XBm1"],"tokens":{"9w6LpS7RU1DKftiwH3NgShtXbkMM1ke9iNU4g3MBXSUs":{"tag":"","name":"","mint":"9w6LpS7RU1DKftiwH3NgShtXbkMM1ke9iNU4g3MBXSUs","addr":"B4UtLRZND3D83CitRCBUyeiNr7H8m7YFRqBmiPmXjhW4","scale":9},"JEFFSQ3s8T3wKsvp4tnRAsUBW7Cqgnf8ukBZC4C8XBm1":{"tag":"","name":"","mint":"JEFFSQ3s8T3wKsvp4tnRAsUBW7Cqgnf8ukBZC4C8XBm1","addr":"AAmpYbuixWiSqDaJBCqYEs1pb5SrbdPr9mgXrB58Q2e","scale":9}},"target_amp":200,"fee_numerator":4,"fee_denominator":10000,"fee_accounts":{"9w6LpS7RU1DKftiwH3NgShtXbkMM1ke9iNU4g3MBXSUs":"9ZWsx7cNVrQ3X8vVmqJ2X8K37U8tWBFHhX7VuWHQeXM8","JEFFSQ3s8T3wKsvp4tnRAsUBW7Cqgnf8ukBZC4C8XBm1":"CpzjDRacBu1ZddeaT2CXQy8jDGZm4Agx61aiifhjJAFW"}}