{"pool_account":"daob129AwBGn9Y5r91uLoWZeYiGzbPmksauMhFZKTze","authority":"41CKnj1gy1AXQ1nf2dB9Ubst3QGHxjWkFLd78KLpGYsr","pool_token_mint":"monKYjV2bHTjbJVWCCcwhxE8C96sdTKR2HUNUHCjh4z","token_ids":["GEJpt3Wjmr628FqXxTgxMce1pLntcPV4uFi8ksxMyPQh","So11111111111111111111111111111111111111112"],"tokens":{"GEJpt3Wjmr628FqXxTgxMce1pLntcPV4uFi8ksxMyPQh":{"tag":"","name":"","mint":"GEJpt3Wjmr628FqXxTgxMce1pLntcPV4uFi8ksxMyPQh","addr":"6VW5GQNyj4LStgmxEHLr5zUfW92vQnmbw8jTnCH7a38F","scale":9},"So11111111111111111111111111111111111111112":{"tag":"","name":"","mint":"So11111111111111111111111111111111111111112","addr":"4VPCCUifPeBA1c7HWK358CHn2nyjm8pdTRk6Ps3KmnMQ","scale":9}},"target_amp":30,"fee_numerator":4,"fee_denominator":10000,"fee_accounts":{"GEJpt3Wjmr628FqXxTgxMce1pLntcPV4uFi8ksxMyPQh":"6dwzNdDgk51HgEWH1Wfe4mikWkZjYiE3AP3JAE16bAQJ","So11111111111111111111111111111111111111112":"51SdDqP9xXhj9HzcGQenKEPSQymHfebWD1Cy2WakRY1e"}}