{"pool_account":"DFWzVTzNBrQZLjoQ4yQwkj9HuoXmfkuZP9V5vbymZe23","authority":"41gN5ZP7inB3rgqQikVxWcfofyYsxH4zWQBRWyJrdZCy","pool_token_mint":"MAiP3Zmjhc6NYiCb2xK2893ifvTTDHciCS57Kga39pC","token_ids":["9mWRABuz2x6koTPCWiCPM49WUbcrNqGTHBV9T9k7y1o7","JEFFSQ3s8T3wKsvp4tnRAsUBW7Cqgnf8ukBZC4C8XBm1"],"tokens":{"9mWRABuz2x6koTPCWiCPM49WUbcrNqGTHBV9T9k7y1o7":{"tag":"","name":"","mint":"9mWRABuz2x6koTPCWiCPM49WUbcrNqGTHBV9T9k7y1o7","addr":"DhgiEgiNdqZdRdo195UUHnoEJUtefK8buko8nU97XJUZ","scale":9},"JEFFSQ3s8T3wKsvp4tnRAsUBW7Cqgnf8ukBZC4C8XBm1":{"tag":"","name":"","mint":"JEFFSQ3s8T3wKsvp4tnRAsUBW7Cqgnf8ukBZC4C8XBm1","addr":"2K2kkXsouBHtWVjtcgkyiXd8eP3oVBvq1bTJzcVdLLr2","scale":9}},"target_amp":50,"fee_numerator":4,"fee_denominator":10000,"fee_accounts":{"9mWRABuz2x6koTPCWiCPM49WUbcrNqGTHBV9T9k7y1o7":"2tR1oPw113ZYpjFXfAGDqS8AYUd3LwYRoYCojJWHL1P2","JEFFSQ3s8T3wKsvp4tnRAsUBW7Cqgnf8ukBZC4C8XBm1":"2Ufi3AsrUeiJHfW1H56ifNzzaVXPovzoEvG9xPipL6MV"}}