{"pool_account":"Dg3mAgpwDfVNnbGWcsxL8sUcSkEbjSJQhKAWNigG44Ju","authority":"2ENUpqrjguuLRfovPAjSVZvVz5t31xowzmNBp1wDFKcz","pool_token_mint":"FP9C3p1r19tVyUDLgN98wcu4Rdzsu5hAcqFwY3MzbLpE","token_ids":["5oVNBeEEQvYi1cX3ir8Dx5n1P7pdxydbGF2X4TxVusJm","mSoLzYCxHdYgdzU16g5QSh3i5K3z3KZK7ytfqcJm7So"],"tokens":{"5oVNBeEEQvYi1cX3ir8Dx5n1P7pdxydbGF2X4TxVusJm":{"tag":"","name":"","mint":"5oVNBeEEQvYi1cX3ir8Dx5n1P7pdxydbGF2X4TxVusJm","addr":"EATxwd8YA2wV93VJcKMmH2Kn2Y9XfJVUB9hHVu3udwEy","scale":9},"mSoLzYCxHdYgdzU16g5QSh3i5K3z3KZK7ytfqcJm7So":{"tag":"","name":"","mint":"mSoLzYCxHdYgdzU16g5QSh3i5K3z3KZK7ytfqcJm7So","addr":"GiGvrRi7NMHfHKanG2B8xyCEqe8jaafWins8bhrLVEaa","scale":9}},"target_amp":25,"fee_numerator":4,"fee_denominator":10000,"fee_accounts":{"5oVNBeEEQvYi1cX3ir8Dx5n1P7pdxydbGF2X4TxVusJm":"D6ZqcZedZ2Siw5JVvZh7858DshVuckFUNLMjk98avEL2","mSoLzYCxHdYgdzU16g5QSh3i5K3z3KZK7ytfqcJm7So":"Cfwdmk3gh7xpwLJZxi3he1FrnF5CL3iBX3cCjJaUfBAo"}}