{"pool_account":"DJUn4vhv4YQHhDRfxmLtu7f8sGnZpgnKG5GHzA7wFPB9","authority":"G4cRef4AxEjaSV32xqQzDmHqi3iz8112LQwx8oPbZhYb","pool_token_mint":"HBTCNvkwjMsEtwe2PeXUuMcu8C4Hobw6HDP2m6vpWHGo","token_ids":["8pBc4v9GAwCBNWPB5XKA93APexMGAS4qMr37vNke9Ref","FACTQhZBfRzC7A76antnpAoZtiwYmUfdAN8wz7e8rxC5"],"tokens":{"8pBc4v9GAwCBNWPB5XKA93APexMGAS4qMr37vNke9Ref":{"tag":"","name":"","mint":"8pBc4v9GAwCBNWPB5XKA93APexMGAS4qMr37vNke9Ref","addr":"GsizhiRtCs4QDKd2LnSQ9BpzvG8CqERMDtHZcQPDkFQB","scale":9},"FACTQhZBfRzC7A76antnpAoZtiwYmUfdAN8wz7e8rxC5":{"tag":"","name":"","mint":"FACTQhZBfRzC7A76antnpAoZtiwYmUfdAN8wz7e8rxC5","addr":"CRaJHfCry6JShmF4tMr6siR2D2QNNfcUrLawTqPVCTTJ","scale":9}},"target_amp":150,"fee_numerator":4,"fee_denominator":10000,"fee_accounts":{"8pBc4v9GAwCBNWPB5XKA93APexMGAS4qMr37vNke9Ref":"FmAFsnakh4SncY4FhLFa7CdAycpUA6pMqa8ifePPpWUf","FACTQhZBfRzC7A76antnpAoZtiwYmUfdAN8wz7e8rxC5":"Gtv8pLuiNrYkfZnpwdPkhteETXfjo28gu8PLbKTU4JBg"}}