{"pool_account":"DouVMTbFTjafGAvXjUUZ2hZZbcGFsYXhH5x7GejyQmjT","authority":"7JCnCBfZr3VRurCp43QqQZY4UuzK4DHUUWCtPKZjVE27","pool_token_mint":"KWAMdUrCdQ2j1t9S1HD29Z4RxXymXkwSh2c94598amY","token_ids":["3LKZU3iQx9KM94S4uYRdYwAHTm6odDyzGQqTBNj7J27z","LUNGEjUXyP48nrC1GYY5o4eTAkwm4RdX8BxFUxWJBLB"],"tokens":{"3LKZU3iQx9KM94S4uYRdYwAHTm6odDyzGQqTBNj7J27z":{"tag":"","name":"","mint":"3LKZU3iQx9KM94S4uYRdYwAHTm6odDyzGQqTBNj7J27z","addr":"C5MQPbuYwVKN5VNCYkSLC8iaUkgWbM2yPxpeMhhsXukm","scale":9},"LUNGEjUXyP48nrC1GYY5o4eTAkwm4RdX8BxFUxWJBLB":{"tag":"","name":"","mint":"LUNGEjUXyP48nrC1GYY5o4eTAkwm4RdX8BxFUxWJBLB","addr":"svkSYboqedQUS7zLxKx7VZjPJ6QAcpBQixFDdUkRCfq","scale":9}},"target_amp":1000,"fee_numerator":4,"fee_denominator":10000,"fee_accounts":{"3LKZU3iQx9KM94S4uYRdYwAHTm6odDyzGQqTBNj7J27z":"6syQtWWchQyWVxmm4aFWGYjhePT3GapZU3g2P6rdDeQV","LUNGEjUXyP48nrC1GYY5o4eTAkwm4RdX8BxFUxWJBLB":"BykDcrejZUBjkyYnrcCjvZv14rkiusJLTuSFSmLGL2pB"}}