{"pool_account":"FEiKCCNftXbfmTfSaoVV2baXAnfTQRP8RrkUMEnxrYnK","authority":"4QyDMU9DhMy7Yf4r7YDC8s9fQcMW1EKtSZoSMFvjy2xC","pool_token_mint":"ALPDpWSYbwNkkuVB3wd1nZx7dZBLV7fEGvbDu9KJxLik","token_ids":["BAexggGFsiLCKr17cSZF12wkHd8BkR1DBhzuSb78WTR2","UST98bfV6EASdTFQrRwCBczpehdMFwYCUdLT5tEbhpW"],"tokens":{"BAexggGFsiLCKr17cSZF12wkHd8BkR1DBhzuSb78WTR2":{"tag":"","name":"","mint":"BAexggGFsiLCKr17cSZF12wkHd8BkR1DBhzuSb78WTR2","addr":"5DjHcTbdZ567fzf21YgDhKDKAu7HYoYsMW3fEx3fqDWJ","scale":9},"UST98bfV6EASdTFQrRwCBczpehdMFwYCUdLT5tEbhpW":{"tag":"","name":"","mint":"UST98bfV6EASdTFQrRwCBczpehdMFwYCUdLT5tEbhpW","addr":"Co2UdQpmfKcYqUkCBB7FBpiSbtq8woMhzmFpNhxEk2N1","scale":9}},"target_amp":50,"fee_numerator":4,"fee_denominator":10000,"fee_accounts":{"BAexggGFsiLCKr17cSZF12wkHd8BkR1DBhzuSb78WTR2":"J5S6FLKL4kCxmtFc3vXQtuZT6rLyC9cDvYzTs9xq4bhN","UST98bfV6EASdTFQrRwCBczpehdMFwYCUdLT5tEbhpW":"7xppk4QcFD2vUpVfePKug8Ut4fB9A5NLzvvAsUkG6PPJ"}}