{"pool_account":"FREDEGdjoEe5DiyVnEvSyDAX4h7LWTg7ZkSMaZiWskbp","authority":"DmzotTyGA8njH9b1tNuCE2wEmCoUDr3N51UXxvb1kW9g","pool_token_mint":"WLPJD4jW6gnWKfwfL5jyJwcxEPHKLMbncNfQwMmkzKz","token_ids":["7g166TuBmnoHKvS2PEkZx6kREZtbfjUxCHGWjCqoDXZv","EU9aLffrTckFCs16da6CppHy63fAxMPF9ih1erQTuuRt"],"tokens":{"7g166TuBmnoHKvS2PEkZx6kREZtbfjUxCHGWjCqoDXZv":{"tag":"","name":"","mint":"7g166TuBmnoHKvS2PEkZx6kREZtbfjUxCHGWjCqoDXZv","addr":"G5KhoiuhRBEYmX89PuZMmpG3fLdomzMJZ3yEG13hVYPD","scale":9},"EU9aLffrTckFCs16da6CppHy63fAxMPF9ih1erQTuuRt":{"tag":"","name":"","mint":"EU9aLffrTckFCs16da6CppHy63fAxMPF9ih1erQTuuRt","addr":"DuSWTAh1SC43EY86daS2Cq6PNBGGujVjLyEmc5AmQKzC","scale":9}},"target_amp":75,"fee_numerator":4,"fee_denominator":10000,"fee_accounts":{"7g166TuBmnoHKvS2PEkZx6kREZtbfjUxCHGWjCqoDXZv":"FD781t6F5JVPHcyvqS7g1s39hG6byboswoSS86euEVAB","EU9aLffrTckFCs16da6CppHy63fAxMPF9ih1erQTuuRt":"3ZBk25cxRZocKJHW9qB1XoMi9LC8DpJt5yA2mwjHyHup"}}