{"pool_account":"FrnkTEL6yZ5Aycq2TrEgu29dCrwKG4LPUZydfiwqspkc","authority":"3roMZdhjqzKF5HaZxF8a3G8bavz8EggQXFMNiPsBnMQz","pool_token_mint":"SoCJs5Qw1D3fjGbTqxxovK15FVnYVrwvTbYcBBrZmWj","token_ids":["5oVNBeEEQvYi1cX3ir8Dx5n1P7pdxydbGF2X4TxVusJm","So11111111111111111111111111111111111111112"],"tokens":{"5oVNBeEEQvYi1cX3ir8Dx5n1P7pdxydbGF2X4TxVusJm":{"tag":"","name":"","mint":"5oVNBeEEQvYi1cX3ir8Dx5n1P7pdxydbGF2X4TxVusJm","addr":"DjvZuMZ46fxKBoBpGMPcRcos4xdTtHFxwMh69DpA2ZFY","scale":9},"So11111111111111111111111111111111111111112":{"tag":"","name":"","mint":"So11111111111111111111111111111111111111112","addr":"9rvDPJLAng4uVVqnnSoEXgNDFhBZQTny9AoQioYDZbQX","scale":9}},"target_amp":50,"fee_numerator":4,"fee_denominator":10000,"fee_accounts":{"5oVNBeEEQvYi1cX3ir8Dx5n1P7pdxydbGF2X4TxVusJm":"9Db5SCJNbf8oMBnb832xix6NicCCjQrZ91j3BwJDBYGW","So11111111111111111111111111111111111111112":"5H71UbsXCZgoskXeBhEF2XpY5Kdj2AYUddMmfvfmNg3h"}}