{"pool_account":"FTM4CxWEZg5CxSieP5dS8gfSvfKt7kRAtn6m7BAjNUN3","authority":"cNJGMcyDpgzTKyWXfYuCJr1G4LnhEyoNxRXQ8CjZ1Hq","pool_token_mint":"ALPGFAuqQsWDB8NSKQ7rgQVhShj4LBCNC72ebdZrJs2e","token_ids":["BiryxNvVTABRs3pEE4fvVuu4d17aAYEsNmcPnJ8E8WeT","KNVfdSJyq1pRQk9AKKv1g5uyGuk6wpm4WG16Bjuwdma"],"tokens":{"BiryxNvVTABRs3pEE4fvVuu4d17aAYEsNmcPnJ8E8WeT":{"tag":"","name":"","mint":"BiryxNvVTABRs3pEE4fvVuu4d17aAYEsNmcPnJ8E8WeT","addr":"8NPZUW1Fa5DKAmc3fZwjm8LbVjQxxt7PbcbBTVMCwGM1","scale":9},"KNVfdSJyq1pRQk9AKKv1g5uyGuk6wpm4WG16Bjuwdma":{"tag":"","name":"","mint":"KNVfdSJyq1pRQk9AKKv1g5uyGuk6wpm4WG16Bjuwdma","addr":"AHMstoohNmj2eJf32GjG19nSAMM1CTVdxTjVG3hhrHJp","scale":9}},"target_amp":200,"fee_numerator":4,"fee_denominator":10000,"fee_accounts":{"BiryxNvVTABRs3pEE4fvVuu4d17aAYEsNmcPnJ8E8WeT":"3GujuQyQump2sz3mZjHqvqZ4nCDXapMnLGqjaTRyh1PL","KNVfdSJyq1pRQk9AKKv1g5uyGuk6wpm4WG16Bjuwdma":"2hN8unYV8aWAu2Ui8XcjJnoWcNWgLwxNEwyVcbVE6f99"}}