{"pool_account":"FTMBUCDa3UxVmLQwssSj2MWYUrQiyGHXqu2ZqQbaDJqk","authority":"F8N4t9yAkTosjWcntzhyHTqMF7nYBBPtFKAkq2XaUwgS","pool_token_mint":"ALPoQFUuKsoN6P4gLBiKXMSaYFP9YChniKwvKAFRPvn5","token_ids":["FdvkkCbCgYht1xTR1W9MBJhEF1JEPVhHtW1NXBYRzZts","FACTQhZBfRzC7A76antnpAoZtiwYmUfdAN8wz7e8rxC5"],"tokens":{"FdvkkCbCgYht1xTR1W9MBJhEF1JEPVhHtW1NXBYRzZts":{"tag":"","name":"","mint":"FdvkkCbCgYht1xTR1W9MBJhEF1JEPVhHtW1NXBYRzZts","addr":"D7W9WJBdwThYLCEczsxwRrHoCApqEzCXSJvWVkMs3ekH","scale":9},"FACTQhZBfRzC7A76antnpAoZtiwYmUfdAN8wz7e8rxC5":{"tag":"","name":"","mint":"FACTQhZBfRzC7A76antnpAoZtiwYmUfdAN8wz7e8rxC5","addr":"HF2pNCfTMvrHXcXXb8jJU245yRx9ZtK1M76ChMW3pJht","scale":9}},"target_amp":200,"fee_numerator":4,"fee_denominator":10000,"fee_accounts":{"FdvkkCbCgYht1xTR1W9MBJhEF1JEPVhHtW1NXBYRzZts":"6UiebXq7Ko1MLHddwMfFhZkmeVmBmvzu8xVSzjr6rT3t","FACTQhZBfRzC7A76antnpAoZtiwYmUfdAN8wz7e8rxC5":"AteYRhHHM7mdX51kStXkDcF4RjhJ5JarTQaHxYdyfrBQ"}}