{"pool_account":"FTMDfFPjYWvSsDXMGR8Mdt4fLjDtSDwfz7GAqe5V6qwq","authority":"5GEQ2WAAGejTGrXJvPRw6iJhKEscd82mDKihZTEhsggJ","pool_token_mint":"ALP8mkba7FHrpn18hGMRURF1aRNS7P2y1SRzqE6ra3Zo","token_ids":["Grk6b4UMRWkgyq4Y6S1BnNRF4hRgtnMFp7Sorkv6Ez4u","JEFFSQ3s8T3wKsvp4tnRAsUBW7Cqgnf8ukBZC4C8XBm1"],"tokens":{"Grk6b4UMRWkgyq4Y6S1BnNRF4hRgtnMFp7Sorkv6Ez4u":{"tag":"","name":"","mint":"Grk6b4UMRWkgyq4Y6S1BnNRF4hRgtnMFp7Sorkv6Ez4u","addr":"2n895yX1VzrWuwrMCixUcD3SkRysj51jigxtV5N81vk6","scale":9},"JEFFSQ3s8T3wKsvp4tnRAsUBW7Cqgnf8ukBZC4C8XBm1":{"tag":"","name":"","mint":"JEFFSQ3s8T3wKsvp4tnRAsUBW7Cqgnf8ukBZC4C8XBm1","addr":"HuEnD3eWBSuJtTCZMDG3P74sHPhi5UyVRV4SVefva6jS","scale":9}},"target_amp":200,"fee_numerator":4,"fee_denominator":10000,"fee_accounts":{"Grk6b4UMRWkgyq4Y6S1BnNRF4hRgtnMFp7Sorkv6Ez4u":"C3YoucrCvkSpCxiHZr6jYhGq5GDh9qLdvv2DrxBAVBVW","JEFFSQ3s8T3wKsvp4tnRAsUBW7Cqgnf8ukBZC4C8XBm1":"3XocEah4G5SmjLgHcGqgP4KB5zVuvVVGLcA5g6w1qrs6"}}