{"pool_account":"FTMFgXfkDwZ6gvuyjsNnDZnf9pU31uRGeQe38QvvHtPh","authority":"5dpRCrasDo7d7aF6fgigvKS63yLpRAsSqCoN78bLER5m","pool_token_mint":"ALPqczrbEXS8k5JF69tEPyu6TTE8qJbiwrzADfjVfKov","token_ids":["HjUhUzi6fVkY1BndaSc4Dcg2mCzvnqzXjVJtXsj78ver","JEFFSQ3s8T3wKsvp4tnRAsUBW7Cqgnf8ukBZC4C8XBm1"],"tokens":{"HjUhUzi6fVkY1BndaSc4Dcg2mCzvnqzXjVJtXsj78ver":{"tag":"","name":"","mint":"HjUhUzi6fVkY1BndaSc4Dcg2mCzvnqzXjVJtXsj78ver","addr":"GJX9po4C8XxeHctdhfhwunXZ6mjXCKJ9XLMqcC2edncv","scale":9},"JEFFSQ3s8T3wKsvp4tnRAsUBW7Cqgnf8ukBZC4C8XBm1":{"tag":"","name":"","mint":"JEFFSQ3s8T3wKsvp4tnRAsUBW7Cqgnf8ukBZC4C8XBm1","addr":"2Aq6otuvoyZLtFSQKtbnNSU8MvPPYZu86bT7TbbQbK6V","scale":9}},"target_amp":200,"fee_numerator":4,"fee_denominator":10000,"fee_accounts":{"HjUhUzi6fVkY1BndaSc4Dcg2mCzvnqzXjVJtXsj78ver":"EmhWry6gUH5DqHSM5VAv7BFT1mqeHehnheijrQnHWS77","JEFFSQ3s8T3wKsvp4tnRAsUBW7Cqgnf8ukBZC4C8XBm1":"8LCeXKvE8JGkaib7x3gD1eYGq49nfruxpXaQS6mpsSE2"}}