{"pool_account":"GokA1R67GqSavkd15zR62QD68Tuc5AEfvjssntVDEbM8","authority":"7XFMgfxhDURuaPwhUkXAy6uQJCoC3HPpjiZBqcot57Ge","pool_token_mint":"USDCgfM1psLGhAbx99iPA72mTySvUcVq33qhCJpm65c","token_ids":["A9mUU4qviSctJVPJdBJWkb28deg915LYJKrzQ19ji3FM","EPjFWdd5AufqSSqeM2qN1xzybapC8G4wEGGkZwyTDt1v"],"tokens":{"A9mUU4qviSctJVPJdBJWkb28deg915LYJKrzQ19ji3FM":{"tag":"","name":"","mint":"A9mUU4qviSctJVPJdBJWkb28deg915LYJKrzQ19ji3FM","addr":"3YB7hfpBdbQEuZqLGWVDpRPmeZWCUsrrWyqGXegnQ6Cg","scale":6},"EPjFWdd5AufqSSqeM2qN1xzybapC8G4wEGGkZwyTDt1v":{"tag":"","name":"","mint":"EPjFWdd5AufqSSqeM2qN1xzybapC8G4wEGGkZwyTDt1v","addr":"4DPCj6Z1DsG6HUtwSogBGqXEUxdEV5a8YVrrFtcnz7UW","scale":6}},"target_amp":1000,"fee_numerator":4,"fee_denominator":10000,"fee_accounts":{"A9mUU4qviSctJVPJdBJWkb28deg915LYJKrzQ19ji3FM":"BBRibcSFF2AhXmtgGoZFksvpe1mpeLtCotMpNq5zNdf3","EPjFWdd5AufqSSqeM2qN1xzybapC8G4wEGGkZwyTDt1v":"A9oXiCQsNdaEe58STWvEEy9NQ1CyAW8WRT6ggwaYetA"}}