{"pool_account":"HBTCrEkrCftRrXHZgSHQxRJTxG7TZ1DkC3Lq6UZiVg8E","authority":"EAR8LJq5ZzY5arxPBome3GeU2G9wSBiWp74u3zWaDpDQ","pool_token_mint":"HLPPmd7NzTTNiqKR6rAZYgrH9VhU47kxftecQSk2oD6J","token_ids":["Bo4ehCeRcRj2wp5tQpjfCJxYFn4KyRacfDzSa4Aj27tH","FACTQhZBfRzC7A76antnpAoZtiwYmUfdAN8wz7e8rxC5"],"tokens":{"Bo4ehCeRcRj2wp5tQpjfCJxYFn4KyRacfDzSa4Aj27tH":{"tag":"","name":"","mint":"Bo4ehCeRcRj2wp5tQpjfCJxYFn4KyRacfDzSa4Aj27tH","addr":"56TsbS21JcCVgD8x7HDivK371QPWhNWPvH5QPA6oqmTX","scale":9},"FACTQhZBfRzC7A76antnpAoZtiwYmUfdAN8wz7e8rxC5":{"tag":"","name":"","mint":"FACTQhZBfRzC7A76antnpAoZtiwYmUfdAN8wz7e8rxC5","addr":"LRiFt5Sa2dCx2njaRMTVtkxKbiH2EJV2KN1b7FjMube","scale":9}},"target_amp":150,"fee_numerator":4,"fee_denominator":10000,"fee_accounts":{"Bo4ehCeRcRj2wp5tQpjfCJxYFn4KyRacfDzSa4Aj27tH":"6meUxJVjXp7UuVtX9jMZVMsqgmvy52PJS6t1P8aiBypX","FACTQhZBfRzC7A76antnpAoZtiwYmUfdAN8wz7e8rxC5":"BgkC6okBiNua5EhLYNQxz13EUT528QvCMPzkzZpdN6zu"}}