{"pool_account":"heyk4SZTeCUV6a65WiVA5bzic3KcxgVf1qxobfeV4tQ","authority":"EKwQt98muCQJq4ghRFausCbMvyLhExS5g8CxvAFHike1","pool_token_mint":"PrsVdKtXDDf6kJQu5Ff6YqmjfE4TZXtBgHM4bjuvRnR","token_ids":["BdZPG9xWrG3uFrx2KrUW1jT4tZ9VKPDWknYihzoPRJS3","So11111111111111111111111111111111111111112"],"tokens":{"BdZPG9xWrG3uFrx2KrUW1jT4tZ9VKPDWknYihzoPRJS3":{"tag":"","name":"","mint":"BdZPG9xWrG3uFrx2KrUW1jT4tZ9VKPDWknYihzoPRJS3","addr":"9ZDpBKPqMABtGfq66FbVribaArMvtk63xxy91onZAtDt","scale":9},"So11111111111111111111111111111111111111112":{"tag":"","name":"","mint":"So11111111111111111111111111111111111111112","addr":"DaTP4s6N7xxSPinbNZ3FB52EpRDRt87QShTuN3VPCW52","scale":9}},"target_amp":50,"fee_numerator":4,"fee_denominator":10000,"fee_accounts":{"BdZPG9xWrG3uFrx2KrUW1jT4tZ9VKPDWknYihzoPRJS3":"26cyBk9bU1t8aDNNmnDgGDNHgvVbfuPnsXRzPfMyZfAg","So11111111111111111111111111111111111111112":"9SfQeZ7QLL7vJEDcqV2jxyFpfgJVgrhzocBCuuLNV3Hq"}}