{"pool_account":"HuonfMR5ivyhX5BZBw2Lr3XuNPSTVrSmZMWgBZrMQJU2","authority":"Ah5zHaE8fA8GJCopa9jaCmxG8AVUtf7ae7V8znSFURAd","pool_token_mint":"HUSzWddUQbavKn24cjozm65eps8rq9yhNn5edtTLWfdz","token_ids":["7VQo3HFLNH5QqGtM8eC3XQbPkJUu7nS9LeGWjerRh5Sw","88881Hu2jGMfCs9tMu5Rr7Ah7WBNBuXqde4nR5ZmKYYy"],"tokens":{"7VQo3HFLNH5QqGtM8eC3XQbPkJUu7nS9LeGWjerRh5Sw":{"tag":"","name":"","mint":"7VQo3HFLNH5QqGtM8eC3XQbPkJUu7nS9LeGWjerRh5Sw","addr":"E7L8CZxreEeNwM1V8DLxa8AZQKu6oday6RvXxRo27CHi","scale":8},"88881Hu2jGMfCs9tMu5Rr7Ah7WBNBuXqde4nR5ZmKYYy":{"tag":"","name":"","mint":"88881Hu2jGMfCs9tMu5Rr7Ah7WBNBuXqde4nR5ZmKYYy","addr":"48UJw19Ra8y5Kv989DsXPrfUHeUWUbHvXZmdPBbGuHdz","scale":8}},"target_amp":50,"fee_numerator":4,"fee_denominator":10000,"fee_accounts":{"7VQo3HFLNH5QqGtM8eC3XQbPkJUu7nS9LeGWjerRh5Sw":"6gj8TSCL7EB8kwGuHdVKce1jpJusvC4gfEf5Ctwo6CMv","88881Hu2jGMfCs9tMu5Rr7Ah7WBNBuXqde4nR5ZmKYYy":"AXdMwMKAu7kqNUmaUHCytiy3gfP9qEUjLtXn8LAkHENK"}}