{"pool_account":"ionytDfEj1mXodptgrsKEZro7DGsfpzANUfarJdm6Qb","authority":"Gdnw9zSTsNjvFcYdtpA5efcGbNCeNAqMev4gGEKbvnJ2","pool_token_mint":"xETH89889mVRwsw9tSUnULsdLUPryTpijagy2YXxWyY","token_ids":["8bqjz8DeSuim1sEAsQatjJN4zseyxSPdhHQcuuhL8PCK","KNVfdSJyq1pRQk9AKKv1g5uyGuk6wpm4WG16Bjuwdma"],"tokens":{"8bqjz8DeSuim1sEAsQatjJN4zseyxSPdhHQcuuhL8PCK":{"tag":"","name":"","mint":"8bqjz8DeSuim1sEAsQatjJN4zseyxSPdhHQcuuhL8PCK","addr":"3gkSjY95an9xNFSjCfsay6JZez7uv7yfW3Ad4ubc4fMK","scale":9},"KNVfdSJyq1pRQk9AKKv1g5uyGuk6wpm4WG16Bjuwdma":{"tag":"","name":"","mint":"KNVfdSJyq1pRQk9AKKv1g5uyGuk6wpm4WG16Bjuwdma","addr":"9wXqANaSuEqkKL9yHzCPEDGHwbkStVAqV5rB3QDs3Jr6","scale":9}},"target_amp":50,"fee_numerator":4,"fee_denominator":10000,"fee_accounts":{"8bqjz8DeSuim1sEAsQatjJN4zseyxSPdhHQcuuhL8PCK":"Ay2nCiePZgKkTTwMtg5QimNLZuX2EWzKLeZASpvSF5K3","KNVfdSJyq1pRQk9AKKv1g5uyGuk6wpm4WG16Bjuwdma":"GTFPLoDJd4c2EXwbF9owKbeh4FbpKYNkEFFCzdHuxq36"}}