{"pool_account":"Joji2GxwqNyoXMUqi4z3P4KSSpx31nwcrxxtMSN6aey","authority":"ubiHGBrW6aYpYdAM4f1WVJjmiC8SAKFcG4hZe1Cksa6","pool_token_mint":"LUN1p1dZwSBgTv1JSdn2apdUuLanHKtgNcnpDydVFTU","token_ids":["F6v4wfAdJB8D8p77bMXZgYt8TDKsYxLYxH5AFhUkYx9W","8wv2KAykQstNAj2oW6AHANGBiFKVFhvMiyyzzjhkmGvE"],"tokens":{"F6v4wfAdJB8D8p77bMXZgYt8TDKsYxLYxH5AFhUkYx9W":{"tag":"","name":"","mint":"F6v4wfAdJB8D8p77bMXZgYt8TDKsYxLYxH5AFhUkYx9W","addr":"GgRnQyCm22UkHQME96CqJFpsqV93QJQsWMURdsQSSAdk","scale":6},"8wv2KAykQstNAj2oW6AHANGBiFKVFhvMiyyzzjhkmGvE":{"tag":"","name":"","mint":"8wv2KAykQstNAj2oW6AHANGBiFKVFhvMiyyzzjhkmGvE","addr":"GrWSq33By3uf7Vqqfrscy7oJMuqGgZojd2KSzsxioxQL","scale":6}},"target_amp":1000,"fee_numerator":4,"fee_denominator":10000,"fee_accounts":{"F6v4wfAdJB8D8p77bMXZgYt8TDKsYxLYxH5AFhUkYx9W":"8QqZBriQpUVNcwrQbPnBUMkQxh3aJuYqpBegGUzGqH4Q","8wv2KAykQstNAj2oW6AHANGBiFKVFhvMiyyzzjhkmGvE":"6JJEkJdkjrGuuFsF5MAiZHXZrBZYzdTUaNykQprn9YBf"}}