{"pool_account":"JSoLLrxK5bYdHwTEWYaGgmeycBCNXKDiBCTw5hXGBg7","authority":"75kJUwEvBpyvDFKrpeCmcyhADEGwfqAaLQCwhRNV2FMk","pool_token_mint":"son4WQ39xri8sqMqNQZAEtEEPTuUcCRHg7t1ZcYdkSw","token_ids":["7Q2afV64in6N6SeZsAAB81TJzwDoD6zpqmHkzi9Dcavn","So11111111111111111111111111111111111111112"],"tokens":{"7Q2afV64in6N6SeZsAAB81TJzwDoD6zpqmHkzi9Dcavn":{"tag":"","name":"","mint":"7Q2afV64in6N6SeZsAAB81TJzwDoD6zpqmHkzi9Dcavn","addr":"xG4wXczA7Dk4hccJ61CHKpDHW4NrNfQwgmWgkb9BuF2","scale":9},"So11111111111111111111111111111111111111112":{"tag":"","name":"","mint":"So11111111111111111111111111111111111111112","addr":"BVR6WgfhsRr9Lob4QDnkEAiNGgAbv7ZieKcY9kSg3QYR","scale":9}},"target_amp":75,"fee_numerator":4,"fee_denominator":10000,"fee_accounts":{"7Q2afV64in6N6SeZsAAB81TJzwDoD6zpqmHkzi9Dcavn":"L654oTbsHiU6suMLKmqrsCTDiurqgBmYPkbkHFTtFr6","So11111111111111111111111111111111111111112":"7EADztM7KHFSXoZVshPGLSjBDm8jnoshM5gwqZqzBsbV"}}