{"pool_account":"KEN5P7p3asnb23Sw6yAmJRGvijfAzso3RqfyLAQhznt","authority":"HaNqpJUQeH2t6SB3tDJAtKV52fJM9rV1mGZrRrqMRZo1","pool_token_mint":"UXDgmqLd1roNYkC4TmJzok61qcM9oKs5foDADiFoCiJ","token_ids":["7kbnvuGBxxj8AG9qp8Scn56muWGaRaFqxg1FsRp3PaFT","EPjFWdd5AufqSSqeM2qN1xzybapC8G4wEGGkZwyTDt1v"],"tokens":{"7kbnvuGBxxj8AG9qp8Scn56muWGaRaFqxg1FsRp3PaFT":{"tag":"","name":"","mint":"7kbnvuGBxxj8AG9qp8Scn56muWGaRaFqxg1FsRp3PaFT","addr":"9zj4aX38Uxf3h6AUjS4EipWS8mwbEofasHAf3a1uKGds","scale":6},"EPjFWdd5AufqSSqeM2qN1xzybapC8G4wEGGkZwyTDt1v":{"tag":"","name":"","mint":"EPjFWdd5AufqSSqeM2qN1xzybapC8G4wEGGkZwyTDt1v","addr":"CwQDG1MWunn9cLNwcZLd8YBacweSR7ARo32w4mLua1Yr","scale":6}},"target_amp":100,"fee_numerator":4,"fee_denominator":10000,"fee_accounts":{"7kbnvuGBxxj8AG9qp8Scn56muWGaRaFqxg1FsRp3PaFT":"3czPMjjuHNb1yAahyQVmGiN7AQAGaws8xpFcSskCj2oe","EPjFWdd5AufqSSqeM2qN1xzybapC8G4wEGGkZwyTDt1v":"5BEZbHQMLGyLsVTG77UoJqNsuF7PJUfeNmxwDfe6v4jy"}}