{"pool_account":"KEVpg4SYCVrqFxKijQH6hm4QxsRdoE51ud64bEEFUC9","authority":"BHKzitonCpp1LBEZ2eqs3TZXB1wJxLbisS18LbE3aJos","pool_token_mint":"AVC7uVb6R9B34T8zWxQMEK8twvYk26U71gworsujxFNv","token_ids":["8Yv9Jz4z7BUHP68dz8E8m3tMe6NKgpMUKn8KVqrPA6Fr","JEFFSQ3s8T3wKsvp4tnRAsUBW7Cqgnf8ukBZC4C8XBm1"],"tokens":{"8Yv9Jz4z7BUHP68dz8E8m3tMe6NKgpMUKn8KVqrPA6Fr":{"tag":"","name":"","mint":"8Yv9Jz4z7BUHP68dz8E8m3tMe6NKgpMUKn8KVqrPA6Fr","addr":"2bPenuBYfqzD8p5dFjCcggwkHDsc2RQDnx9AoyYGUBjA","scale":9},"JEFFSQ3s8T3wKsvp4tnRAsUBW7Cqgnf8ukBZC4C8XBm1":{"tag":"","name":"","mint":"JEFFSQ3s8T3wKsvp4tnRAsUBW7Cqgnf8ukBZC4C8XBm1","addr":"AE6n6iLuX8oYu61vt5hoDYkjswpnxFxrhSehxrnQTnbx","scale":9}},"target_amp":1000,"fee_numerator":4,"fee_denominator":10000,"fee_accounts":{"8Yv9Jz4z7BUHP68dz8E8m3tMe6NKgpMUKn8KVqrPA6Fr":"CNTMofwvbkcHKHKbmXBPZ6Vur81QzUPmkkt5a9KSnVvm","JEFFSQ3s8T3wKsvp4tnRAsUBW7Cqgnf8ukBZC4C8XBm1":"8WUjnjugE72SZp9xpNu9VBLiXk9qLxGcMV1eRUvxmVhN"}}