{"pool_account":"KWAnW2f2FYWLjfjoeu61BPfjHfkcNTKG4x8ogaLa5NL","authority":"EQ2deWUZGyNPcbpWH3Z7E7T2eWya5Bpg1vuSDwK6DV84","pool_token_mint":"LUNbjQA8GAwotiHPiq9cmdVkEfYgZFGhBFnHhicjZtP","token_ids":["6MeoZEcUMhAB788YXTQN4x7K8MnwSt6RHWsLkuq9GJb2","F6v4wfAdJB8D8p77bMXZgYt8TDKsYxLYxH5AFhUkYx9W"],"tokens":{"6MeoZEcUMhAB788YXTQN4x7K8MnwSt6RHWsLkuq9GJb2":{"tag":"","name":"","mint":"6MeoZEcUMhAB788YXTQN4x7K8MnwSt6RHWsLkuq9GJb2","addr":"6QEFAL5yVfVX4fd8ty7xbgFPGhkKZ7bno6zWtfenf74M","scale":6},"F6v4wfAdJB8D8p77bMXZgYt8TDKsYxLYxH5AFhUkYx9W":{"tag":"","name":"","mint":"F6v4wfAdJB8D8p77bMXZgYt8TDKsYxLYxH5AFhUkYx9W","addr":"F5BusnAhe2K5wv7mZd6uE2Mwknvb6NhWHuxiF8TxCvpW","scale":6}},"target_amp":100,"fee_numerator":4,"fee_denominator":10000,"fee_accounts":{"6MeoZEcUMhAB788YXTQN4x7K8MnwSt6RHWsLkuq9GJb2":"BYNrp8BDW2tEXyGfjk8w11AK9JvFdmiZR1g73fmK4Sq5","F6v4wfAdJB8D8p77bMXZgYt8TDKsYxLYxH5AFhUkYx9W":"8hxkXevK23DdYSNteDa2uQiNo4pQ6nB9PDcJymkN4QTQ"}}