{"pool_account":"KwnjUuZhTMTSGAaavkLEmSyfobY16JNH4poL9oeeEvE","authority":"9osV5a7FXEjuMujxZJGBRXVAyQ5fJfBFNkyAf6fSz9kw","pool_token_mint":"USTCmQpbUGj5iTsXdnTYHZupY1QpftDZhLokSVk6UWi","token_ids":["9vMJfxuKxXBoEa7rM12mYLMwTacLMLDJqHozw96WQL8i","EPjFWdd5AufqSSqeM2qN1xzybapC8G4wEGGkZwyTDt1v"],"tokens":{"9vMJfxuKxXBoEa7rM12mYLMwTacLMLDJqHozw96WQL8i":{"tag":"","name":"","mint":"9vMJfxuKxXBoEa7rM12mYLMwTacLMLDJqHozw96WQL8i","addr":"J63v6qEZmQpDqCD8bd4PXu2Pq5ZbyXrFcSa3Xt1HdAPQ","scale":6},"EPjFWdd5AufqSSqeM2qN1xzybapC8G4wEGGkZwyTDt1v":{"tag":"","name":"","mint":"EPjFWdd5AufqSSqeM2qN1xzybapC8G4wEGGkZwyTDt1v","addr":"BnKQtTdLw9qPCDgZkWX3sURkBAoKCUYL1yahh6Mw7mRK","scale":6}},"target_amp":50,"fee_numerator":9999,"fee_denominator":100000000,"fee_accounts":{"9vMJfxuKxXBoEa7rM12mYLMwTacLMLDJqHozw96WQL8i":"BYgyVxdrGa3XNj1cx1XHAVyRG8qYhBnv1DS59Bsvmg5h","EPjFWdd5AufqSSqeM2qN1xzybapC8G4wEGGkZwyTDt1v":"G9nt2GazsDj3Ey3KdA49Sfaq9K95Dc72Ejps4NKTP2SR"}}