{"pool_account":"KysFMBBoavfov2tLpvefWW6tPFt6rAeZWDJVy1mMQae","authority":"54tRZ5wqJ9nccXLbEpNkxFBChJY6B2phVFQDq9YiiQtw","pool_token_mint":"USTKgR66nvdkCc4bUKsirzEnyFoPtRyZzT2xsqB5t7c","token_ids":["JAa3gQySiTi8tH3dpkvgztJWHQC1vGXr5m6SQ9LEM55T","9vMJfxuKxXBoEa7rM12mYLMwTacLMLDJqHozw96WQL8i"],"tokens":{"JAa3gQySiTi8tH3dpkvgztJWHQC1vGXr5m6SQ9LEM55T":{"tag":"","name":"","mint":"JAa3gQySiTi8tH3dpkvgztJWHQC1vGXr5m6SQ9LEM55T","addr":"B8ka2V21TH3x64dFV8ETcjuQcwmrciJ2qzy1mJUttRew","scale":6},"9vMJfxuKxXBoEa7rM12mYLMwTacLMLDJqHozw96WQL8i":{"tag":"","name":"","mint":"9vMJfxuKxXBoEa7rM12mYLMwTacLMLDJqHozw96WQL8i","addr":"7fSf7EYxBANyxzk2s5pymFgshA91tFYQNKKs5UnLWcYS","scale":6}},"target_amp":1000,"fee_numerator":4,"fee_denominator":10000,"fee_accounts":{"JAa3gQySiTi8tH3dpkvgztJWHQC1vGXr5m6SQ9LEM55T":"27bpsF94q5pyV6bZhTMj1yyUCqJfbhHcgBFAM6MrtB8b","9vMJfxuKxXBoEa7rM12mYLMwTacLMLDJqHozw96WQL8i":"HFaU5q6N3enCkdV1wTktqk6wYBgHGRZiZqwyTHaUqYHF"}}