{"pool_account":"KZMu9QBEdL97EFgamLbN5DE1AoKBG4HdrKKJo4Vuon3","authority":"4DEzAUzQCmvd4LsxcQ8X2tjNH89wGby8g9UXqZB55Mwp","pool_token_mint":"FRXsjEv4jF3r72FgbCXu8uLbPoZGLmCmg3EN1S3cfC4x","token_ids":["FR87nWEUxVgerFGhZM8Y4AggKGLnaXswr1Pd8wZ4kZcp","88881Hu2jGMfCs9tMu5Rr7Ah7WBNBuXqde4nR5ZmKYYy"],"tokens":{"FR87nWEUxVgerFGhZM8Y4AggKGLnaXswr1Pd8wZ4kZcp":{"tag":"","name":"","mint":"FR87nWEUxVgerFGhZM8Y4AggKGLnaXswr1Pd8wZ4kZcp","addr":"DD4ACBWyVqdaKWh7v5btsgqQCCMwbKnuL2xd9pv7Gyuw","scale":8},"88881Hu2jGMfCs9tMu5Rr7Ah7WBNBuXqde4nR5ZmKYYy":{"tag":"","name":"","mint":"88881Hu2jGMfCs9tMu5Rr7Ah7WBNBuXqde4nR5ZmKYYy","addr":"GcYqiJ1MAuYbNTNYXm1F1gQYTfTgkErACAhNU5dpVj9T","scale":8}},"target_amp":50,"fee_numerator":4,"fee_denominator":10000,"fee_accounts":{"FR87nWEUxVgerFGhZM8Y4AggKGLnaXswr1Pd8wZ4kZcp":"D4ivwgj4zg3zZwBKrLaF8RdnEfh6ApY7ejzAuuj9dTjb","88881Hu2jGMfCs9tMu5Rr7Ah7WBNBuXqde4nR5ZmKYYy":"HhKjJWcCZPEFgVDZ9DhFjCW1UAadHUhVLQaQR1hcExnZ"}}