{"pool_account":"Lee1XZJfJ9Hm2K1qTyeCz1LXNc1YBZaKZszvNY4KCDw","authority":"2Sj4MZvmLhud4uRmGHJvDxq612nmF4JJsU1R4ZjNNGMS","pool_token_mint":"SoLEao8wTzSfqhuou8rcYsVoLjthVmiXuEjzdNPMnCz","token_ids":["mSoLzYCxHdYgdzU16g5QSh3i5K3z3KZK7ytfqcJm7So","So11111111111111111111111111111111111111112"],"tokens":{"mSoLzYCxHdYgdzU16g5QSh3i5K3z3KZK7ytfqcJm7So":{"tag":"","name":"","mint":"mSoLzYCxHdYgdzU16g5QSh3i5K3z3KZK7ytfqcJm7So","addr":"9DgFSWkPDGijNKcLGbr3p5xoJbHsPgXUTr6QvGBJ5vGN","scale":9},"So11111111111111111111111111111111111111112":{"tag":"","name":"","mint":"So11111111111111111111111111111111111111112","addr":"2hNHZg7XBhuhHVZ3JDEi4buq2fPQwuWBdQ9xkH7t1GQX","scale":9}},"target_amp":50,"fee_numerator":4,"fee_denominator":10000,"fee_accounts":{"mSoLzYCxHdYgdzU16g5QSh3i5K3z3KZK7ytfqcJm7So":"HzZRDMiJSqS5oxzfu17c35DChnkx58LZtas16Pgmuunn","So11111111111111111111111111111111111111112":"3oebZVvPqba2egfdcbNXa1uS13SfSebxMaNVE82FMk7R"}}