{"pool_account":"LeonQMdt2TUm3PL358Ny1fa7XEFwMrL4VWheT5PNCVW","authority":"H9zLktv9iSJz7fMopV4HXKfx4Bi2UDhR7QJ9MjQ6Hej8","pool_token_mint":"PortuzxBGYMQXeNmM9Kc6AtHLBwqSrb6xWwZ4trQ1en","token_ids":["3RudPTAkfcq9Q9Jk8SVeCoecCBmdKMj6q5smsWzxqtqZ","FgSsGV8GByPaMERxeQJPvZRZHf7zCBhrdYtztKorJS58"],"tokens":{"3RudPTAkfcq9Q9Jk8SVeCoecCBmdKMj6q5smsWzxqtqZ":{"tag":"","name":"","mint":"3RudPTAkfcq9Q9Jk8SVeCoecCBmdKMj6q5smsWzxqtqZ","addr":"2tBpLvzYBCs7e4DrRocEnssoJANB8rDh2jt5FbeCAeK1","scale":6},"FgSsGV8GByPaMERxeQJPvZRZHf7zCBhrdYtztKorJS58":{"tag":"","name":"","mint":"FgSsGV8GByPaMERxeQJPvZRZHf7zCBhrdYtztKorJS58","addr":"DLkWGoaeXw4oeGPnr2ecJze541HVKFhrhaW4iVSFEwET","scale":6}},"target_amp":50,"fee_numerator":4,"fee_denominator":10000,"fee_accounts":{"3RudPTAkfcq9Q9Jk8SVeCoecCBmdKMj6q5smsWzxqtqZ":"6fXQcVF5jgTtdChX7RpS7U8vhkJps8YPWwd5usN9PYc8","FgSsGV8GByPaMERxeQJPvZRZHf7zCBhrdYtztKorJS58":"H8y51WqpZ629U8XhB9H81xptHAyeUTLbtCdNZS58RrX4"}}