{"pool_account":"Lid8SLUxQ9RmF7XMqUA8c24RitTwzja8VSKngJxRcUa","authority":"8eyi347MTDeH5F6eVv2qjPxVnU685FFZLDGcj5QWHZ6y","pool_token_mint":"stSjCmjQ96BiGhTk8gkU22j1739R8YBQVMq7KXWTqUV","token_ids":["7dHbWXmci3dT8UFYWYZweBLXgycu7Y3iL6trKn1Y7ARj","So11111111111111111111111111111111111111112"],"tokens":{"7dHbWXmci3dT8UFYWYZweBLXgycu7Y3iL6trKn1Y7ARj":{"tag":"","name":"","mint":"7dHbWXmci3dT8UFYWYZweBLXgycu7Y3iL6trKn1Y7ARj","addr":"4PgzyzLtds9bKZ2to9PMnKqJzKEUpjvNUaeN23phegax","scale":9},"So11111111111111111111111111111111111111112":{"tag":"","name":"","mint":"So11111111111111111111111111111111111111112","addr":"AtymwxoVN9peZo7EXTcDz9jKVc4vRmisJKKrNfe3ewBa","scale":9}},"target_amp":50,"fee_numerator":4,"fee_denominator":10000,"fee_accounts":{"7dHbWXmci3dT8UFYWYZweBLXgycu7Y3iL6trKn1Y7ARj":"2AbLYRQa7PV6gG6XgMjaey18RtPh85sXFmMmP4HsDdQK","So11111111111111111111111111111111111111112":"Cv3YNq8iY1ttMS3iDgwBxd7QxnMC2pwcXUomtR7CTD8W"}}