{"pool_account":"MARpDPs5A7XiyCWPNH8GsMWPLxmwNn9SBmKvPa9LzgA","authority":"H66xGa3c5wvg5ZGF7RCwskf52iH42C8u8v8TPwQXwc3m","pool_token_mint":"HUBBGekfLpdZhZcqjLeecLVz39o1ysDkicZpgMgZgPFS","token_ids":["USDH1SM1ojwWUga67PGrgFWUHibbjqMvuMaDkRJTgkX","EPjFWdd5AufqSSqeM2qN1xzybapC8G4wEGGkZwyTDt1v"],"tokens":{"USDH1SM1ojwWUga67PGrgFWUHibbjqMvuMaDkRJTgkX":{"tag":"","name":"","mint":"USDH1SM1ojwWUga67PGrgFWUHibbjqMvuMaDkRJTgkX","addr":"6YjT74rmcfCpw8LSjPNx5JTmZoYLGrTKnf9arfSgZ4SR","scale":6},"EPjFWdd5AufqSSqeM2qN1xzybapC8G4wEGGkZwyTDt1v":{"tag":"","name":"","mint":"EPjFWdd5AufqSSqeM2qN1xzybapC8G4wEGGkZwyTDt1v","addr":"F8GSmi3vA8M8TsybLya1LQ4n1aFHCRbZ6k437PeTdXtg","scale":6}},"target_amp":1000,"fee_numerator":4,"fee_denominator":10000,"fee_accounts":{"USDH1SM1ojwWUga67PGrgFWUHibbjqMvuMaDkRJTgkX":"EtjTwkeqBHoX9s9PVeDszVSFkmaSY6nsfRtDzoqc3c5U","EPjFWdd5AufqSSqeM2qN1xzybapC8G4wEGGkZwyTDt1v":"9fLmntYbe6E4CP1A23NMSZSpzfWx7HASybaNfAQ8GTXt"}}