{"pool_account":"MATgk4zXLXtYkwBH678J1xZbRDZ45LicNzkRBHkxTuY","authority":"F6JFfyWaKTZY94rRzR5ftrtEKBS7aNLu1vYQiKuYhTZ6","pool_token_mint":"WLPyXq7WRfdWLiP4fvRfSisrfDzLiPmCeVTE6okKQWE","token_ids":["E2VmbootbVCBkMNNxKQgCLMS1X3NoGMaYAsufaAsf7M","EPjFWdd5AufqSSqeM2qN1xzybapC8G4wEGGkZwyTDt1v"],"tokens":{"E2VmbootbVCBkMNNxKQgCLMS1X3NoGMaYAsufaAsf7M":{"tag":"","name":"","mint":"E2VmbootbVCBkMNNxKQgCLMS1X3NoGMaYAsufaAsf7M","addr":"y8dALFo1bJrSzPYjMX14HJX448pXqYmrfXHD1K8MXih","scale":6},"EPjFWdd5AufqSSqeM2qN1xzybapC8G4wEGGkZwyTDt1v":{"tag":"","name":"","mint":"EPjFWdd5AufqSSqeM2qN1xzybapC8G4wEGGkZwyTDt1v","addr":"GN7Yuet3UyiWS5YVkEHv6oQKi4HGBJc3XDPt9zQhAqZz","scale":6}},"target_amp":300,"fee_numerator":4,"fee_denominator":10000,"fee_accounts":{"E2VmbootbVCBkMNNxKQgCLMS1X3NoGMaYAsufaAsf7M":"AtwPjP6NAzS74FzrnYY6vvDmrsQeEvXQ6dGR8gRL1b7w","EPjFWdd5AufqSSqeM2qN1xzybapC8G4wEGGkZwyTDt1v":"GMUhSqF5wSjH1YZpgF782ZW1rkjBKQTy8KwQ1ApxCe2V"}}