{"pool_account":"MATSnbbiTCv7Dc3trJrkrqjx7ckKdr6fwPoVwv9q3sD","authority":"24nNLHx6HJutEJ27qQ6X4cKfXiDUpQPaKYEkfAYtEkW5","pool_token_mint":"WLP59xUDvQMQdzC2SgPmZeRF1oj2RSvGZiQLksj4bwj","token_ids":["5goWRao6a3yNC4d6UjMdQxonkCMvKBwdpubU3qhfcdf1","Es9vMFrzaCERmJfrF4H2FYD4KCoNkY11McCe8BenwNYB"],"tokens":{"5goWRao6a3yNC4d6UjMdQxonkCMvKBwdpubU3qhfcdf1":{"tag":"","name":"","mint":"5goWRao6a3yNC4d6UjMdQxonkCMvKBwdpubU3qhfcdf1","addr":"631WX9JizSHJm4w6VanZeJAst9T8DeUUnPLesdGkCVtK","scale":6},"Es9vMFrzaCERmJfrF4H2FYD4KCoNkY11McCe8BenwNYB":{"tag":"","name":"","mint":"Es9vMFrzaCERmJfrF4H2FYD4KCoNkY11McCe8BenwNYB","addr":"211maUSfpnXbPuW1iBu8b4dtJv5EbN1j7JJiEX5TZKEP","scale":6}},"target_amp":300,"fee_numerator":4,"fee_denominator":10000,"fee_accounts":{"5goWRao6a3yNC4d6UjMdQxonkCMvKBwdpubU3qhfcdf1":"GrFuffzk2QuPzAk57LMm3Ayn8dTuoqnQpiprx7rRDDVW","Es9vMFrzaCERmJfrF4H2FYD4KCoNkY11McCe8BenwNYB":"DromwU5YLyty6dzAnSrhrAe2xq7Pc1bkTWDTcrBV8agd"}}