{"pool_account":"MiMuMS9C4vBqcrYeeQPph1E7oAW9aNKvW9k6Zw9XffM","authority":"4WLCbMH7QQdcYHCNUhH1HV69sXstkmXtAyBoKLUDTjoE","pool_token_mint":"ALPfb7HJd4oenNBknjzCbVc2RooC5N1H6N391hbZ82ky","token_ids":["2ASbApnFVSTp2RJvMLgLVfbDwJvu1FRXdhJWrGs89Lhj","UST98bfV6EASdTFQrRwCBczpehdMFwYCUdLT5tEbhpW"],"tokens":{"2ASbApnFVSTp2RJvMLgLVfbDwJvu1FRXdhJWrGs89Lhj":{"tag":"","name":"","mint":"2ASbApnFVSTp2RJvMLgLVfbDwJvu1FRXdhJWrGs89Lhj","addr":"Afy2q2hh6Y474pshJa5fnQ6PfEchGyTbKrQpCZw2hr3m","scale":9},"UST98bfV6EASdTFQrRwCBczpehdMFwYCUdLT5tEbhpW":{"tag":"","name":"","mint":"UST98bfV6EASdTFQrRwCBczpehdMFwYCUdLT5tEbhpW","addr":"5pXz9ksgjeL8Wgb37bksUaBFMLdFfsNNY3FQnikkCPtS","scale":9}},"target_amp":50,"fee_numerator":4,"fee_denominator":10000,"fee_accounts":{"2ASbApnFVSTp2RJvMLgLVfbDwJvu1FRXdhJWrGs89Lhj":"CibroeQ5Y8ezKTb9LKDZ7SnwrjgVEVUTxbQkUgW6rFgZ","UST98bfV6EASdTFQrRwCBczpehdMFwYCUdLT5tEbhpW":"9DNEgGo4KxrJKb3ocaJxsHooyYmLsJtfoTQ6cuFZhMaA"}}