{"pool_account":"MNkYtBe2HtgL15osfaMmyqNW3vo4J399FXXCS4a39Wf","authority":"ELnY6YAb1oSPGuARAV8rBJq44AXgT69GJhvWNfuabq9B","pool_token_mint":"HUSDgP5YieANhAAHD42yivX9aFS1zbodTut2Dvvkj8QS","token_ids":["BybpSTBoZHsmKnfxYG47GDhVPKrnEKX31CScShbrzUhX","88881Hu2jGMfCs9tMu5Rr7Ah7WBNBuXqde4nR5ZmKYYy"],"tokens":{"BybpSTBoZHsmKnfxYG47GDhVPKrnEKX31CScShbrzUhX":{"tag":"","name":"","mint":"BybpSTBoZHsmKnfxYG47GDhVPKrnEKX31CScShbrzUhX","addr":"2mUxDu8NrhSKhQJMgKfYLxJqZzeEbmwhQdHeHMyohyuk","scale":8},"88881Hu2jGMfCs9tMu5Rr7Ah7WBNBuXqde4nR5ZmKYYy":{"tag":"","name":"","mint":"88881Hu2jGMfCs9tMu5Rr7Ah7WBNBuXqde4nR5ZmKYYy","addr":"AZCBmDBcFsA2jHHhfFJBTsWCHx9XnnKmGfFsue3ZVW1t","scale":8}},"target_amp":150,"fee_numerator":4,"fee_denominator":10000,"fee_accounts":{"BybpSTBoZHsmKnfxYG47GDhVPKrnEKX31CScShbrzUhX":"8BRDKte3z6zq2MoNJNStbNZuuV63oeSkXNXcjLKNbsL","88881Hu2jGMfCs9tMu5Rr7Ah7WBNBuXqde4nR5ZmKYYy":"7EkNdJnxsCMHJ7eFaZuzCCoVpwbCPg8NaCUwgGhNkEQ"}}