{"pool_account":"moFiBS1R4Lf3E3zzmBPnw3NF4RhWPkhREFviuzUaCAU","authority":"4RcgjJHEndsDpSniNaU392dnfjFZFGhwUT3Fd9rSEcMv","pool_token_mint":"cUSDDDBZRhpDW7eyUUPMuw6u1SiMnzu6i7movwf5jxk","token_ids":["EwxNF8g9UfmsJVcZFTpL9Hx5MCkoQFoJi6XNWzKf1j8e","JEFFSQ3s8T3wKsvp4tnRAsUBW7Cqgnf8ukBZC4C8XBm1"],"tokens":{"EwxNF8g9UfmsJVcZFTpL9Hx5MCkoQFoJi6XNWzKf1j8e":{"tag":"","name":"","mint":"EwxNF8g9UfmsJVcZFTpL9Hx5MCkoQFoJi6XNWzKf1j8e","addr":"44ALBrpqi9PfZkBRTvbtRNtFJGsatfY4QydjtMbFWq8S","scale":9},"JEFFSQ3s8T3wKsvp4tnRAsUBW7Cqgnf8ukBZC4C8XBm1":{"tag":"","name":"","mint":"JEFFSQ3s8T3wKsvp4tnRAsUBW7Cqgnf8ukBZC4C8XBm1","addr":"2ho8qEEie1UjVwWNBo9y4oAJZMyMLx8zPj9bxyUz6uWs","scale":9}},"target_amp":200,"fee_numerator":4,"fee_denominator":10000,"fee_accounts":{"EwxNF8g9UfmsJVcZFTpL9Hx5MCkoQFoJi6XNWzKf1j8e":"CUqZMfuGbFuk511eytYs23Kw2Vge5fvDeR4GHsUHPNkd","JEFFSQ3s8T3wKsvp4tnRAsUBW7Cqgnf8ukBZC4C8XBm1":"GuBiPcG1V9nXZEjKi6mrigZ18UTLnMB4Z9cCJJVmdea5"}}