{"pool_account":"NorBXypYWTkV5PMs6Q9JsvNkmRwe7H9Zr1Kz2TcJH2Y","authority":"2AdWk8VKBkThFohdpA1RYekfvwGbUe1t12p7hv1YdQT6","pool_token_mint":"xBTCPvRuEuRgz5DuuUd3ju3VP5XtR2Dsu1AxyW9JpXK","token_ids":["HWxpSV3QAGzLQzGAtvhSYAEr7sTQugQygnni1gnUGh1D","BtX7AfzEJLnU8KQR1AgHrhGH5s2AHUTbfjhUQP8BhPvi"],"tokens":{"HWxpSV3QAGzLQzGAtvhSYAEr7sTQugQygnni1gnUGh1D":{"tag":"","name":"","mint":"HWxpSV3QAGzLQzGAtvhSYAEr7sTQugQygnni1gnUGh1D","addr":"C82XDu1d1UjtuUwnkSTwVuWyH3AqpJ3ftb9W7en8rEUu","scale":10},"BtX7AfzEJLnU8KQR1AgHrhGH5s2AHUTbfjhUQP8BhPvi":{"tag":"","name":"","mint":"BtX7AfzEJLnU8KQR1AgHrhGH5s2AHUTbfjhUQP8BhPvi","addr":"F7cZoYpWQSFuYJzW2UUFw6sVbTtaihyD5upeeHRUPABk","scale":10}},"target_amp":50,"fee_numerator":4,"fee_denominator":10000,"fee_accounts":{"HWxpSV3QAGzLQzGAtvhSYAEr7sTQugQygnni1gnUGh1D":"AQFuz3pR9Lq3vyo7Aqvw8KrBcoSJHEf1Um53D7foDK3j","BtX7AfzEJLnU8KQR1AgHrhGH5s2AHUTbfjhUQP8BhPvi":"FJ5nJw6ddQxh6GJu2Mvj6JbPeSDa6WsqDtn94vxGHp43"}}