{"pool_account":"NorjjEePhxfwLF4vZjUHCrVVKLzQjEEGQFd3wgjEJmh","authority":"4MKU6kajSHK6YGt39fAjvW5bPV1uwUdAP5VVEcS7JLRr","pool_token_mint":"XUSDfnsgc2QYXRdbPAbMWoXCbBCCspRSvoGJ8o7RV9n","token_ids":["83LGLCm7QKpYZbX8q4W2kYWbtt8NJBwbVwEepzkVnJ9y","EPjFWdd5AufqSSqeM2qN1xzybapC8G4wEGGkZwyTDt1v"],"tokens":{"83LGLCm7QKpYZbX8q4W2kYWbtt8NJBwbVwEepzkVnJ9y":{"tag":"","name":"","mint":"83LGLCm7QKpYZbX8q4W2kYWbtt8NJBwbVwEepzkVnJ9y","addr":"34M8pFVqgbV7aqHxvRT5tCv3vu2P1JJYT8J3VaxBK2oG","scale":6},"EPjFWdd5AufqSSqeM2qN1xzybapC8G4wEGGkZwyTDt1v":{"tag":"","name":"","mint":"EPjFWdd5AufqSSqeM2qN1xzybapC8G4wEGGkZwyTDt1v","addr":"3AZWBSze3ucsY3xSeuLne3b2pauVqiaJ1SZSV5T9WGWw","scale":6}},"target_amp":50,"fee_numerator":4,"fee_denominator":10000,"fee_accounts":{"83LGLCm7QKpYZbX8q4W2kYWbtt8NJBwbVwEepzkVnJ9y":"G8cY9ED8rJYc78ZtkiMGeaydtx96BBPuaZsirpkzkifw","EPjFWdd5AufqSSqeM2qN1xzybapC8G4wEGGkZwyTDt1v":"87UVu2YZFmANEN7znTYVQVbZVtdE4CJnPWcfcLrnHR7u"}}