{"pool_account":"okgoAkj7GvBT1Q54j6Qvm6AZPritriGTjcEpkPhdWqf","authority":"5iGwpfXgTX2zqQuagzwLtMWEg1e8Rju7tkjYUbbHXvgj","pool_token_mint":"uSdKg2Cs5bCtFSeNXs7aRVNzZJauX58eCkdsfssxTdW","token_ids":["2kycGCD8tJbrjJJqWN2Qz5ysN9iB4Bth3Uic4mSB7uak","JEFFSQ3s8T3wKsvp4tnRAsUBW7Cqgnf8ukBZC4C8XBm1"],"tokens":{"2kycGCD8tJbrjJJqWN2Qz5ysN9iB4Bth3Uic4mSB7uak":{"tag":"","name":"","mint":"2kycGCD8tJbrjJJqWN2Qz5ysN9iB4Bth3Uic4mSB7uak","addr":"5RfXYWvxR9PUaedokXVxgJHDoD4xnLLauVtdJ27shPWG","scale":9},"JEFFSQ3s8T3wKsvp4tnRAsUBW7Cqgnf8ukBZC4C8XBm1":{"tag":"","name":"","mint":"JEFFSQ3s8T3wKsvp4tnRAsUBW7Cqgnf8ukBZC4C8XBm1","addr":"DJcFPaQjyW9Xkt7sXCbnEGj1yfykGYuLRUXFyS4LLZ5F","scale":9}},"target_amp":150,"fee_numerator":4,"fee_denominator":10000,"fee_accounts":{"2kycGCD8tJbrjJJqWN2Qz5ysN9iB4Bth3Uic4mSB7uak":"4Yc7KHvZx58i6gnbSbStvufKKuEVHmrGeMGNdCQ5R1H8","JEFFSQ3s8T3wKsvp4tnRAsUBW7Cqgnf8ukBZC4C8XBm1":"En5CJmgeXCAmSrxUY3wMzVYcq4EwQLkzN47t1nzVZ7m9"}}