{"pool_account":"oKQqupM9E7SSLAFDLxr7mdsXP7znck9qRbVWc6Yyj7Q","authority":"2pVd6wjKqvNbv5RdLoqaBGRxTMTsCKDV8jvgpYDL3AJX","pool_token_mint":"USDKKmk1anWU1aEn6GJ6skL3ZvcB9CBAWVkmPGQEHtz","token_ids":["43m2ewFV5nDepieFjT9EmAQnc1HRtAF247RBpLGFem5F","88881Hu2jGMfCs9tMu5Rr7Ah7WBNBuXqde4nR5ZmKYYy"],"tokens":{"43m2ewFV5nDepieFjT9EmAQnc1HRtAF247RBpLGFem5F":{"tag":"","name":"","mint":"43m2ewFV5nDepieFjT9EmAQnc1HRtAF247RBpLGFem5F","addr":"CMR2J7CwfW98RpvnJmFBgRFTLAd3x8CJ1SWs8Bt3uunG","scale":8},"88881Hu2jGMfCs9tMu5Rr7Ah7WBNBuXqde4nR5ZmKYYy":{"tag":"","name":"","mint":"88881Hu2jGMfCs9tMu5Rr7Ah7WBNBuXqde4nR5ZmKYYy","addr":"FmRb5jHfSNj1YWP3b45d9vvYuhwjp4om8bALmtqZpr1v","scale":8}},"target_amp":50,"fee_numerator":4,"fee_denominator":10000,"fee_accounts":{"43m2ewFV5nDepieFjT9EmAQnc1HRtAF247RBpLGFem5F":"GJ2Qyeg35bzTQui9tvfbiv8Pi3BaY3KKvcWiNcHYMSBn","88881Hu2jGMfCs9tMu5Rr7Ah7WBNBuXqde4nR5ZmKYYy":"7Tuih3tg3YqzFBLQ7UCma8uqEASARkk1YoG9CaZd6jZW"}}