{"pool_account":"parEAJhzYzHW87y9VoZAQ22dzQ2MD2ekEtTReaxbMcz","authority":"6rxqyX1fD27oepCCnv2uy9uJWmXHjPTeQ5PaP99JZrKx","pool_token_mint":"PSopTFPXzTRysj2H6W8oTvYBZmJHtRcVaQaDkckifAy","token_ids":["9EaLkQrbjmbbuZG9Wdpo8qfNUEjHATJFSycEmw6f1rGX","BdZPG9xWrG3uFrx2KrUW1jT4tZ9VKPDWknYihzoPRJS3"],"tokens":{"9EaLkQrbjmbbuZG9Wdpo8qfNUEjHATJFSycEmw6f1rGX":{"tag":"","name":"","mint":"9EaLkQrbjmbbuZG9Wdpo8qfNUEjHATJFSycEmw6f1rGX","addr":"3oyc6hpjYSJEquK6dSvG72NXyz3pqLZz5D8AC71pwgQb","scale":9},"BdZPG9xWrG3uFrx2KrUW1jT4tZ9VKPDWknYihzoPRJS3":{"tag":"","name":"","mint":"BdZPG9xWrG3uFrx2KrUW1jT4tZ9VKPDWknYihzoPRJS3","addr":"Di2vordgFJVZ1aj1aBpvzXtLfZgJsuLLXawGtVFwX6Rz","scale":9}},"target_amp":50,"fee_numerator":4,"fee_denominator":10000,"fee_accounts":{"9EaLkQrbjmbbuZG9Wdpo8qfNUEjHATJFSycEmw6f1rGX":"d9bL6dHqbxsV8QVstmrgqWfNzn62eo2krm1YHfb8mkJ","BdZPG9xWrG3uFrx2KrUW1jT4tZ9VKPDWknYihzoPRJS3":"6nJUBLpf7VkZUvaeBdPFeX5pS1a9vyh315uJ5z4VPaTF"}}