{"pool_account":"RajgMbScQbqqrdJfR2rxfHJiTiY5b6bJ2tTXiF4aPxy","authority":"7mupg3bhALz9TBNz8yWRroVpVqJMKDaJG1u1JasCebe8","pool_token_mint":"DAihWEjhBc8LEmV1rEekTaiC2zqE5ex7nEFkmoe1Ppp3","token_ids":["EjmyN6qEC1Tf1JxiG1ae7UTJhUxSwk1TCWNWqxWV4J6o","88881Hu2jGMfCs9tMu5Rr7Ah7WBNBuXqde4nR5ZmKYYy"],"tokens":{"EjmyN6qEC1Tf1JxiG1ae7UTJhUxSwk1TCWNWqxWV4J6o":{"tag":"","name":"","mint":"EjmyN6qEC1Tf1JxiG1ae7UTJhUxSwk1TCWNWqxWV4J6o","addr":"725ZA3fhyBAKb5iopNRrcbSuQa3LXA1656Q3mBvYPxeg","scale":8},"88881Hu2jGMfCs9tMu5Rr7Ah7WBNBuXqde4nR5ZmKYYy":{"tag":"","name":"","mint":"88881Hu2jGMfCs9tMu5Rr7Ah7WBNBuXqde4nR5ZmKYYy","addr":"GLA6i1dSZpUfk2f9Nj8uiG7xyDdAR2reff8oEiZH3617","scale":8}},"target_amp":750,"fee_numerator":4,"fee_denominator":10000,"fee_accounts":{"EjmyN6qEC1Tf1JxiG1ae7UTJhUxSwk1TCWNWqxWV4J6o":"Hpx851G6MKmNfAawui9f7cN4jbPTE7TNWS9E4wd346Xw","88881Hu2jGMfCs9tMu5Rr7Ah7WBNBuXqde4nR5ZmKYYy":"FbBJQXecC63Ff1kQzYTxbZzrbABHTqsEaeFoxfEthM29"}}