{"pool_account":"RoBgmK8CvjdHvPrqdDyVw54VwjZv2TqJ493xnqJAQHx","authority":"75GiSiZjXh2KosJ3KQw84cTJmFxGZdV2KPyUhQPs4PwP","pool_token_mint":"USTRHDiTkhjE1oDydHqNkPJNDeBKTTbz9crTmiYc2w9","token_ids":["JAa3gQySiTi8tH3dpkvgztJWHQC1vGXr5m6SQ9LEM55T","USDH1SM1ojwWUga67PGrgFWUHibbjqMvuMaDkRJTgkX"],"tokens":{"JAa3gQySiTi8tH3dpkvgztJWHQC1vGXr5m6SQ9LEM55T":{"tag":"","name":"","mint":"JAa3gQySiTi8tH3dpkvgztJWHQC1vGXr5m6SQ9LEM55T","addr":"ExiHJxM7qPAcy27NDHAF6G7vnW7muNHi2sVJpnaNynGQ","scale":6},"USDH1SM1ojwWUga67PGrgFWUHibbjqMvuMaDkRJTgkX":{"tag":"","name":"","mint":"USDH1SM1ojwWUga67PGrgFWUHibbjqMvuMaDkRJTgkX","addr":"6rkPHSqZb7StM4HwS9EuVrmfkV7tRdc7dnsFhyB6cefE","scale":6}},"target_amp":100,"fee_numerator":4,"fee_denominator":10000,"fee_accounts":{"JAa3gQySiTi8tH3dpkvgztJWHQC1vGXr5m6SQ9LEM55T":"2JMvBpLiHzEXmHbGNGYqLRZT8i7yD8uCvMEFAVZGMQpi","USDH1SM1ojwWUga67PGrgFWUHibbjqMvuMaDkRJTgkX":"AStaeEGXoFSLuekwuiq2fRRvV1uNZcCSz4NgPfXbbXDD"}}