{"pool_account":"Roockn5vpbWxKybZqMy3xaYuSaq1Lhoc7CL3C6bAUXX","authority":"5wYPXCAA59FnC8e2ZHszcNJ68HSeqPnHffnBrnagcJe6","pool_token_mint":"SSoxcNry3qU1wN5Vj6zMJKTSqJPyPLks5KNfCJCmUPa","token_ids":["5h6ssFpeDeRbzsEHDbTQNH7nVGgsKrZydxdSTnLm6QdV","3JFC4cB56Er45nWVe29Bhnn5GnwQzSmHVf6eUq9ac91h"],"tokens":{"5h6ssFpeDeRbzsEHDbTQNH7nVGgsKrZydxdSTnLm6QdV":{"tag":"","name":"","mint":"5h6ssFpeDeRbzsEHDbTQNH7nVGgsKrZydxdSTnLm6QdV","addr":"DAizXCPHT5ATkKoW9XAGTdrA7Lbj3cNygjD8RQFH8nZJ","scale":9},"3JFC4cB56Er45nWVe29Bhnn5GnwQzSmHVf6eUq9ac91h":{"tag":"","name":"","mint":"3JFC4cB56Er45nWVe29Bhnn5GnwQzSmHVf6eUq9ac91h","addr":"Gh4iXm7PAHjAbagz9FfbpLSuuRE8rdKkDcSukp8Dzq9R","scale":9}},"target_amp":50,"fee_numerator":4,"fee_denominator":10000,"fee_accounts":{"5h6ssFpeDeRbzsEHDbTQNH7nVGgsKrZydxdSTnLm6QdV":"6TggpSDW6q6PgqAb4Lec84QWKGcePwboFA7hi2b5se7r","3JFC4cB56Er45nWVe29Bhnn5GnwQzSmHVf6eUq9ac91h":"2LMRBmWqWTh1uvP2fdJcPyjWT3FLeH8CFhRXr2MCATsL"}}