{"pool_account":"RooZXUCc5RK1onxyVxB5G8CtGES3ptNgVnZLXMe2cws","authority":"CKiGW6G7mp7eyFYeby782hro9VkaSL8HGrYBPP95bXho","pool_token_mint":"SUSeGZEV69Xy7rQfhDffyTysHgEP3nJUDMxEZJSvJr1","token_ids":["993dVFL2uXWYeoXuEBFXR4BijeXdTv4s6BzsCjJZuwqk","BTsbZDV7aCMRJ3VNy9ygV4Q2UeEo9GpR8D6VvmMZzNr8"],"tokens":{"993dVFL2uXWYeoXuEBFXR4BijeXdTv4s6BzsCjJZuwqk":{"tag":"","name":"","mint":"993dVFL2uXWYeoXuEBFXR4BijeXdTv4s6BzsCjJZuwqk","addr":"4XqU6QN4QJKva4fF4eyCnPtJG99pKecuUuCPDax5BEqU","scale":6},"BTsbZDV7aCMRJ3VNy9ygV4Q2UeEo9GpR8D6VvmMZzNr8":{"tag":"","name":"","mint":"BTsbZDV7aCMRJ3VNy9ygV4Q2UeEo9GpR8D6VvmMZzNr8","addr":"F7k8DuuawVEZ3new4A9ahWVojCkEG8BrLsCwyhRvmEHa","scale":6}},"target_amp":50,"fee_numerator":4,"fee_denominator":10000,"fee_accounts":{"993dVFL2uXWYeoXuEBFXR4BijeXdTv4s6BzsCjJZuwqk":"2QfAFL7QigsiKT4FNPVgYM5oUNjMnjRiRsZJCqdquq8S","BTsbZDV7aCMRJ3VNy9ygV4Q2UeEo9GpR8D6VvmMZzNr8":"CCNTtGjhSKSJzXysfE24Ajwa6XHeHuHk5uG7aCKY7MbE"}}