{"pool_account":"SAMGk1Nd4haC8zQA63DG37pzuEZy8j4q13tSFtCbcRE","authority":"8kJzWzrvsZgHCW9Q9JFqamgf58SbjMmTe8mbDotk4ooR","pool_token_mint":"WLPmZgnajNcCzYv68gQDsix4NNjTxGTPmKRMtiXMuFg","token_ids":["FTT8cGNp3rfTC6c44uPTuEFLqmsVDhjd2BhH65v2uppr","EzfgjvkSwthhgHaceR3LnKXUoRkP6NUhfghdaHAj1tUv"],"tokens":{"FTT8cGNp3rfTC6c44uPTuEFLqmsVDhjd2BhH65v2uppr":{"tag":"","name":"","mint":"FTT8cGNp3rfTC6c44uPTuEFLqmsVDhjd2BhH65v2uppr","addr":"9U9TnkHD3jXMAVZtynCVLgDruuqN4pTvLJTmVHCLWS8g","scale":8},"EzfgjvkSwthhgHaceR3LnKXUoRkP6NUhfghdaHAj1tUv":{"tag":"","name":"","mint":"EzfgjvkSwthhgHaceR3LnKXUoRkP6NUhfghdaHAj1tUv","addr":"C6zoEbvqSknmi96QWq96UBiPCyNW3YSTvKhavR2BfifE","scale":8}},"target_amp":300,"fee_numerator":4,"fee_denominator":10000,"fee_accounts":{"FTT8cGNp3rfTC6c44uPTuEFLqmsVDhjd2BhH65v2uppr":"XHz8BySeNPKKXhuvHfwEWBysiu5utuMo1aMkkVDmWF5","EzfgjvkSwthhgHaceR3LnKXUoRkP6NUhfghdaHAj1tUv":"BCVqpUsN9MrkfzvsyFoEgLaZoN1BGesXLBoeENCxgp5N"}}