{"pool_account":"SAMyS8Jr2HJrkFwYVKbpUwsNStnQmvz3f8Tup8bWUWF","authority":"9tTrypFDQE3ChSPtwySjgomWDEi8XcTieGcYT3vXkgf1","pool_token_mint":"WLPGfDvnSsJg888FydDCRKkmKTwu4L3MHjfqBFj5LJD","token_ids":["FR87nWEUxVgerFGhZM8Y4AggKGLnaXswr1Pd8wZ4kZcp","UST8SCn7jrqsq51odVLqcmvnC658HkqrKrPL3w2hHQ7"],"tokens":{"FR87nWEUxVgerFGhZM8Y4AggKGLnaXswr1Pd8wZ4kZcp":{"tag":"","name":"","mint":"FR87nWEUxVgerFGhZM8Y4AggKGLnaXswr1Pd8wZ4kZcp","addr":"6jPzm5TFfquvgm25sTyN3MMGBfufRaFHMxobDWv6hMFW","scale":8},"UST8SCn7jrqsq51odVLqcmvnC658HkqrKrPL3w2hHQ7":{"tag":"","name":"","mint":"UST8SCn7jrqsq51odVLqcmvnC658HkqrKrPL3w2hHQ7","addr":"Cj9ECoDmxsHTDzCY5ZA6RWrPbg9uFzEC1Qc2kso2vJG6","scale":8}},"target_amp":50,"fee_numerator":4,"fee_denominator":10000,"fee_accounts":{"FR87nWEUxVgerFGhZM8Y4AggKGLnaXswr1Pd8wZ4kZcp":"F8Bk1ZaBJz4FkMwXq8X1WiCB9wiRATiPMu37kkje7gJB","UST8SCn7jrqsq51odVLqcmvnC658HkqrKrPL3w2hHQ7":"A2JY3iRfCZrkJaZs2dUkuvpEvoMFCpQgjcyE4sV2zZDw"}}