{"pool_account":"SATqdxinH3vFiJBKv3JA6MuCXweEXr6UV1aRcvGjLD5","authority":"BQsXo2y2KFdPpF9v9ckb1BaxSQxqgx12WevS8BYnkYhY","pool_token_mint":"AVBDpg1UYpDYQLbzEnRY76R3u82PYHtDuc3NBdFS2k39","token_ids":["Fd8xyHHRjTvxfZrBirb6MaxSmrZYw99gRSqFUKdFwFvw","FACTQhZBfRzC7A76antnpAoZtiwYmUfdAN8wz7e8rxC5"],"tokens":{"Fd8xyHHRjTvxfZrBirb6MaxSmrZYw99gRSqFUKdFwFvw":{"tag":"","name":"","mint":"Fd8xyHHRjTvxfZrBirb6MaxSmrZYw99gRSqFUKdFwFvw","addr":"bDVSLHopvEo45R3rR7JXoRRAcnUXKD7r14ijj1apALb","scale":9},"FACTQhZBfRzC7A76antnpAoZtiwYmUfdAN8wz7e8rxC5":{"tag":"","name":"","mint":"FACTQhZBfRzC7A76antnpAoZtiwYmUfdAN8wz7e8rxC5","addr":"33QrhvkyroiTxp21hbXPRowPhsgVHmrgEQbY7eHPp1h4","scale":9}},"target_amp":200,"fee_numerator":4,"fee_denominator":10000,"fee_accounts":{"Fd8xyHHRjTvxfZrBirb6MaxSmrZYw99gRSqFUKdFwFvw":"RtzSS4SK88PUSUmajnevo7gUs7zDnYU8qFBfLicaWpm","FACTQhZBfRzC7A76antnpAoZtiwYmUfdAN8wz7e8rxC5":"EPXkgmVmpNPnrT2hZgaQwxWpnDYynvUP3n8fhPSRf581"}}