{"pool_account":"SBFjafzbDXgDRsA5SUypY8FXjJ9sBdb4JbuQq2PHQDG","authority":"DGPFLHMzcfLeANN5m6gVoMFpo38KuU85tAGFHpLfn3gM","pool_token_mint":"FTXdV5wFFhceKjcd1JRrRQTT2uB7ruMerAqbj2rj1Mz7","token_ids":["GbBWwtYTMPis4VHb8MrBbdibPhn28TSrLB53KvUmb7Gi","FTT9rBBrYwcHam4qLvkzzzhrsihYMbZ3k6wJbdoahxAt"],"tokens":{"GbBWwtYTMPis4VHb8MrBbdibPhn28TSrLB53KvUmb7Gi":{"tag":"","name":"","mint":"GbBWwtYTMPis4VHb8MrBbdibPhn28TSrLB53KvUmb7Gi","addr":"46xwHtnXoQR3wCHUbm2eCAbPYWbioDQ59Te1Db8M5DDL","scale":9},"FTT9rBBrYwcHam4qLvkzzzhrsihYMbZ3k6wJbdoahxAt":{"tag":"","name":"","mint":"FTT9rBBrYwcHam4qLvkzzzhrsihYMbZ3k6wJbdoahxAt","addr":"FC38fiikZwFvDt5zTjNtGfKd7LjaPz2uUAzLwKP5pRJY","scale":9}},"target_amp":150,"fee_numerator":4,"fee_denominator":10000,"fee_accounts":{"GbBWwtYTMPis4VHb8MrBbdibPhn28TSrLB53KvUmb7Gi":"w3F7sdqZNgMGhcdoA4xY5ZXtjU9WZW8xUbGpyP768GJ","FTT9rBBrYwcHam4qLvkzzzhrsihYMbZ3k6wJbdoahxAt":"9QGAnZgkoJTTD2i3njtmzeW4yMVSSk4kUA53pQP2NbRY"}}