{"pool_account":"SEQV6QiTpvTzrceiaYg9Avnwf7oc8ZALpnQMz6TyT4A","authority":"EPtXq2vDbFdpxVUuS4qzh5dhnWHQeriNyz7Tvyott2DB","pool_token_mint":"AVTrxHq5P57fYZTYjMuCRWFqsrLmom2gGThNtgEgK1ip","token_ids":["FwEHs3kJEdMa2qZHv7SgzCiFXUQPEycEXksfBkwmS8gj","AEUT5uFm1D575FVCoQd5Yq891FJEqkncZUbBFoFcAhTV"],"tokens":{"FwEHs3kJEdMa2qZHv7SgzCiFXUQPEycEXksfBkwmS8gj":{"tag":"","name":"","mint":"FwEHs3kJEdMa2qZHv7SgzCiFXUQPEycEXksfBkwmS8gj","addr":"3dFMPj4r9mMmPHF32mz1gNDX7f8ftidWof7S8YiYTs1j","scale":9},"AEUT5uFm1D575FVCoQd5Yq891FJEqkncZUbBFoFcAhTV":{"tag":"","name":"","mint":"AEUT5uFm1D575FVCoQd5Yq891FJEqkncZUbBFoFcAhTV","addr":"Fc1ED3YPeQfXQosHbd8DTaBd2AV5gHQtwiSAL5C5pUhi","scale":9}},"target_amp":1000,"fee_numerator":4,"fee_denominator":10000,"fee_accounts":{"FwEHs3kJEdMa2qZHv7SgzCiFXUQPEycEXksfBkwmS8gj":"BBi8KR5tMQDVzTdRBXq36nGSnYLTiTumyKtBfuDhzopA","AEUT5uFm1D575FVCoQd5Yq891FJEqkncZUbBFoFcAhTV":"53QXsoLfDjY6P2njBCx85zLVJZGTH6nmnZhzyYHXkvHC"}}