{"pool_account":"SERgf3DMJpQxUifu7VoFKmfne73d2fDJxSrxUMrcNJB","authority":"MtvDRVATWdGwEG16kPgY5bvWVqN5zbjzzVDGxJFSW4R","pool_token_mint":"ESoLEkfqBkqti137xAmnEHXB4omZpGXUdSPpfBWe9sau","token_ids":["Hg35Vd8K3BS2pLB3xwC2WqQV8pmpCm3oNRGYP1PEpmCM","So11111111111111111111111111111111111111112"],"tokens":{"Hg35Vd8K3BS2pLB3xwC2WqQV8pmpCm3oNRGYP1PEpmCM":{"tag":"","name":"","mint":"Hg35Vd8K3BS2pLB3xwC2WqQV8pmpCm3oNRGYP1PEpmCM","addr":"AJfM2GZ2tTB8UtN2krcyR9xufRJEx2mhSCbJyMgPo3GU","scale":9},"So11111111111111111111111111111111111111112":{"tag":"","name":"","mint":"So11111111111111111111111111111111111111112","addr":"F4yRYkufQvERZcEKnKjJwRLU1btiMBUuEwq46hfm11QD","scale":9}},"target_amp":50,"fee_numerator":4,"fee_denominator":10000,"fee_accounts":{"Hg35Vd8K3BS2pLB3xwC2WqQV8pmpCm3oNRGYP1PEpmCM":"ADD6MDiJru8GkJuML8BgRy4sviw1C9fRfPZdVbfiXw1J","So11111111111111111111111111111111111111112":"pbE3un9N2fP8CtJDH6iKkuKghLgGxq1gEytkW25sD7T"}}