{"pool_account":"SoN9GaFpSXfpyR5dth3x7PHPVhvJMpQqqDJfCSmPv1t","authority":"F1YPYbRoKaM16GL52MSa2rRuoK66KjAtzSKXcexj7yTC","pool_token_mint":"SoLaUA1vvCaidtQLYwt4yszBv1LtbYJDjEbwC4bzxca","token_ids":["5oVNBeEEQvYi1cX3ir8Dx5n1P7pdxydbGF2X4TxVusJm","7Q2afV64in6N6SeZsAAB81TJzwDoD6zpqmHkzi9Dcavn"],"tokens":{"5oVNBeEEQvYi1cX3ir8Dx5n1P7pdxydbGF2X4TxVusJm":{"tag":"","name":"","mint":"5oVNBeEEQvYi1cX3ir8Dx5n1P7pdxydbGF2X4TxVusJm","addr":"9kZ9iS68ViMPtoeqtnhAKuF2iqVyfHPdZHoUNdwCELr","scale":9},"7Q2afV64in6N6SeZsAAB81TJzwDoD6zpqmHkzi9Dcavn":{"tag":"","name":"","mint":"7Q2afV64in6N6SeZsAAB81TJzwDoD6zpqmHkzi9Dcavn","addr":"BBhm5fJLjw3HRzjtKB8uMEYjGhY6EDm9co3cqpjrSzB9","scale":9}},"target_amp":25,"fee_numerator":4,"fee_denominator":10000,"fee_accounts":{"5oVNBeEEQvYi1cX3ir8Dx5n1P7pdxydbGF2X4TxVusJm":"B5QhaFfhGc3JGugKz3JGPhXg6n6WypBpw4qH6fZFryuN","7Q2afV64in6N6SeZsAAB81TJzwDoD6zpqmHkzi9Dcavn":"9sjRSm31MKQvur71DTGFPLZoGpRLy4SLkprpW5ESCV7L"}}