{"pool_account":"SoNcU2iwHMw6dGzsYNQkYFkUjwN1UdAjrWVRnStrZu2","authority":"HdyZaku984169KxKtjwyAB2pxPc77tjR1Bqh18DX1hzJ","pool_token_mint":"SoLWs9Av7ss1jHXqVLDVCBiDaAYuT4o5uRNMMuBFhB9","token_ids":["mSoLzYCxHdYgdzU16g5QSh3i5K3z3KZK7ytfqcJm7So","7Q2afV64in6N6SeZsAAB81TJzwDoD6zpqmHkzi9Dcavn"],"tokens":{"mSoLzYCxHdYgdzU16g5QSh3i5K3z3KZK7ytfqcJm7So":{"tag":"","name":"","mint":"mSoLzYCxHdYgdzU16g5QSh3i5K3z3KZK7ytfqcJm7So","addr":"8ivTTid27jZnYNc4w3CTA1Z6QS2twsFb8WMwUabeDJgc","scale":9},"7Q2afV64in6N6SeZsAAB81TJzwDoD6zpqmHkzi9Dcavn":{"tag":"","name":"","mint":"7Q2afV64in6N6SeZsAAB81TJzwDoD6zpqmHkzi9Dcavn","addr":"CyXm53PMvHCbeXJBykU46Rcbo28xk5srhMZFg7gv6EYB","scale":9}},"target_amp":25,"fee_numerator":4,"fee_denominator":10000,"fee_accounts":{"mSoLzYCxHdYgdzU16g5QSh3i5K3z3KZK7ytfqcJm7So":"FQ9RAeQcyk476sGxc7Kt3zh5MEyTUCJ5eci5bDgbVQqC","7Q2afV64in6N6SeZsAAB81TJzwDoD6zpqmHkzi9Dcavn":"HAsRFZDNB9vscgKfQmScKrANgjFrTKMknAzDxXpSPgau"}}