{"pool_account":"SQDY9uoDoCbNq7F3HAHYYQZbrUzpKxDtdWLvYcqBLak","authority":"J5DTF99jm9xjWwcDcMgYxRcsPT6ydE936Qry76oLKSXe","pool_token_mint":"AVDuGckLavyLr5YifViaxnoveY6rwqDezHw5kiKiRQEC","token_ids":["EgQ3yNtVhdHz7g1ZhjfGbxhFKMPPaFkz8QHXM5RBZBgi","JEFFSQ3s8T3wKsvp4tnRAsUBW7Cqgnf8ukBZC4C8XBm1"],"tokens":{"EgQ3yNtVhdHz7g1ZhjfGbxhFKMPPaFkz8QHXM5RBZBgi":{"tag":"","name":"","mint":"EgQ3yNtVhdHz7g1ZhjfGbxhFKMPPaFkz8QHXM5RBZBgi","addr":"GiehZ4X2uQjhEKuxSm3ACmEFrabxh3RTvjbLfLjw1xGX","scale":9},"JEFFSQ3s8T3wKsvp4tnRAsUBW7Cqgnf8ukBZC4C8XBm1":{"tag":"","name":"","mint":"JEFFSQ3s8T3wKsvp4tnRAsUBW7Cqgnf8ukBZC4C8XBm1","addr":"rxDQYV77NKRKYxCjq4cECX3QQsiSyLv1T1FT2X3zNA2","scale":9}},"target_amp":200,"fee_numerator":4,"fee_denominator":10000,"fee_accounts":{"EgQ3yNtVhdHz7g1ZhjfGbxhFKMPPaFkz8QHXM5RBZBgi":"nukUCjiUHV3XxsQGfigvxAHRLrJprpB45oQ2PHB1Bue","JEFFSQ3s8T3wKsvp4tnRAsUBW7Cqgnf8ukBZC4C8XBm1":"EjFDsYacwgvHNWQR8eBRA4cFTDWxfeNrkgmdV3cjrMXH"}}