{"pool_account":"SRMuKizofcAMicegrfSv7xs9q76tH1w8aAF7oX9FEWu","authority":"4VN6BM8qUa746raafkRvqwQFKYLPSAC1voCcEVHEKZBd","pool_token_mint":"WLP7MDjSKGWxs2s6o2d8JFvvqLJD8KHZpcTAZf9ongE","token_ids":["xnorPhAzWXUczCP3KjU5yDxmKKZi5cSbxytQ1LgE3kG","SRMuApVNdxXokk5GT7XD5cUUgXMBCoAz2LHeuAoKWRt"],"tokens":{"xnorPhAzWXUczCP3KjU5yDxmKKZi5cSbxytQ1LgE3kG":{"tag":"","name":"","mint":"xnorPhAzWXUczCP3KjU5yDxmKKZi5cSbxytQ1LgE3kG","addr":"72Hj2KWntXPfbie4UgKeTPnm1XVkomDfCnRPKbvfTtPi","scale":6},"SRMuApVNdxXokk5GT7XD5cUUgXMBCoAz2LHeuAoKWRt":{"tag":"","name":"","mint":"SRMuApVNdxXokk5GT7XD5cUUgXMBCoAz2LHeuAoKWRt","addr":"6aqJQ5wedqpUt4fFEDUqUmXhrdxCu4bEJsQdVPCADLko","scale":6}},"target_amp":500,"fee_numerator":4,"fee_denominator":10000,"fee_accounts":{"xnorPhAzWXUczCP3KjU5yDxmKKZi5cSbxytQ1LgE3kG":"FXfQxtk9BbpgjuqS8YRs6TDX7QzwhaPwg4GQcmwrS9aT","SRMuApVNdxXokk5GT7XD5cUUgXMBCoAz2LHeuAoKWRt":"FRv4oVoLA8hDfcwVvwtRY7bPPgGK4HcTdrmLmghmgMYG"}}