{"pool_account":"TETFuZgEmET6d9vYmz9iMFCxK1jKdKYxf3oPz8hSzJK","authority":"3LKrJtagDoUGTCzHA6JC18uWwAoMWDbDDKGrz3q46wZV","pool_token_mint":"aeTwxcJhujVCq6rwbJri3s6ViYifsJUCFirMjLHgHZ7","token_ids":["Bn113WT6rbdgwrm12UJtnmNqGqZjY4it2WoUQuQopFVn","AEUT5uFm1D575FVCoQd5Yq891FJEqkncZUbBFoFcAhTV"],"tokens":{"Bn113WT6rbdgwrm12UJtnmNqGqZjY4it2WoUQuQopFVn":{"tag":"","name":"","mint":"Bn113WT6rbdgwrm12UJtnmNqGqZjY4it2WoUQuQopFVn","addr":"Eu1Ze6Z84LWNkq7SNoAHBJbXx5t1P95EwyqYohrfCRFV","scale":9},"AEUT5uFm1D575FVCoQd5Yq891FJEqkncZUbBFoFcAhTV":{"tag":"","name":"","mint":"AEUT5uFm1D575FVCoQd5Yq891FJEqkncZUbBFoFcAhTV","addr":"ASMbv7WNu3qe4pkhREmvyEdwFNDZQ6B6iSrjkj4u8bdC","scale":9}},"target_amp":1000,"fee_numerator":4,"fee_denominator":10000,"fee_accounts":{"Bn113WT6rbdgwrm12UJtnmNqGqZjY4it2WoUQuQopFVn":"36aMFXACrfUkLVgpQFti8iPTEbcrAN2dvQLraVB9ZQi5","AEUT5uFm1D575FVCoQd5Yq891FJEqkncZUbBFoFcAhTV":"FTa81yB333ifUUxFNfw9xrAhJm19sdSwYFNJZMGzA538"}}