{"pool_account":"TSMFNX73aQNb3yqszDKgyR8AVoigfbaD4cfLjjCYXZf","authority":"BdvYL4rH3CqJ6eX6d7iC4snNZZvJQXR67T8dHNTUeSmz","pool_token_mint":"SRMKjSJpBHJ5gSVTrimci49SnXc1LVkBi9TGF9RNYdp","token_ids":["2jXy799YnEcRXneFo2GEAB6SDRsAa767HpWmktRr1DaP","SRMuApVNdxXokk5GT7XD5cUUgXMBCoAz2LHeuAoKWRt"],"tokens":{"2jXy799YnEcRXneFo2GEAB6SDRsAa767HpWmktRr1DaP":{"tag":"","name":"","mint":"2jXy799YnEcRXneFo2GEAB6SDRsAa767HpWmktRr1DaP","addr":"C5uYkVHiFduEFq8S3fr4pgUS24oYj1sjZ8WW2cb4j8SU","scale":6},"SRMuApVNdxXokk5GT7XD5cUUgXMBCoAz2LHeuAoKWRt":{"tag":"","name":"","mint":"SRMuApVNdxXokk5GT7XD5cUUgXMBCoAz2LHeuAoKWRt","addr":"3F5DPU5ScgHiFzePYUHZovvgh3uqmM5keNvbavx2ERqV","scale":6}},"target_amp":150,"fee_numerator":4,"fee_denominator":10000,"fee_accounts":{"2jXy799YnEcRXneFo2GEAB6SDRsAa767HpWmktRr1DaP":"88mcRBksAPnYM74JCiyVKMmEqDKRDFRJ1Ey1wuLBaujT","SRMuApVNdxXokk5GT7XD5cUUgXMBCoAz2LHeuAoKWRt":"2MaiPeRjPZc9gqG3MzeKp9DUMabbJYfV2b9M7YkV8tue"}}