{"pool_account":"TSMUBiuZXEpnqd6X21JRskACqA6oad7MsYddvLbxwDH","authority":"EUVmhYUvcyv4kzRE5heLtsPQWVX47RqGPeX2VMNwVSua","pool_token_mint":"FTXjwjwWqituSXEHnL5VF1mjDhZoAyJqvHiRPsRq3KWK","token_ids":["BFsCwfk8VsEbSfLkkgmoKsAPk2N6FMJjeTsuxfGa9VEf","FTT9GrHBVHvDeUTgLU8FxVJouGqg9uiWGmmjETdm32Sx"],"tokens":{"BFsCwfk8VsEbSfLkkgmoKsAPk2N6FMJjeTsuxfGa9VEf":{"tag":"","name":"","mint":"BFsCwfk8VsEbSfLkkgmoKsAPk2N6FMJjeTsuxfGa9VEf","addr":"CyFL8noR6CKMFBjZPziSmChCKJE1Jtg4hQyMhgWPgH84","scale":9},"FTT9GrHBVHvDeUTgLU8FxVJouGqg9uiWGmmjETdm32Sx":{"tag":"","name":"","mint":"FTT9GrHBVHvDeUTgLU8FxVJouGqg9uiWGmmjETdm32Sx","addr":"5PfKQpBWUayFWSSkwjp1PLr8LiHBrvVB81qfnSP5Dvkb","scale":9}},"target_amp":1000,"fee_numerator":4,"fee_denominator":10000,"fee_accounts":{"BFsCwfk8VsEbSfLkkgmoKsAPk2N6FMJjeTsuxfGa9VEf":"5ffp9o3HssDVgcA4w2a7JToFHwQyiq1QyZP8u9BihnaF","FTT9GrHBVHvDeUTgLU8FxVJouGqg9uiWGmmjETdm32Sx":"9v7LGaDkyiP3TwF6yuUvnVKS6YbtPkUDh7pDHLpvMWj4"}}