{"pool_account":"vEnkoSUkpnbRrPgBz9DfcVxNz67zjwMYBZraAvDDNSf","authority":"2kHUshxGYQLo7RQYdLTM6MXZq118w3TA4oak9dCwsF6B","pool_token_mint":"USDTJZL2vH92K5QeCvQTTzvMXUYAdvk3v46CwZyfsue","token_ids":["Dn4noZ5jgGfkntzcQSUZ8czkreiZ1ForXYoV2H8Dm7S1","Es9vMFrzaCERmJfrF4H2FYD4KCoNkY11McCe8BenwNYB"],"tokens":{"Dn4noZ5jgGfkntzcQSUZ8czkreiZ1ForXYoV2H8Dm7S1":{"tag":"","name":"","mint":"Dn4noZ5jgGfkntzcQSUZ8czkreiZ1ForXYoV2H8Dm7S1","addr":"DtfyjjsZ5yCjWKLKHvwsfXs5QVsmm1QkK6Sh9JZHoq1g","scale":6},"Es9vMFrzaCERmJfrF4H2FYD4KCoNkY11McCe8BenwNYB":{"tag":"","name":"","mint":"Es9vMFrzaCERmJfrF4H2FYD4KCoNkY11McCe8BenwNYB","addr":"e5wrKCRv4GhHvEf1VD5Pq2KGaZDXP77nTL612Jyrxwy","scale":6}},"target_amp":1000,"fee_numerator":4,"fee_denominator":10000,"fee_accounts":{"Dn4noZ5jgGfkntzcQSUZ8czkreiZ1ForXYoV2H8Dm7S1":"GZ6hMANQzo725wXxymdeBNiSdh4p9iSz96mXrkjNZ3tC","Es9vMFrzaCERmJfrF4H2FYD4KCoNkY11McCe8BenwNYB":"3WWb6c76EjCNaKqye9RPh3eyNLzxNJh4FFzEAaEDmVAM"}}