{"pool_account":"WiiQFxXqp8P9Fs1rt9SVcDyA3KUdJmUsog6wnVQAwba","authority":"7SYgkmnr9nFhDw9BUxFc2x2ZwY98NYfvMtMLcK67vknQ","pool_token_mint":"AECpyKJWfXVyWnk2d9md5dUj3RuzHRKfQra8MakjuVRz","token_ids":["DdFPRnccQqLD4zCHrBqdY95D6hvw6PLWp9DEXj1fLCL9","JEFFSQ3s8T3wKsvp4tnRAsUBW7Cqgnf8ukBZC4C8XBm1"],"tokens":{"DdFPRnccQqLD4zCHrBqdY95D6hvw6PLWp9DEXj1fLCL9":{"tag":"","name":"","mint":"DdFPRnccQqLD4zCHrBqdY95D6hvw6PLWp9DEXj1fLCL9","addr":"3S2jpqSYxho6wiz3cafhjXruVY8cg4HYa2v3BqBHYFSj","scale":9},"JEFFSQ3s8T3wKsvp4tnRAsUBW7Cqgnf8ukBZC4C8XBm1":{"tag":"","name":"","mint":"JEFFSQ3s8T3wKsvp4tnRAsUBW7Cqgnf8ukBZC4C8XBm1","addr":"Dfe67M6TfrG74gKRtdqys4e6E9QirPD53BkF4FujFjuv","scale":9}},"target_amp":1000,"fee_numerator":4,"fee_denominator":10000,"fee_accounts":{"DdFPRnccQqLD4zCHrBqdY95D6hvw6PLWp9DEXj1fLCL9":"C9k9hNxh8ov1E7GRjipQigN6YpbrncEhYPmPRqK2FGZ5","JEFFSQ3s8T3wKsvp4tnRAsUBW7Cqgnf8ukBZC4C8XBm1":"ERK2MLK2UrZtpjJkqPeYNScqJrhBkjknghfu83KeV86H"}}