{"pool_account":"wrmcMSHFi3sWpAEy4rGDvQb3ezh3PhXoV2xNjgLBkKU","authority":"2ctAWUAM4FUWp3iaHC5kEGktx4ThtC4tfnUEXQzxjFKm","pool_token_mint":"WTHPuMavN9HBvgUafjrL65WqQytQHDwnTAmdFB9whXA","token_ids":["SL819j8K9FuFPL84UepVcFkEZqDUUvVzwDmJjCHySYj","7vfCXTUXx5WJV5JADk17DUJ4ksgau7utNKj4b963voxs"],"tokens":{"SL819j8K9FuFPL84UepVcFkEZqDUUvVzwDmJjCHySYj":{"tag":"","name":"","mint":"SL819j8K9FuFPL84UepVcFkEZqDUUvVzwDmJjCHySYj","addr":"8p4mGnARWPBu6P2Gcw4adodLkNDorrXniZMhaY7eJXUn","scale":8},"7vfCXTUXx5WJV5JADk17DUJ4ksgau7utNKj4b963voxs":{"tag":"","name":"","mint":"7vfCXTUXx5WJV5JADk17DUJ4ksgau7utNKj4b963voxs","addr":"AyY89zccbsgp9LKFgH4CFZMJmpSgqmPSdTfukhP227rc","scale":8}},"target_amp":1000,"fee_numerator":4,"fee_denominator":10000,"fee_accounts":{"SL819j8K9FuFPL84UepVcFkEZqDUUvVzwDmJjCHySYj":"4H6rgXCXBZQ1Zy7pjmc8D6ZAWNFMSY82ZK3p4JTDE73r","7vfCXTUXx5WJV5JADk17DUJ4ksgau7utNKj4b963voxs":"6x4neovpdTXeg9uEWNmuaqThMAmAmavfT8K4teV68P3T"}}