{"pool_account":"YAkoNb6HKmSxQN9L8hiBE5tPJRsniSSMzND1boHmZxe","authority":"5C1k9yV7y4CjMnKv8eGYDgWND8P89Pdfj79Trk2qmfGo","pool_token_mint":"2poo1w1DL6yd2WNTCnNTzDqkC6MBXq7axo77P16yrBuf","token_ids":["EPjFWdd5AufqSSqeM2qN1xzybapC8G4wEGGkZwyTDt1v","Es9vMFrzaCERmJfrF4H2FYD4KCoNkY11McCe8BenwNYB"],"tokens":{"EPjFWdd5AufqSSqeM2qN1xzybapC8G4wEGGkZwyTDt1v":{"tag":"","name":"","mint":"EPjFWdd5AufqSSqeM2qN1xzybapC8G4wEGGkZwyTDt1v","addr":"CfWX7o2TswwbxusJ4hCaPobu2jLCb1hfXuXJQjVq3jQF","scale":6},"Es9vMFrzaCERmJfrF4H2FYD4KCoNkY11McCe8BenwNYB":{"tag":"","name":"","mint":"Es9vMFrzaCERmJfrF4H2FYD4KCoNkY11McCe8BenwNYB","addr":"EnTrdMMpdhugeH6Ban6gYZWXughWxKtVGfCwFn78ZmY3","scale":6}},"target_amp":1000,"fee_numerator":9999,"fee_denominator":100000000,"fee_accounts":{"EPjFWdd5AufqSSqeM2qN1xzybapC8G4wEGGkZwyTDt1v":"XZuQG7CQrAA6y6tHM9CLrDjDUWwuUU2SBoV7pLaGDQT","Es9vMFrzaCERmJfrF4H2FYD4KCoNkY11McCe8BenwNYB":"63aJYYuZddSnCGyE8FNrCVQWnXhjh6CQSRwcDeSMhdVC"}}