{"pool_account":"ZUCKWFa4LTL833dPhhpeeRWZcaAEoMeYJPi2iKn4F8N","authority":"GUotxHmyJVsJYWYoL8Vo6SKQweNRUZMRQcoqDe5PswHt","pool_token_mint":"FRAXXvt2ucEsxYPK4nufDy5zKhb2xysieqRBE1dQTqnK","token_ids":["8L8pDf3jutdpdr4m3np68CL9ZroLActrqwxi6s9Ah5xU","JEFFSQ3s8T3wKsvp4tnRAsUBW7Cqgnf8ukBZC4C8XBm1"],"tokens":{"8L8pDf3jutdpdr4m3np68CL9ZroLActrqwxi6s9Ah5xU":{"tag":"","name":"","mint":"8L8pDf3jutdpdr4m3np68CL9ZroLActrqwxi6s9Ah5xU","addr":"7eEYpq6ShaJ9opZWMxitRFrdCHh6vfyHhGfoSvFht3N2","scale":9},"JEFFSQ3s8T3wKsvp4tnRAsUBW7Cqgnf8ukBZC4C8XBm1":{"tag":"","name":"","mint":"JEFFSQ3s8T3wKsvp4tnRAsUBW7Cqgnf8ukBZC4C8XBm1","addr":"H8VggnHmuwd1wvwpT8eg9cUJFEfZ7HAaeYjgXrSm7A2u","scale":9}},"target_amp":100,"fee_numerator":4,"fee_denominator":10000,"fee_accounts":{"8L8pDf3jutdpdr4m3np68CL9ZroLActrqwxi6s9Ah5xU":"6zDvg7GVQuddPkhyT1wBHYanXEUchDkaiigzQgY1BGa6","JEFFSQ3s8T3wKsvp4tnRAsUBW7Cqgnf8ukBZC4C8XBm1":"GYJ4r6sSE4eMevkhpGxoYXG92W2xb1khCQF7uLaMsm3o"}}